cat_code,category,id,ingame_name,class,rarity,rarity_source,rarity_vallode,rarity_guide,rarity_daigo_owned,G_weapon,rarity_9or10,attack_display,class_multiplier,true_raw,affinity,weapon_slots,element,element_true,sharpness,sharpness_plus1,improve_from,create_cost,create_materials,improve_cost,improve_materials,alt_create_materials,improve_to,reload,recoil,max_attack,rapid_fire,ammo_summary,bow_coatings,bow_charge_shots,armor_skills,name_eu_build
5,blademaster_weapon,0,Nothing equipped.,,,,,,,,,,,,,,,,,,,,,,,,,,,,,,,,,
5,blademaster_weapon,1,Carbalite Sword,great-sword,6,vallode,6,,,,N,912,4.8,190,0%,0,,,"8,3,11,3","8,3,11,8",Chrome Razor,25000,Carbalite Ore x5; Iron Ore x50; Machalite Ore x20,25000,Carbalite Ore x3; Dragonite Ore x5; Machalite Ore x10,Plus Class Ticket x1; Carbalite Ore x1,Carbalite Sword+; Bronze Coin; Guardian Sword,,,,,,,,,
5,blademaster_weapon,2,Carbalite Sword+,great-sword,6,vallode,6,,,,N,912,4.8,190,0%,0,,,"8,3,11,3","8,3,11,8",Chrome Razor,25000,Carbalite Ore x5; Iron Ore x50; Machalite Ore x20,25000,Carbalite Ore x3; Dragonite Ore x5; Machalite Ore x10,Plus Class Ticket x1; Carbalite Ore x1,Carbalite Sword+; Bronze Coin; Guardian Sword,,,,,,,,,
5,blademaster_weapon,3,Buster Sword,great-sword,1,vallode,1,,,,N,288,4.8,60,0%,0,,,"5,3,7","5,3,9,3",,500,Iron Ore x1; Disk Stone x3,,,,Buster Sword+; White Serpentblade; Blango Destroyer,,,,,,,,,
5,blademaster_weapon,4,Cat's Soul,great-sword,3,vallode,3,,,,N,480,4.8,100,0%,1,Paralysis 200,Paralysis 20,"13,1,6,5","13,1,6,10",Buster Blade,,,2150,Pawprint Stamp x1; Paralysis Sac x4; FlynMealPassReg x2,,Cat's Curse,,,,,,,,,
5,blademaster_weapon,5,Supremacy Blade,long-sword,5,vallode,5,,,,N,960,4.8,200,0%,1,,,"8,3,11,8","8,3,11,10,3","Bone Katana ""Dragon""",,,40000,Daora Tail x4; Teostra Tail x4; Striped Skin x10,,Divine Slasher,,,,,,,,,
5,blademaster_weapon,6,Buster Blade,great-sword,1,vallode,1,,,,N,480,4.8,100,0%,0,,,"5,2,9,3","5,2,9,8",Buster Sword+,,,1400,Iron Ore x6; Machalite Ore x1; Earth Crystal x5,,Ravager Blade; Cat's Soul,,,,,,,,,
5,blademaster_weapon,7,Blue Wing,great-sword,4,vallode,4,,,,N,720,4.8,150,10%,1,Fire 380,Fire 38,"8,3,11,8","8,3,11,10,3",Red Wing,,,6350,Azure Rthlos Shl x3; Rathalos Webbing x3; Flame Sac x3,,Shiny Rathalos Sword,,,,,,,,,
5,blademaster_weapon,8,Ravager Blade,great-sword,2,vallode,2,,,,N,576,4.8,120,0%,0,,,"8,3,11,3","8,3,11,8",Buster Blade,2150,Earth Crystal x15; Iron Ore x15; Ice Crystal x15,2150,Iron Ore x10; Machalite Ore x5; Earth Crystal x10,,Ravager Blade+; Khezu Shock Sword,,,,,,,,,
5,blademaster_weapon,9,Lacerator Blade,great-sword,7,vallode,7,,,,N,1104,4.8,230,0%,1,,,"16,3,2,9","16,3,2,9,5",Carbalite Sword+,,,55000,Azure Rthlos Cpc x2; Tigrex Claw+ x5; Carbalite Ore x10,,Master Blaze,,,,,,,,,
5,blademaster_weapon,10,Iron Katana,long-sword,1,vallode,1,,,,N,480,4.8,100,0%,0,,,"5,3,7","5,3,9,3",Buster Sword+,1400,Machalite Ore x3; Iron Ore x8; Carpenterbug x8; Ice Crystal x8,1400,Iron Ore x5; Machalite Ore x1; Disk Stone x5,Hard Ticket x1; Iron Ore x1,"Iron Katana ""Grace""",,,,,,,,,
5,blademaster_weapon,11,"Iron Katana ""Grace""",long-sword,2,vallode,2,,,,N,528,4.8,110,0%,0,,,"5,3,9,3","5,3,9,8",Iron Katana,,,1750,Iron Ore x10; Machalite Ore x5; Earth Crystal x10,,"Iron Katana ""Gospel""; Dark Scythe",,,,,,,,,
5,blademaster_weapon,12,"Iron Katana ""Gospel""",long-sword,2,vallode,2,,,,N,576,4.8,120,0%,0,,,"13,1,6,5","13,1,6,10","Iron Katana ""Grace""",,,2150,Iron Ore x15; Machalite Ore x12; Earth Crystal x15,,Eager Cleaver; Saber; Mirage Finsword,,,,,,,,,
5,blademaster_weapon,13,"Bone Katana ""Wolf""",long-sword,1,vallode,1,,,,N,528,4.8,110,0%,0,,,"8,3,4","8,3,9",Large Bone,1750,Velocidrome Hide x2; Med Monster Bone x4; Machalite Ore x3; Giadrome Claw x2,1750,Med Monster Bone x2; Velociprey Fang x5; Velociprey Hide x5,,"Bone Katana ""Shark""",,,,,,,,,
5,blademaster_weapon,14,"Bone Katana ""Shark""",long-sword,2,vallode,2,,,,N,576,4.8,120,0%,0,,,"8,3,9","8,3,11,3","Bone Katana ""Wolf""",,,2150,Machalite Ore x2; Piscine Fang x4; Giaprey Scale x8,,"Bone Katana ""Dragon""; Wyvern Blade ""Fall""; Wyvern Blade ""Leaf""",,,,,,,,,
5,blademaster_weapon,15,"Bone Katana ""Dragon""",long-sword,2,vallode,2,,,,N,672,4.8,140,0%,0,,,"8,3,11,3","8,3,11,8","Bone Katana ""Shark""",,,3100,Lightcrystal x2; Wyvern Fang x5; Velocidrome Hide x6,,Supremacy Blade; Fire Dragonsword,,,,,,,,,
5,blademaster_weapon,16,Black Katana Mk.I,long-sword,3,vallode,3,,,,N,576,4.8,120,0%,1,,,"5,3,9,13","5,3,9,14,4",Large Bone,,,2600,Hornetaur Head x2; Hornetaur Wing x10; Demondrug x3,,Black Katana Mk.II,,,,,,,,,
5,blademaster_weapon,17,Black Katana Mk.II,long-sword,4,vallode,4,,,,N,624,4.8,130,10%,1,,,"5,3,9,14,4","5,3,9,14,6,3",Black Katana Mk.I,,,3650,Hornetaur Shell x15; Vespoid Shell x10; Hercudrome x3,,Black Katana Mk.III,,,,,,,,,
5,blademaster_weapon,18,Defender,great-sword,2,vallode,2,,,,N,432,4.8,90,0%,0,,,"3,7,5","3,7,10",Buster Sword+,,,1400,Iron Ore x10; Disk Stone x10; Machalite Ore x2,,Sentinel,,,,,,,,,
5,blademaster_weapon,19,"Wyvern Blade ""Blood""",long-sword,5,vallode,5,,,,N,768,4.8,160,0%,0,Fire 250,Fire 25,"13,1,6,10","13,1,6,13,2","Wyvern Blade ""Fall""",,,7150,Rathalos Wing x1; Rathalos Webbing x3; Tigrex Claw x4,,"Wyvern Blade ""Maple""",,,,,,,,,
5,blademaster_weapon,20,Sentinel,great-sword,2,vallode,2,,,,N,576,4.8,120,0%,1,,,"3,7,10","3,7,15",Defender,,,2600,Iron Ore x20; Earth Crystal x15; Machalite Ore x8,,Barbaroi Blade; Halberd,,,,,,,,,
5,blademaster_weapon,21,Halberd,great-sword,4,vallode,4,,,,N,864,4.8,180,0%,0,,,"12,11,2","12,11,5,2",Sentinel,4250,Dragonite Ore x8; Iron Ore x30; Monster Bone+ x2; Hercudrome x3,4250,Dragonite Ore x4; Iron Ore x15; Med Monster Bone x15,,Judgment,,,,,,,,,
5,blademaster_weapon,22,"Wyvern Blade ""Leaf""",long-sword,3,vallode,3,,,,N,528,4.8,110,0%,1,Poison 250,Poison 25,"13,1,6,5","13,1,6,10","Bone Katana ""Shark""",2600,Rathian Scale x2; Rathian Shell x5; Firewyvern Fluid x20,2600,FireWyvern Fluid x3; Machalite Ore x10; Poison Sac x5,,"Wyvern Blade ""Verde""",,,,,,,,,
5,blademaster_weapon,23,Judgment,great-sword,6,vallode,6,,6,,N,1056,4.8,220,0%,0,,,"5,3,9,3","5,3,9,8",Halberd,,,40000,Carbalite Ore x5; Machalite Ore x20; King Scarab x5,,,,,,,,,,,
5,blademaster_weapon,24,Executioner,great-sword,4,vallode,4,,,,N,816,4.8,170,0%,0,,,"18,2,5","18,2,7,3",Golem Blade+,4250,Plus Class Ticket x1; Hercudrome x1; Monster Bone+ x1,4250,Lg Monster Bone x10; Hercudrome x3; Dragonite Ore x5,Plus Class Ticket x1; Hercudrome x1; Monster Bone+ x1,Executioner+; Agito; Kirin Thundersword; Sword of the Diablos,,,,,,,,,
5,blademaster_weapon,25,Executioner+,great-sword,4,vallode,4,,,,N,816,4.8,170,0%,0,,,"18,2,5","18,2,7,3",Golem Blade+,4250,Plus Class Ticket x1; Hercudrome x1; Monster Bone+ x1,4250,Lg Monster Bone x10; Hercudrome x3; Dragonite Ore x5,Plus Class Ticket x1; Hercudrome x1; Monster Bone+ x1,Executioner+; Agito; Kirin Thundersword; Sword of the Diablos,,,,,,,,,
5,blademaster_weapon,26,Dark Scythe,long-sword,3,vallode,3,,,,N,624,4.8,130,-10%,0,,,"12,11,5,2","12,11,5,4,3","Iron Katana ""Grace""",2150,Lg Monster Bone x6; Bulldrome Tusk x3; Knife Mackerel x8; Monster Fluid x4,2150,Piscine Fang x8; Killer Beetle x3; Unknown Skull x2,,Tormentor; Crimson Scythe,,,,,,,,,
5,blademaster_weapon,27,Tormentor,long-sword,4,vallode,4,,,,N,960,4.8,200,-10%,0,,,"18,2,7,3","18,2,7,7,1",Dark Scythe,5600,Plus Class Ticket x1; Black Blos Spine x1,5600,Eldr Dragon Bone x5; Black Blos Shell x4; Black Blos Spine x4,,Scythe of Menace; Crab Cutter,,,,,,,,,
5,blademaster_weapon,28,Bone Blade,great-sword,1,vallode,1,,,,N,336,4.8,70,0%,0,,,"9,4,2","9,4,7",,500,Sm Monster Bone x3,,,,Bone Blade+,,,,,,,,,
5,blademaster_weapon,29,Bone Blade+,great-sword,1,vallode,1,,,,N,336,4.8,70,0%,0,,,"9,4,2","9,4,7",,500,Sm Monster Bone x3,,,,Bone Blade+,,,,,,,,,
5,blademaster_weapon,30,Agito,great-sword,6,vallode,6,,,,N,960,4.8,200,0%,0,,,"9,4,11,1","9,4,11,6",Executioner,25000,Hrd Monster Bone x5; Med Monster Bone x20; Lg Monster Bone x10,25000,Hrd Monster Bone x2; Monster Bone+ x5; Lg Monster Bone x8,Plus Class Ticket x1; Hrd Monster Bone x1,Wyvern Agito; Rusty Claymore,,,,,,,,,
5,blademaster_weapon,31,Black Katana Mk.III,long-sword,6,vallode,6,,,,N,720,4.8,150,15%,2,,,"5,3,9,14,6,3","5,3,9,14,6,5,3",Black Katana Mk.II,,,55000,Hornetaur Head x6; HornetaurInnrWng x10; King Scarab x5,,Lost Black Katana,,,,,,,,,
5,blademaster_weapon,32,Wyvern Agito,great-sword,6,vallode,6,,,,N,1008,4.8,210,0%,0,,,"9,4,11,6","9,4,11,7,4",Agito,,,35000,Cephalos Scale+ x5; Hrd Monster Bone x3; Piscine Fang x20,,True Dragon's Jaw; Demon Rod,,,,,,,,,
5,blademaster_weapon,33,Red Stripe,great-sword,2,vallode,2,,,,N,624,4.8,130,0%,0,,,"3,7,5","3,7,10",Bone Blade+,2150,Sm Hermitaur Shl x5; Brute Bone x2; Sharp Claw x3; Black Pearl x1,2150,Sm Monster Bone x4; Anteka Antlers x3; Sm Hermitaur Shl x3,,Red Pincer; Ceanataur Blade,,,,,,,,,
5,blademaster_weapon,34,Golem Blade,great-sword,2,vallode,2,,,,N,528,4.8,110,0%,2,,,"3,7,15","3,7,18,2",Bone Slasher,1750,Lg Monster Bone x3; Brute Bone x8; Sharp Claw x6; Carpenterbug x10,1750,Med Monster Bone x2; Sharp Claw x6; Monster Fluid x1,,Golem Blade+,,,,,,,,,
5,blademaster_weapon,35,Valkyrie Blade,great-sword,3,vallode,3,,,,N,624,4.8,130,0%,2,,,"8,3,11,3","8,3,11,8",Golem Blade+,3100,Rathian Scale x4; Rathian Shell x3; FireWyvern Fluid x4; Mega Demondrug x1,3100,FireWyvern Fluid x3; Wyvern Fang x5; Giant Bone x3,,Sieglinde; Titernia; Spartacus Blade,,,,,,,,,
5,blademaster_weapon,36,Sieglinde,great-sword,5,vallode,5,,5,,N,912,4.8,190,0%,2,,,"16,3,2,9","16,3,2,9,5",Valkyrie Blade,,,8000,Rathian Shell x3; Rathian Scale x6; Rathian Spike x2,,,,,,,,,,,
5,blademaster_weapon,37,Dragonslayer,great-sword,5,vallode,5,,,,N,624,4.8,130,0%,0,Dragon 460,Dragon 46,"5,3,9,8","5,3,9,13",,5600,Lao-Shan's Scale x8; DaoraDragonScale x8; Fire Dragon Scl x8; Tigrex Scale x8,,,,Eternal Annihilator,,,,,,,,,
5,blademaster_weapon,38,Red Pincer,great-sword,3,vallode,3,,,,N,720,4.8,150,0%,2,,,"3,7,15","3,7,18,2",Red Stripe,,,3100,Hermitaur Claw x2; Hermitaur Shell x5; Giant Bone x2,,Great Pincer,,,,,,,,,
5,blademaster_weapon,39,Finblade,great-sword,2,vallode,2,,,,N,480,4.8,100,0%,0,Water 260,Water 26,"8,3,4","8,3,9",Bone Slasher,2150,Cephalos Scale x4; Springnight Carp x2; Piscine Fang x2; Monster Fluid x3,2150,Cephalos Fin x2; Lg Monster Bone x2; Machalite Ore x3,,Plesioth Watersword,,,,,,,,,
5,blademaster_weapon,40,Ceanataur Blade,great-sword,4,vallode,4,,,,N,720,4.8,150,0%,0,,,"5,3,9,8","5,3,9,13",Red Stripe,,,3650,Ceanataur Leg x2; Ceanataur Shell x5; Knife Mackerel x10,,Blue Claw Blade,,,,,,,,,
5,blademaster_weapon,41,Plesioth Watersword,great-sword,3,vallode,3,,,,N,576,4.8,120,0%,0,Water 390,Water 39,"13,1,6,5","13,1,6,10",Finblade,,,3650,Plesioth Fin x3; Plesioth Scale x4; Mega Demondrug x1,,Plesioth Crystasword,,,,,,,,,
5,blademaster_weapon,42,Red Wing,great-sword,3,vallode,3,,,,N,528,4.8,110,0%,1,Fire 150,Fire 15,"8,3,11,3","8,3,11,8",Bone Slasher,2150,Rathalos Scale x2; Fire Wyvern Claw x2; FireWyvern Fluid x4; Flame Sac x4,2150,FireWyvern Fluid x3; Lg Monster Bone x4; Flame Sac x2,,Rathalos Firesword; Blue Wing,,,,,,,,,
5,blademaster_weapon,43,Rathalos Firesword,great-sword,5,vallode,5,,5,,N,768,4.8,160,0%,1,Fire 420,Fire 42,"7,2,10,7","7,2,10,7,2",Red Wing,,,8000,Rathalos Wing x2; FireWyvrn Marrow x3; Fire Wyvern Claw x5,,,,,,,,,,,
5,blademaster_weapon,44,Rusted Great Sword,great-sword,1,vallode,1,,,,N,432,4.8,90,0%,0,,,"18,2","18,2,5",,1000,Flat Ruststone x1,,,,Tarnished Great Swd,,,,,,,,,
5,blademaster_weapon,45,Tarnished Great Swd,great-sword,1,vallode,1,,,,N,528,4.8,110,0%,0,,,"18,2,5","18,2,7,3",Rusted Great Sword,,,2500,Earth Crystal x20,,Ancient Blade; Steel Ice Blade,,,,,,,,,
5,blademaster_weapon,46,Blue Claw Blade,great-sword,4,vallode,4,,,,N,816,4.8,170,0%,0,,,"5,3,9,13","5,3,9,14,4",Ceanataur Blade,,,4900,Ceanataur Pincer x1; Ceanataur Claw x3; Monster Bone+ x2,,Killer's Scythe,,,,,,,,,
5,blademaster_weapon,47,Ancient Blade,great-sword,5,vallode,5,,5,,N,864,4.8,180,-20%,0,Dragon 100,Dragon 10,"16,3,2,9","16,3,2,9,5",Tarnished Great Swd,,,40000,Earth Crystal x40; ElderDragonBlood x1,,,,,,,,,,,
5,blademaster_weapon,48,Bone,long-sword,1,vallode,1,,,,N,336,4.8,70,0%,0,,,"13,1,1","13,1,6",,500,Bone x2,,,,Large Bone,,,,,,,,,
5,blademaster_weapon,49,Dragonwood L.Sword,long-sword,5,vallode,5,,,,N,576,4.8,120,0%,0,Paralysis 190,Paralysis 19,"3,7,18,2","3,7,18,4,3",,20,Dragonwood x3; Dragonmoss x1; Chaos Mushroom x10; Thunderbug x15,,,,Fanatic Dragonwd LS,,,,,,,,,
5,blademaster_weapon,50,Fire Dragonsword,long-sword,5,vallode,5,,,,N,720,4.8,150,0%,1,Dragon 350,Dragon 35,"16,3,2,4","16,3,2,9","Bone Katana ""Dragon""",6350,Lao-Shan's Horn x1; Lao-Shan's Claw x2; Firestone x10; Commendation x5,6350,Lao-Shan's Horn x1; Firestone x5; ElderDragonBlood x2,,Red Dragonsword,,,,,,,,,
5,blademaster_weapon,51,Red Dragonsword,long-sword,5,vallode,5,,,,N,768,4.8,160,0%,1,Dragon 450,Dragon 45,"16,3,2,9","16,3,2,9,5",Fire Dragonsword,,,40000,Lao-Shan's Horn x3; Firestone x8; Teostra Horn x3,,Smolder Dragonsword,,,,,,,,,
5,blademaster_weapon,52,Buster Sword+,great-sword,1,vallode,1,,,,N,288,4.8,60,0%,0,,,"5,3,7","5,3,9,3",,500,Iron Ore x1; Disk Stone x3,,,,Buster Sword+; White Serpentblade; Blango Destroyer,,,,,,,,,
5,blademaster_weapon,53,Sword of the Diablos,great-sword,5,vallode,5,,,,N,912,4.8,190,-10%,0,,,"9,4,11,6","9,4,11,7,4",Executioner,,,5600,TwstBlkBlosHrn x2; Diablos Tail x3; Black Blos Tail x3,,Diablo Destroyer,,,,,,,,,
5,blademaster_weapon,54,Vile Serpentblade,great-sword,2,vallode,2,,,,N,528,4.8,110,0%,1,,,"5,3,9,13","5,3,9,14,4",Silver Serpentblade,,,2150,Velocidrome Claw x4; Velocidrome Hide x5; Velociprey Scale x10,,Deadly Serpentblade,,,,,,,,,
5,blademaster_weapon,55,Iron Devil,hammer,6,vallode,6,,,,N,988,5.2,190,0%,0,,,"9,2,13,1","9,2,13,6",Anvil Hammer,25000,Carbalite Ore x5; Iron Ore x50; Disk Stone x30,25000,Carbalite Ore x3; Iron Ore x30; Dragonite Ore x5,Plus Class Tcket x1; Carbalite Ore x1,Great Demon Hammer; Fist of Fury,,,,,,,,,
5,blademaster_weapon,56,War Hammer+,hammer,1,vallode,1,,,,N,312,5.2,60,0%,0,,,"9,2,4","9,2,9",,500,Iron Ore x3; Disk Stone x1,,,,War Hammer+,,,,,,,,,
5,blademaster_weapon,57,War Hammer,hammer,1,vallode,1,,,,N,312,5.2,60,0%,0,,,"9,2,4","9,2,9",,500,Iron Ore x3; Disk Stone x1,,,,War Hammer+,,,,,,,,,
5,blademaster_weapon,58,Torment Hammer,hammer,6,vallode,6,,,,N,884,5.2,170,0%,1,Fire 250,Fire 25,"8,7,7,8","8,7,7,11,2",Graviton Hammer,,,45000,Blk Gravios Shl x8; Carbalite Ore x20; Inferno Sac x4,,Torment (Purgatory),,,,,,,,,
5,blademaster_weapon,59,War Mace,hammer,1,vallode,1,,,,N,468,5.2,90,0%,0,,,"3,2,10","3,2,15",War Hammer+,,,1100,Iron Ore x10; Disk Stone x5,,Iron Striker; Anchor Hammer; Black Cauldron; Bone Axe; Metal Bagpipe,,,,,,,,,
5,blademaster_weapon,60,Iron Striker,hammer,2,vallode,2,,,,N,624,5.2,120,0%,0,,,"9,2,13,1","9,2,13,6",War Mace,2150,Earth Crystal x10; Iron Ore x20; Disk Stone x20,2150,Iron Ore x12; Machalite Ore x5; Earth Crystal x3,,Iron Striker+; Gunhammer Prototype,,,,,,,,,
5,blademaster_weapon,61,Bull Head Hammer,hammer,3,vallode,3,,,,N,624,5.2,120,0%,1,,,"8,7,5","8,7,7,3",Bull Hammer,,,2150,Bulldrome Hide x2; Bulldrome Tusk x2; Giant Bone x1,,Bull Tusk Hammer,,,,,,,,,
5,blademaster_weapon,62,Diablos Hammer,hammer,6,vallode,6,,,,N,1092,5.2,210,-10%,0,,,"10,1,3,16","10,1,3,17,4",Hard Bone Hammer+,,,45000,Blood Red Horn x1; TwstBlkBlosHrn x1; Black Blos Cpc x6,,Diablo Chaos Broker,,,,,,,,,
5,blademaster_weapon,63,Iron Impact,hammer,7,vallode,7,,,,N,1092,5.2,210,0%,3,,,"6,4,8,12","6,4,8,12,5",Great Demon Hammer,,,55000,Union Ore x25; Iron Ore x50; Novacrystal x5,,Iron Repellant; Icy Impact,,,,,,,,,
5,blademaster_weapon,64,Spiked Hammer,hammer,2,vallode,2,,,,N,520,5.2,100,0%,0,,,"10,1,3,1","10,1,3,6",War Hammer+,,,1400,Iron Ore x10; Needleberry x10; Carpenterbug x5,,Spiked Hammer+,,,,,,,,,
5,blademaster_weapon,65,Spiked Hammer+,hammer,2,vallode,2,,,,N,520,5.2,100,0%,0,,,"10,1,3,1","10,1,3,6",War Hammer+,,,1400,Iron Ore x10; Needleberry x10; Carpenterbug x5,,Spiked Hammer+,,,,,,,,,
5,blademaster_weapon,66,Crystal Hammer,hammer,3,vallode,3,,,,N,676,5.2,130,0%,1,,,"8,7,7,3","8,7,7,8",Spiked Hammer+,2600,Lightcrystal x2; Iron Ore x25; Ice Crystal x7; Carpenterbug x10,2600,Lightcrystal x1; Machalite Ore x8; Killer Beetle x6,,Crystal Nova,,,,,,,,,
5,blademaster_weapon,67,Crystal Nova,hammer,4,vallode,4,,,,N,780,5.2,150,0%,1,,,"8,7,7,8","8,7,7,11,2",Crystal Hammer,,,3650,Lightcrystal x3; Rainbow Ore x2; Ice Crystal x10,,Great Nova; Gigaton Hammer,,,,,,,,,
5,blademaster_weapon,68,Anvil Hammer,hammer,5,vallode,5,,6,,N,884,5.2,170,0%,1,,,"3,2,17,8","3,2,17,12,1",Iron Striker+,,,6350,Gravios Shell x2; Dragonite Ore x10; Iron Ore x30,,Onslaught Hammer; War Stamp; Bronze Bell; Sakura Recorder; Iron Devil,,,,,,,,,
5,blademaster_weapon,69,Venom Monster,hammer,3,vallode,3,,,,N,572,5.2,110,10%,1,Poison 260,Poison 26,"14,4,6,6","14,4,6,7,4",Kut-Ku Jaw,,,3100,Rubbery Hide x10; Poison Sac x5; Gypceros Head x1,,Death Venom Hammer,,,,,,,,,
5,blademaster_weapon,70,Bone Axe,hammer,2,vallode,2,,,,N,624,5.2,120,0%,1,,,"6,4,5","6,4,8,2",War Mace,,,2150,Med Monster Bone x3; Sm Monster Bone x3; Monster Fluid x1,,Bone Broadaxe,,,,,,,,,
5,blademaster_weapon,71,Lobster Hammer,hammer,6,vallode,6,,,,N,936,5.2,180,0%,1,Water 200,Water 20,"6,4,8,7","6,4,8,12",Hard Bone Hammer,,,30000,Sm Lobstershell x4; Iodrome Hide x10; Carbalite Ore x10,,King Lobster Hammer,,,,,,,,,
5,blademaster_weapon,72,Bone Broadaxe,hammer,4,vallode,4,,,,N,936,5.2,180,5%,2,,,"14,4,6,1","14,4,6,6",Bone Axe,,,5600,Monster Bone+ x2; Lg Monster Bone x4; Tigrex Shell x4,,Bone Great Axe,,,,,,,,,
5,blademaster_weapon,73,Gigaton Hammer,hammer,4,vallode,4,,,,N,832,5.2,160,-10%,1,,,"6,4,8,2","6,4,8,7",Crystal Nova,,,4250,Gravios Skl Shl x1; Basarios Shell x4; Machalite Ore x10,,Titan Hammer,,,,,,,,,
5,blademaster_weapon,74,Anchor Hammer,hammer,3,vallode,3,,,,N,572,5.2,110,0%,1,Water 100,Water 10,"9,2,13,1","9,2,13,6",War Mace,,,2150,Speartuna x1; Cephalos Fin x2; Disk Stone x20,,Anchor Hammer+,,,,,,,,,
5,blademaster_weapon,75,Conehead Hammer,hammer,2,vallode,2,,,,N,416,5.2,80,0%,0,Ice 180,Ice 18,"3,2,10","3,2,15",Cyclo-Hammer,,,1400,Blango Pelt x6; Iron Ore x6; Unknown Skull x1,,Conehead Hammer+,,,,,,,,,
5,blademaster_weapon,76,Raven Torrent,hammer,5,vallode,5,,,,N,728,5.2,140,20%,1,,,"14,4,6,6","14,4,6,7,4",Kut-Ku Jaw,10000,Sharpened Beak x2; Garuga Mane x4; Garuga Scale x8,10000,Sharpened Beak x1; Garuga Ear x2; Garuga Mane x3,,Wolf Torrent,,,,,,,,,
5,blademaster_weapon,77,Graviton Hammer,hammer,5,vallode,5,,,,N,780,5.2,150,0%,2,Poison 180,Poison 18,"14,4,6,6","14,4,6,7,4",Shell Hammer,,,4900,Gravios Shell x10; Machalite Ore x10; Chameleos Claw x1,,Torment Hammer; Crater Maker,,,,,,,,,
5,blademaster_weapon,78,Hard Bone Hammer,hammer,6,vallode,6,,,,N,1040,5.2,200,0%,0,,,"5,4,14,2","5,4,14,7",Kut-Ku Pick,25000,Stout Bone x5; Giant Bone x20; Sm Monster Bone x60; Iron Ore x15,25000,Stout Bone x2; Eldr Dragon Bone x5; Brute Bone x60,Plus Class Tcket x1; Stout Bone x1,Hard Bone Hammer+; Lobster Hammer,,,,,,,,,
5,blademaster_weapon,79,Hard Bone Hammer+,hammer,6,vallode,6,,,,N,1040,5.2,200,0%,0,,,"5,4,14,2","5,4,14,7",Kut-Ku Pick,25000,Stout Bone x5; Giant Bone x20; Sm Monster Bone x60; Iron Ore x15,25000,Stout Bone x2; Eldr Dragon Bone x5; Brute Bone x60,Plus Class Tcket x1; Stout Bone x1,Hard Bone Hammer+; Lobster Hammer,,,,,,,,,
5,blademaster_weapon,80,Cyclo-Hammer,hammer,1,vallode,1,,,,N,468,5.2,90,0%,0,,,"5,4,6","5,4,11",Bone Club,1100,Hard Ticket x1; Sm Monster Bone x1,1750,Brute Bone x3; Sm Monster Bone x3,,Atlas Hammer; Skullcrusher; Conehead Hammer; Bone Horn,,,,,,,,,
5,blademaster_weapon,81,Dragonhead Hammer,hammer,3,vallode,3,,,,N,676,5.2,130,0%,2,,,"19,2,5,4","19,2,5,7,2",Skullcrusher+,2600,Wyvern Skull Shl x2; Lg Monster Bone x3; Unknown Skull x5; Killer Beetle x10,2600,Wyvern Skull Shl x1; Giant Bone x3; Unknown Skull x3,,Ancient Relic; Basarios Blow,,,,,,,,,
5,blademaster_weapon,82,Atlas Hammer,hammer,2,vallode,2,,,,N,572,5.2,110,0%,0,,,"5,4,11","5,4,14,2",Cyclo-Hammer,,,1750,Giant Bone x2; Sm Monster Bone x10,,Kut-Ku Jaw; Jail Hammer; Khezu Horn,,,,,,,,,
5,blademaster_weapon,83,Skullcrusher,hammer,2,vallode,2,,,,N,520,5.2,100,0%,0,,,"3,2,10","3,2,15",Cyclo-Hammer,,,1400,Med Monster Bone x2; Sharp Claw x8; Monster Fluid x1,,Skullcrusher+,,,,,,,,,
5,blademaster_weapon,84,Skullcrusher+,hammer,2,vallode,2,,,,N,520,5.2,100,0%,0,,,"3,2,10","3,2,15",Cyclo-Hammer,,,1400,Med Monster Bone x2; Sharp Claw x8; Monster Fluid x1,,Skullcrusher+,,,,,,,,,
5,blademaster_weapon,85,Kut-Ku Jaw,hammer,3,vallode,3,,,,N,676,5.2,130,0%,0,,,"5,4,14,2","5,4,14,7",Atlas Hammer,2600,Giant Beak x1; Piscine Fang x5; Kut-Ku Scale x5; Mega Demondrug x1,2600,Giant Beak x1; Sharp Claw x5; Monster Fluid x2,,Kut-Ku Pick; Raven Torrent; Dynamic Hammer; Venom Monster,,,,,,,,,
5,blademaster_weapon,86,Great Cone,hammer,7,vallode,7,,,,N,884,5.2,170,0%,2,Ice 400,Ice 40,"3,2,17,12,1","3,2,17,12,4,2",Conehead Hammer+,,,50000,Blangonga Fang+ x5; Blangonga Pelt+ x10; Master's Skull x1,,Desert Cone,,,,,,,,,
5,blademaster_weapon,87,Titan Hammer,hammer,5,vallode,5,,6,,N,1040,5.2,200,-15%,1,,,"8,7,7,3","8,7,7,8",Gigaton Hammer,,,8000,Gravios Shell x10; Gaoren Shell x4; Machalite Ore x15,,,,,,,,,,,
5,blademaster_weapon,88,Basarios Blow,hammer,4,vallode,4,,,,N,780,5.2,150,0%,0,,,"3,2,17,8","3,2,17,12,1",Dragonhead Hammer,,,4900,Basarios Wing x1; Basarios Shell x6; Eldr Dragon Bone x3,,Basarios Bash,,,,,,,,,
5,blademaster_weapon,89,Diablos Maul,hammer,4,vallode,4,,4,,N,832,5.2,160,0%,0,,,"6,4,8,7","6,4,8,12",Skullcrusher+,4250,Diablos Tail x1; Monoblos Shell x4; Eldr Dragon Bone x2; Earth Crystal x20,4250,Monoblos Shell x6; Lg Monster Bone x5; Machalite Ore x8,,Finishing Hammer,,,,,,,,,
5,blademaster_weapon,90,Jail Hammer,hammer,3,vallode,3,,,,N,624,5.2,120,0%,1,Paralysis 190,Paralysis 19,"14,4,6,1","14,4,6,6",Atlas Hammer,,,3100,Machalite Ore x6; Thunderbug x12; Rubbery Hide x3,,Binder Mace,,,,,,,,,
5,blademaster_weapon,91,Jadite Mace,hammer,5,vallode,5,,,,N,780,5.2,150,0%,0,Fire 260,Fire 26,"8,7,7,3","8,7,7,8",Tarnished Hammer,,,35000,Lunastra Horn x3; Lunastra Shell x3; Firestone x7,,Jade Mace,,,,,,,,,
5,blademaster_weapon,92,Jade Mace,hammer,5,vallode,5,,,,N,832,5.2,160,0%,1,Fire 300,Fire 30,"9,2,13,6","9,2,13,7,4",Jadite Mace,,,50000,Fire Drgn Webbng x4; Teostra Shell x5; ElderDragonBlood x2,,Lunastra's Crown,,,,,,,,,
5,blademaster_weapon,93,Gunhammer Prototype,hammer,3,vallode,3,,,,N,572,5.2,110,0%,0,Fire 300,Fire 30,"10,1,3,6","10,1,3,11",Iron Striker,3100,FireWyvern Fluid x4; Machalite Ore x20; Flame Sac x1; Gunpowder x20,3100,FireWyvern Fluid x2; Machalite Ore x15; Gunpowder x10,,Dead Revolver,,,,,,,,,
5,blademaster_weapon,94,Dead Revolver,hammer,5,vallode,5,,,,N,728,5.2,140,0%,2,Fire 400,Fire 40,"10,1,3,16","10,1,3,17,4",Gunhammer Prototype,,,6350,Dragonite Ore x15; FireWyvrn Marrow x2; Firestone x4,,Sanctioned Gunhammer,,,,,,,,,
5,blademaster_weapon,95,Rusted Hammer,hammer,1,vallode,1,,,,N,468,5.2,90,0%,0,,,15,"19,1",,1000,Large Ruststone x1,,,,Tarnished Hammer,,,,,,,,,
5,blademaster_weapon,96,Tarnished Hammer,hammer,1,vallode,1,,,,N,572,5.2,110,0%,0,,,"14,4,2","14,4,6,1",Rusted Hammer,,,2500,Earth Crystal x20,,Breath Core Hammer; Jadite Mace,,,,,,,,,
5,blademaster_weapon,97,Steel Ice Hammer,hammer,7,vallode,7,,,,N,832,5.2,160,0%,0,Ice 290,Ice 29,"6,4,8,12","6,4,8,12,5",Weathered Hammer,,,80000,Daora Carapace x6; Daora Tail x1; Rare Scarab x4,,Daora's Colossus,,,,,,,,,
5,blademaster_weapon,98,Breath Core Hammer,hammer,5,vallode,5,,6,,N,936,5.2,180,-20%,1,,,"19,2,5,4","19,2,5,7,2",Tarnished Hammer,,,40000,Earth Crystal x40; ElderDragonBlood x1,,,,,,,,,,,
5,blademaster_weapon,99,Bone Club,hammer,1,vallode,1,,,,N,364,5.2,70,0%,0,,,"8,7","8,7,5",,400,Mystery Bone x3,,,,Large Bone Club; Cyclo-Hammer; Bull Hammer; Giaprey Balloon,,,,,,,,,
5,blademaster_weapon,100,Large Bone Club,hammer,1,vallode,1,,,,N,676,5.2,130,-10%,0,,,"8,7,5","8,7,7,3",Bone Club,,,2600,Giant Bone x1; Mystery Bone x5,,Enormous Ham,,,,,,,,,
5,blademaster_weapon,101,Dragon Destroyer,hammer,5,vallode,5,,,,N,832,5.2,160,0%,0,Dragon 170,Dragon 17,"6,4,8,7","6,4,8,12",,5600,Lao-Shan's Claw x2; Lao-Shan's Shell x5; Monster Bone+ x5,,,,Dragonbreaker,,,,,,,,,
5,blademaster_weapon,102,Dragonbreaker,hammer,5,vallode,5,,,,N,884,5.2,170,0%,0,Dragon 330,Dragon 33,"6,4,8,12","6,4,8,12,5",Dragon Destroyer,,,40000,Lao-Shan's Claw x2; Gaoren Spine x3; ElderDragonBlood x2,,Dragon Demolisher,,,,,,,,,
5,blademaster_weapon,103,Iron Lance,lance,1,vallode,1,,,,N,138,2.3,60,0%,0,,,"5,5,5","5,5,9,1",,650,Iron Ore x4,,,,Iron Lance+; Iron Gunlance; Snow Gunlance,,,,,,,,,
5,blademaster_weapon,104,Iron Lance+,lance,1,vallode,1,,,,N,138,2.3,60,0%,0,,,"5,5,5","5,5,9,1",,650,Iron Ore x4,,,,Iron Lance+; Iron Gunlance; Snow Gunlance,,,,,,,,,
5,blademaster_weapon,105,Knight Lance,lance,6,vallode,6,,6,,N,437,2.3,190,0%,0,,,"5,7,5,3","5,7,5,8",Growling Wyvern,25000,Carbalite Ore x5; Iron Ore x50; Velociprey Hide x15; Velocidrome Hide x10,25000,Carbalite Ore x3; Dragonite Ore x5; Velociprey Scale x20,Plus Class Tcket x1; Carbalite Ore x1,Knight Spear; Aqua Spear; Grayburg Javelin; Cold Icicle; Feather Gunlance,,,,,,,,,
5,blademaster_weapon,106,Growling Wyvern,lance,4,vallode,4,,4,,N,345,2.3,150,0%,1,Dragon 100,Dragon 10,"5,7,5,13","5,7,5,16,2",Rampart,4900,Plus Class Tcket x1; Blk Gravios Shl x1,4900,Dragonite Ore x5; Machalite Ore x15; Blk Gravios Shl x10,,Roaring Wyvern; Knight Lance,,,,,,,,,
5,blademaster_weapon,107,Knight Spear,lance,6,vallode,6,,,,N,460,2.3,200,0%,2,,,"3,7,4,6","3,7,4,11",Knight Lance,,,35000,Union Ore x5; Earth Crystal x15; Velociprey Hide+ x10,,Babel Spear,,,,,,,,,
5,blademaster_weapon,108,Paladin Lance,lance,2,vallode,2,,,,N,253,2.3,110,0%,0,,,"3,7,4,6","3,7,4,11",Steel Lance,1750,Earth Crystal x15; Machalite Ore x6; Iron Ore x15,1750,Iron Ore x10; Machalite Ore x4; Earth Crystal x5,,Rampart,,,,,,,,,
5,blademaster_weapon,109,Rampart,lance,3,vallode,3,,,,N,299,2.3,130,0%,1,,,"5,7,5,8","5,7,5,13",Paladin Lance,,,3100,Lightcrystal x2; Machalite Ore x8; Earth Crystal x15,,Growling Wyvern; Gatling Lance; Naag Serpentblade,,,,,,,,,
5,blademaster_weapon,110,Iron Gunlance,gunlance,1,vallode,1,,,,N,207,2.3,90,0%,0,,,"3,7,4,1","3,7,4,6",Iron Lance,1100,Machalite Ore x5; Iron Ore x10; Gunpowder x5; Flame Sac x1,1100,Iron Ore x8; Disk Stone x5; Carpenterbug x5,Hard Ticket x1; Iron Ore x1,Iron Gunlance+,,,,,,,,,
5,blademaster_weapon,111,Babel Spear,lance,7,vallode,7,,,,N,529,2.3,230,0%,2,,,"5,5,9,11","5,5,9,13,3",Knight Spear,,,55000,Gld Rathian Scl+ x8; Machalite Ore x30; Genprey Scale+ x20,,Sadalsuud; Lost Babel; Ancient Destroyer; Spark Plug,,,,,,,,,
5,blademaster_weapon,112,Great Demon Hammer,hammer,6,vallode,6,,,,N,1040,5.2,200,10%,1,,,"6,4,8,7","6,4,8,12",Iron Devil,,,35000,Union Ore x10; Velocidrome Head x3; Remobra Skull x3,,Devil Masher; Iron Impact,,,,,,,,,
5,blademaster_weapon,113,Iron Gunlance+,gunlance,1,vallode,1,,,,N,207,2.3,90,0%,0,,,"3,7,4,1","3,7,4,6",Iron Lance,1100,Machalite Ore x5; Iron Ore x10; Gunpowder x5; Flame Sac x1,1100,Iron Ore x8; Disk Stone x5; Carpenterbug x5,Hard Ticket x1; Iron Ore x1,Iron Gunlance+,,,,,,,,,
5,blademaster_weapon,114,Special Ops Gunlance,gunlance,3,vallode,3,,,,N,322,2.3,140,0%,2,,,"5,7,5,8","5,7,5,13",Steel Gunlance,3100,Plus Class Tcket x1; Firestone x1,3100,Machalite Ore x15; Firestone x3; Lightcrystal x2,,Imperial Gunlance,,,,,,,,,
5,blademaster_weapon,115,Dark Lance,lance,2,vallode,2,,,,N,230,2.3,100,0%,0,Paralysis 180,Paralysis 18,"5,7,5,3","5,7,5,8",Longhorn+,,,2150,Hornetaur Shell x10; Vespoid Abdomen x1; Paralysis Sac x2,,Dark Spear,,,,,,,,,
5,blademaster_weapon,116,Silver Rook,gunlance,7,vallode,7,,,,N,414,2.3,180,0%,2,Dragon 250,Dragon 25,"5,7,5,13","5,7,5,16,2",Imperial Gunlance,,,65000,Slvr Rthlos Tail x1; Slvr Rthlos Cpc x3; Slvr Rthlos Scl+ x5,,Gun Chariot,,,,,,,,,
5,blademaster_weapon,117,Dark Spear,lance,4,vallode,4,,,,N,299,2.3,130,0%,1,Paralysis 200,Paralysis 20,"5,7,5,13","5,7,5,16,2",Dark Lance,,,4250,Hornetaur Head x3; Hercudrome x3; Gendrome Skull x2,,Dark,,,,,,,,,
5,blademaster_weapon,118,Paralyzer,lance,3,vallode,3,,,,N,276,2.3,120,0%,0,Paralysis 240,Paralysis 24,"11,8,5,1","11,8,5,6",Spiked Spear,,,3100,Machalite Ore x10; Thunderbug x10; Rubbery Hide x5,,Trident; Venom Lance; Thunderspear,,,,,,,,,
5,blademaster_weapon,119,Trident,lance,4,vallode,4,,,,N,299,2.3,130,0%,0,Paralysis 300,Paralysis 30,"16,5,4,5","16,5,4,9,1",Paralyzer,,,4250,Dragonite Ore x4; Electro Sac x5; Rubbery Hide x7,,,,,,,,,,,
5,blademaster_weapon,120,Bone Javelin,lance,2,vallode,2,,,,N,230,2.3,100,0%,0,,,"3,7,4,1","3,7,4,6",Iron Lance+,,,1400,Sm Monster Bone x4; Brute Bone x4; Iron Ore x4,,Spiked Spear,,,,,,,,,
5,blademaster_weapon,121,Luna's Howl,gunlance,5,vallode,5,,,,N,345,2.3,150,0%,0,Fire 350,Fire 35,"8,3,8,6","8,3,8,9,2",Steel Gunlance,5600,Lunastra Tail x2; Lunastra Shell x5; Lunastra Mane x2; Dragonite Ore x5,5600,Lunastra Tail x1; Fire Drgn Webbng x2; Fire Dragon Scl x6,,Luna's Roar,,,,,,,,,
5,blademaster_weapon,122,Spiked Spear,lance,2,vallode,2,,,,N,276,2.3,120,0%,0,,,"3,7,4,6","3,7,4,11",Bone Javelin,,,2150,Med Monster Bone x3; Machalite Ore x3; Killer Beetle x2,,Lullaby Spear; Paralyzer,,,,,,,,,
5,blademaster_weapon,123,Aqua Spear,lance,6,vallode,6,,,,N,368,2.3,160,0%,0,Water 350,Water 35,"5,7,5,8","5,7,5,13",Knight Lance,40000,Cephalos Fin+ x3; Plesioth Fin x12; Plesioth Scale x15; Carbalite Ore x5,40000,Plesioth Fin x10; Cephalos Scale+ x4; Dragonite Ore x10,,Aqua Spear+,,,,,,,,,
5,blademaster_weapon,124,Luna's Roar,gunlance,5,vallode,5,,,,N,368,2.3,160,0%,0,Fire 400,Fire 40,"9,5,9,10,2","9,5,9,10,5,2",Luna's Howl,,,35000,Teostra Tail x2; Lunastra Shell x7; ElderDragonBlood x1,,Luna's Flare,,,,,,,,,
5,blademaster_weapon,125,Lullaby Spear,lance,3,vallode,3,,,,N,184,2.3,80,0%,2,Sleep 160,Sleep 16,"3,7,4,16","3,7,4,16,5",Spiked Spear,1750,Plesioth Fin x4; Cephalos Fin x4; Sleepyfish x10; Springnight Carp x5,1750,Plesioth Scale x4; Cephalos Scale x4; Sleep Herb x10,,Requiem Spear,,,,,,,,,
5,blademaster_weapon,126,White Gunlance,gunlance,4,vallode,4,,,,N,368,2.3,160,0%,0,,,"5,5,9,6","5,5,9,11",Steel Gunlance,,,4900,Gravios Skl Shl x1; Machalite Ore x15; Flame Sac x6,,White Cannon,,,,,,,,,
5,blademaster_weapon,127,Hard Bone Lance,lance,6,vallode,6,,,,N,460,2.3,200,0%,0,,,"9,5,9,2","9,5,9,7",Ogre Tusk,25000,Stout Bone x5; Giant Bone x15; Iron Ore x30,25000,Stout Bone x2; Monster Bone+ x5; Machalite Ore x10,Plus Class Tcket x1; Stout Bone x1,Hard Bone Lance+,,,,,,,,,
5,blademaster_weapon,128,Hard Bone Lance+,lance,6,vallode,6,,,,N,460,2.3,200,0%,0,,,"9,5,9,2","9,5,9,7",Ogre Tusk,25000,Stout Bone x5; Giant Bone x15; Iron Ore x30,25000,Stout Bone x2; Monster Bone+ x5; Machalite Ore x10,Plus Class Tcket x1; Stout Bone x1,Hard Bone Lance+,,,,,,,,,
5,blademaster_weapon,129,Longhorn+,lance,1,vallode,1,,,,N,161,2.3,70,0%,0,,,"9,5,1","9,5,6",,650,Sm Monster Bone x2; Brute Bone x1,,,,Longhorn+; Wild Bone Lance,,,,,,,,,
5,blademaster_weapon,130,Black Gunlance,gunlance,6,vallode,6,,,,N,483,2.3,210,-5%,1,,,"9,5,8,7","9,5,8,8,2",White Cannon,,,60000,Wyvern Stone x2; Blk Gravios Shl x15; Firecell Stone x4,,Black Gore Cannon,,,,,,,,,
5,blademaster_weapon,131,Long Tusk,lance,1,vallode,1,,,,N,253,2.3,110,0%,0,,,"5,5,9,1","5,5,9,6",Longhorn+,1750,Hard Ticket x1; Bone x1,1750,Brute Bone x4; Giant Bone x1; Med Monster Bone x1,,Barbaroi Tusk; Crimson Lance; Bone Claw Lance; Blade Stinger,,,,,,,,,
5,blademaster_weapon,132,Barbarian Tusk,lance,7,vallode,7,,,,N,506,2.3,220,0%,1,,,"16,5,4,9,1","16,5,4,9,4,2",Hard Bone Lance+,,,55000,Diablos Carapace x3; Stout Bone x6; Killer Beetle x30,,Giant Tusk; Heavy Bone Gunlance,,,,,,,,,
5,blademaster_weapon,133,Hellsting,gunlance,4,vallode,4,,,,N,322,2.3,140,10%,1,Ice 250,Ice 25,"15,4,3,5","15,4,3,9,1",Wyvern Bone Gunlance,4250,Blangonga Fang x2; Blango Pelt x20; Giant Bone x2; Sharp Claw x10,4250,Blango Pelt x15; Blangonga Pelt x5; Ice Crystal x10,,Hellsting+,,,,,,,,,
5,blademaster_weapon,134,Hard Hitter,gunlance,6,vallode,6,,,,N,437,2.3,190,0%,1,Poison 290,Poison 29,"6,3,15,3","6,3,15,5,3",Grand Slam,,,35000,Rubbery Hide+ x4; Toxin Sac x7; Novacrystal x2,,Big Slugger,,,,,,,,,
5,blademaster_weapon,135,Ogre Tusk,lance,3,vallode,3,,,,N,414,2.3,180,0%,0,,,"7,4,15,4","7,4,15,6,3",Barbaroi Tusk,5600,Hard Ticket x1; Alluring Hide x1; Monster Bone+ x1,5600,Monster Bone+ x5; Ioprey Hide x20; Mega Demondrug x2,,Great Ogre Tusk; Hard Bone Lance,,,,,,,,,
5,blademaster_weapon,136,Red Tail,lance,3,vallode,3,,,,N,253,2.3,110,0%,0,Fire 250,Fire 25,"5,5,9,6","5,5,9,11",Wild Bone Lance+,2600,Rathalos Scale x3; Rathalos Shell x2; FireWyvern Fluid x4; Flame Sac x2,2600,FireWyvern Fluid x3; Wyvern Claw x6; Flame Sac x2,,Spear of Prominence; Blue Tail,,,,,,,,,
5,blademaster_weapon,137,Scissor Gunlance,gunlance,6,vallode,6,,,,N,437,2.3,190,0%,2,,,"5,7,5,12","5,7,5,16,2",Bone Claw Lance+; Snow Gunlance Mk. II,40000,Hermitaur Claw+ x3; Hermitaur Carpce x5; Flame Sac x10; Black Pearl x20,40000,Hermitaur Claw+ x2; Hermitaur Shell x15; Inferno Sac x2,Plus Class Tcket x1; Hermitaur Claw+ x1,Scissor Cannon,,,,,,,,,
5,blademaster_weapon,138,Dragonwood Gunlance,gunlance,5,vallode,5,,,,N,299,2.3,130,0%,1,Paralysis 180,Paralysis 18,"6,3,13,5","6,3,13,6,3",,20000,Dragonwood x4; Sinister Cloth x1; Thunderbug Juice x5; FireWyvern Fluid x10,,,,Gld Dragonwd GLance,,,,,,,,,
5,blademaster_weapon,139,Diablo Horn,lance,4,vallode,4,,,,N,391,2.3,170,-5%,0,,,"5,5,9,6","5,5,9,11",Crimson Lance,,,4900,Twisted Horn x1; Diablos Shell x4; Dragonite Ore x4,,Diablo Spear,,,,,,,,,
5,blademaster_weapon,140,Aqua Spear+,lance,6,vallode,6,,,,N,368,2.3,160,0%,0,Water 350,Water 35,"5,7,5,8","5,7,5,13",Knight Lance,40000,Cephalos Fin+ x3; Plesioth Fin x12; Plesioth Scale x15; Carbalite Ore x5,40000,Plesioth Fin x10; Cephalos Scale+ x4; Dragonite Ore x10,,Aqua Spear+,,,,,,,,,
5,blademaster_weapon,141,Diablo Spear,lance,5,vallode,5,,,,N,460,2.3,200,-10%,0,,,"9,5,9,7","9,5,9,10,2",Diablo Horn,,,30000,Majestic Horn x1; Blos Fang x10; Diablos Spine x5,,Black Tempest,,,,,,,,,
5,blademaster_weapon,142,Bone Claw Lance,lance,3,vallode,3,,,,N,299,2.3,130,0%,1,,,"3,4,13","3,4,17,1",Long Tusk,3100,Hermitaur Claw x2; Hermitaur Shell x5; Sm Hermitaur Shl x7; Monster Fluid x3,3100,Hermitaur Shell x4; Sm Hermitaur Shl x5; Sharp Claw x3,,Bone Claw Lance+,,,,,,,,,
5,blademaster_weapon,143,Crimson War Pike,lance,4,vallode,4,,,,N,368,2.3,160,0%,0,Fire 280,Fire 28,"11,8,5,6","11,8,5,8,3",Crimson Lance,,,6350,Monoblos Heart x1; Blood Red Horn x2; Monoblos Shell x6,,Crimson War Pike+,,,,,,,,,
5,blademaster_weapon,144,Venom Lance,lance,4,vallode,4,,,,N,299,2.3,130,0%,0,Poison 150,Poison 15,"3,7,4,6","3,7,4,11",Paralyzer,3100,Basarios Wing x1; Basarios Shell x4; Iron Ore x20; Toadstool x10,3100,Basarios Shell x7; Machalite Ore x12; Poison Sac x2,,Basarios Venom Spear,,,,,,,,,
5,blademaster_weapon,145,Blade Stinger,lance,4,vallode,4,,,,N,345,2.3,150,0%,1,,,"5,5,9,11","5,5,9,13,3",Long Tusk,,,3560,Ceanataur Pincer x2; Sm Ceanataur Shl x10; Black Pearl x3,,Ceanataur Stinger,,,,,,,,,
5,blademaster_weapon,146,Basarios Venom Spear,lance,4,vallode,4,,,,N,322,2.3,140,0%,0,Poison 200,Poison 20,"5,5,9,6","5,5,9,11",Venom Lance,,,4250,Basarios Wing x1; Basarios Shell x8; Poison Sac x5,,Gravios Spear; Black Gravios Spear,,,,,,,,,
5,blademaster_weapon,147,Gravios Spear,lance,5,vallode,5,,,,N,345,2.3,150,0%,0,Poison 250,Poison 25,"5,5,9,11","5,5,9,13,3",Basarios Venom Spear,,,30000,Gravios Skl Shl x1; Gravios Shell x8; Poison Sac x10,,Gravios Venom Spear,,,,,,,,,
5,blademaster_weapon,148,Gatling Lance,lance,4,vallode,4,,,,N,322,2.3,140,0%,1,Fire 120,Fire 12,"5,7,5,8","5,7,5,13",Rampart,4250,Firestone x4; Machalite Ore x12; Flame Sac x2; Hercudrome x5,4250,Firestone x2; Dragonite Ore x5; Gunpowder x10,,Gatling Lance+,,,,,,,,,
5,blademaster_weapon,149,Gatling Lance+,lance,4,vallode,4,,,,N,322,2.3,140,0%,1,Fire 120,Fire 12,"5,7,5,8","5,7,5,13",Rampart,4250,Firestone x4; Machalite Ore x12; Flame Sac x2; Hercudrome x5,4250,Firestone x2; Dragonite Ore x5; Gunpowder x10,,Gatling Lance+,,,,,,,,,
5,blademaster_weapon,150,Rusted Lance,lance,1,vallode,1,,,,N,207,2.3,90,0%,0,,,15,"16,4",,1000,Ruststone Rod x1,,,,Tarnished Lance,,,,,,,,,
5,blademaster_weapon,151,Tarnished Lance,lance,1,vallode,1,,,,N,253,2.3,110,0%,0,,,"16,4","16,5,4",Rusted Lance,,,2500,Earth Crystal x20,,Undertaker; Steel Ice Spear,,,,,,,,,
5,blademaster_weapon,152,Ceanataur Stinger,lance,4,vallode,4,,,,N,391,2.3,170,0%,1,,,"3,7,4,16","3,7,4,16,5",Blade Stinger,,,5600,Ceanataur Claw x8; Ceanataur Shell x10; Monster Bone+ x3,,Ceanataur Piercer,,,,,,,,,
5,blademaster_weapon,153,Undertaker,lance,5,vallode,5,,,,N,414,2.3,180,-20%,0,,,"16,5,4,5","16,5,4,9,1",Tarnished Lance,,,40000,Earth Crystal x40; ElderDragonBlood x1,,,,,,,,,,,
5,blademaster_weapon,154,Black Lance,lance,5,vallode,5,,,,N,322,2.3,140,0%,0,Dragon 290,Dragon 29,"5,7,5,3","5,7,5,8",,15000,Dark Stone x1; Dark Piece x4; Pokke Ticket x1,,,,Black Dragon Spear; Black Ruiner Lance,,,,,,,,,
5,blademaster_weapon,155,Demon Lance,lance,7,vallode,7,,,,N,414,2.3,180,20%,0,Thunder 160,Thunder 16,"9,5,9,7","9,5,9,10,2",Hard Bone Lance+,80000,Rajang Horn x2; Rajang Fang x4; Blk Rajang Pelt x6; Commendation x4,80000,Rajang Horn x2; Rajang Tail x2; Blk Rajang Pelt x3,,Great Demon Lance,,,,,,,,,
5,blademaster_weapon,156,Odyssey,sword-and-shield,6,vallode,6,,6,,N,266,1.4,190,0%,0,,,"8,2,9,1","8,2,9,6",Velocidrome Bite+,25000,Carbalite Ore x4; Iron Ore x40; Disk Stone x40,25000,Carbalite Ore x2; Dragonite Ore x5; Machalite Ore x10,Plus Class Tcket x1; Carbalite Ore x1,Odyssey+; Serpent Bite; Hurricane; Prototype Saw-Slicer,,,,,,,,,
5,blademaster_weapon,157,Upper Battleaxe,sword-and-shield,4,vallode,4,,4,,N,224,1.4,160,0%,0,Poison 300,Poison 30,"5,3,12,8","5,3,12,11,2",Poison Battleaxe,,,3810,Pur Rubbery Hide x5; Monster Bone+ x3; Gypceros Head x1,,Deadly Battleaxe; Dual Battleaxe,,,,,,,,,
5,blademaster_weapon,158,Hunter's Dagger,sword-and-shield,1,vallode,1,,,,N,84,1.4,60,0%,0,,,"8,2,5","8,2,9,1",,300,Iron Ore x1; Disk Stone x1,,,,Hunter's Dagger+; Snake Bite; Giaprey Claws,,,,,,,,,
5,blademaster_weapon,159,Hunter's Dagger+,sword-and-shield,1,vallode,1,,,,N,84,1.4,60,0%,0,,,"8,2,5","8,2,9,1",,300,Iron Ore x1; Disk Stone x1,,,,Hunter's Dagger+; Snake Bite; Giaprey Claws,,,,,,,,,
5,blademaster_weapon,160,Assassin's Dagger,sword-and-shield,1,vallode,1,,,,N,140,1.4,100,0%,0,,,"8,2,9,6","8,2,9,11",Hunter's Dagger+,,,840,Machalite Ore x1; Iron Ore x3; Earth Crystal x3,,Velocidrome Bite; Thunderbane; Poison Battleaxe; Kitchen Knife,,,,,,,,,
5,blademaster_weapon,161,Kirin Bolt,sword-and-shield,5,vallode,5,,,,N,168,1.4,120,0%,0,Thunder 230,Thunder 23,"5,3,12","5,3,13,4",Monoblos Club,1860,Kirin Horn x1; Kirin Mane x5; Wyvern Fang x8; Rubbery Hide x4,1860,Kirin Horn x1; Kirin Mane x3; Pur Rubbery Hide x2,,Kirin Bolt+,,,,,,,,,
5,blademaster_weapon,162,Kirin Bolt+,sword-and-shield,5,vallode,5,,,,N,168,1.4,120,0%,0,Thunder 230,Thunder 23,"5,3,12","5,3,13,4",Monoblos Club,1860,Kirin Horn x1; Kirin Mane x5; Wyvern Fang x8; Rubbery Hide x4,1860,Kirin Horn x1; Kirin Mane x3; Pur Rubbery Hide x2,,Kirin Bolt+,,,,,,,,,
5,blademaster_weapon,163,Rusted Replica,sword-and-shield,4,vallode,4,,,,N,126,1.4,90,0%,2,,,"7,5,8","7,5,9,4",,5000,Hero of JumboBio x1; Lightcrystal x2,,,,Eternal Replica,,,,,,,,,
5,blademaster_weapon,164,Kirin Bolt Ultimus,sword-and-shield,7,vallode,7,,,,N,224,1.4,160,0%,1,Thunder 340,Thunder 34,"5,3,13,9","5,3,13,12,2",Kirin Bolt+,,,50000,Kirin Thndr Tail x2; Pur Gypceros Wng x3; Novacrystal x3,,Thor's Dagger,,,,,,,,,
5,blademaster_weapon,165,Serpent Bite,sword-and-shield,6,vallode,6,,,,N,280,1.4,200,0%,2,,,"13,1,3,8","13,1,3,13",Odyssey,,,30000,Velociprey Hide+ x10; Velociprey Fang x30; Velocidrome Head x5,,Serpent Bite+,,,,,,,,,
5,blademaster_weapon,166,Velocidrome Bite,sword-and-shield,2,vallode,2,,,,N,168,1.4,120,0%,1,,,"12,1,3,7","12,1,3,12",Assassin's Dagger,1290,Velocidrome Claw x6; Velocidrome Head x1; Med Monster Bone x4; Conga Pelt x6,1290,Velocidrome Claw x4; Velocidrome Hide x2; Machalite Ore x3,,Velocidrome Bite+; Raven Blade; Velociprey Claws,,,,,,,,,
5,blademaster_weapon,167,Viper Bite,sword-and-shield,2,vallode,2,,,,N,140,1.4,100,0%,0,Paralysis 220,Paralysis 22,"8,2,9,6","8,2,9,11",Snake Bite+,,,1290,Genprey Hide x5; Genprey Fang x15; Sm Monster Bone x3,,Deathprize,,,,,,,,,
5,blademaster_weapon,168,Eternal Replica,sword-and-shield,5,vallode,5,,,,N,182,1.4,130,0%,3,Dragon 120,Dragon 12,"5,3,13,9","5,3,13,12,2",Rusted Replica,,,10000,Pokke Ticket x1; Eldr Dragon Bone x3; Lao-Shan's scale x3,,,,,,,,,,,
5,blademaster_weapon,169,Deathprize,sword-and-shield,4,vallode,4,,4,,N,210,1.4,150,0%,2,Paralysis 260,Paralysis 26,"8,2,9,11","8,2,9,12,4",Viper Bite,,,3360,Gendrome Hide x3; Paralysis Sac x5; Thunderbug Juice x2; Dragonite Ore x2,,,,,,,,,,,
5,blademaster_weapon,170,Hydra Bite,sword-and-shield,3,vallode,3,,,,N,126,1.4,90,0%,0,Poison 280,Poison 28,"13,1,3,3","13,1,3,8",Snake Bite+,1290,Iodrome Hide x3; Ioprey Scale x7; Poison Sac x4; Sm Monster Bone x4,1290,Ioprey Hide x5; Ioprey Fang x15; Brute Bone x3,,Deadly Poison,,,,,,,,,
5,blademaster_weapon,171,Flame Syphos,sword-and-shield,5,vallode,5,,,,N,252,1.4,180,-15%,1,Fire 180,Fire 18,"8,2,9,6","8,2,9,11",Red Saber,,,15000,Gravios Shell x4; Blk Gravios Shl x4; Firestone x6,,Black Doom Flame,,,,,,,,,
5,blademaster_weapon,172,Deadly Poison,sword-and-shield,4,vallode,4,,,,N,168,1.4,120,0%,1,Poison 360,Poison 36,"13,1,3,8","13,1,3,13",Hydra Bite,,,2550,Dragonite Ore x5; Iodrome Hide x5; Iodrome Skull x1,,Princess Rapier; Rouge Flames,,,,,,,,,
5,blademaster_weapon,173,Thunderbane,sword-and-shield,3,vallode,3,,,,N,168,1.4,120,0%,0,Thunder 170,Thunder 17,"7,5,8,4","7,5,8,9",Assassin's Dagger,,,1860,Rubbery Hide x4; Lg Monster Bone x3; Electro Sac x2,,Frightbane,,,,,,,,,
5,blademaster_weapon,174,Princess Rapier,sword-and-shield,5,vallode,5,,,,N,196,1.4,140,5%,1,Poison 370,Poison 37,"8,2,9,11","8,2,9,12,4",Deadly Poison,,,4290,Rathian Spike x1; Rathian Scale x4; Poison Sac x5,,Princess Rapier+,,,,,,,,,
5,blademaster_weapon,175,Frightbane,sword-and-shield,4,vallode,4,,,,N,196,1.4,140,0%,1,Thunder 190,Thunder 19,"7,5,8,9","7,5,8,11,3",Thunderbane,,,2550,Rubbery Hide x6; Eldr Dragon Bone x2; Electro Sac x4; Dragonite Ore x3,,Kirin Bolt Indora,,,,,,,,,
5,blademaster_weapon,176,Princess Rapier+,sword-and-shield,5,vallode,5,,,,N,196,1.4,140,5%,1,Poison 370,Poison 37,"8,2,9,11","8,2,9,12,4",Deadly Poison,,,4290,Rathian Spike x1; Rathian Scale x4; Poison Sac x5,,Princess Rapier+,,,,,,,,,
5,blademaster_weapon,177,Poison Battleaxe,sword-and-shield,3,vallode,3,,,,N,182,1.4,130,0%,0,Poison 240,Poison 24,"5,3,12,4","5,3,12,8",Assassin's Dagger,,,2190,Rubbery Hide x4; Med Monster Bone x3; Poison Sac x4,,Upper Battleaxe,,,,,,,,,
5,blademaster_weapon,178,Bone Kris,sword-and-shield,1,vallode,1,,,,N,98,1.4,70,0%,0,,,"5,3,7","5,3,12",,390,Sm Monster Bone x2,,,,Bone Kris+,,,,,,,,,
5,blademaster_weapon,179,Bone Kris+,sword-and-shield,1,vallode,1,,,,N,98,1.4,70,0%,0,,,"5,3,7","5,3,12",,390,Sm Monster Bone x2,,,,Bone Kris+,,,,,,,,,
5,blademaster_weapon,180,Osteon Pick,sword-and-shield,6,vallode,6,,,,N,280,1.4,200,0%,0,,,"5,3,13,4","5,3,13,9",Studded Club,2500,Hrd Monster Bone x4; Lg Monster Bone x12; Brute Bone x30,25000,Hrd Monster Bone x2; Monster Bone+ x4; Sm Bone Husk x50,Plus Class Tcket x1; Hrd Monster Bone x1,Osteon Pick+; Feather Knife,,,,,,,,,
5,blademaster_weapon,181,Osteon Pick+,sword-and-shield,6,vallode,6,,,,N,280,1.4,200,0%,0,,,"5,3,13,4","5,3,13,9",Studded Club,2500,Hrd Monster Bone x4; Lg Monster Bone x12; Brute Bone x30,25000,Hrd Monster Bone x2; Monster Bone+ x4; Sm Bone Husk x50,Plus Class Tcket x1; Hrd Monster Bone x1,Osteon Pick+; Feather Knife,,,,,,,,,
5,blademaster_weapon,182,Chief Kris,sword-and-shield,1,vallode,1,,,,N,140,1.4,100,0%,0,,,"5,3,13,4","5,3,13,9",Bone Kris+,840,Hard Ticket x1; Sm Monster Bone x1,840,Med Monster Bone x1; Sm Monster Bone x2; Sm Bone Husk x5,,Crimson Club; Weary Finsword; Red Saber,,,,,,,,,
5,blademaster_weapon,183,Red Saber,sword-and-shield,3,vallode,3,,,,N,154,1.4,110,0%,0,Fire 150,Fire 15,"7,5,9,4","7,5,9,9",Chief Kris,1560,FireWyvern Fluid x4; Flame Sac x2; Wyvern Fang x2; Sm Monster Bone x10,1560,FireWyvern Fluid x2; Med Monster Bone x2; Flame Sac x1,,Djinn; Corona; Twin Flames; Flame Syphos,,,,,,,,,
5,blademaster_weapon,184,Master's Replica,sword-and-shield,5,vallode,5,,,,N,196,1.4,140,30%,2,,,"1,2,3,14","1,2,3,19",Hero's Blade Replica,,,10000,Pokke Ticket x1; Monoblos Heart x1,,,,,,,,,,,
5,blademaster_weapon,185,Djinn,sword-and-shield,4,vallode,4,,,,N,210,1.4,150,0%,0,Fire 310,Fire 31,"8,2,9,6","8,2,9,11",Red Saber,,,3360,Rathalos Shell x5; Rathalos Scale x3; FireWyvrn Marrow x1,,Blazing Falchion,,,,,,,,,
5,blademaster_weapon,186,Blazing Falchion,sword-and-shield,5,vallode,5,,,,N,238,1.4,170,0%,2,Fire 380,Fire 38,"7,5,9,9","7,5,9,11,3",Djinn,,,7500,Rathalos Shell x10; Rathalos Webbing x10; Fire Dragon Scl x6,,,,,,,,,,,
5,blademaster_weapon,187,Weary Finsword,sword-and-shield,3,vallode,3,,,,N,168,1.4,120,0%,1,Sleep 180,Sleep 18,"13,1,3,3","13,1,3,8",Chief Kris,,,1860,Plesioth Fin x2; Cephalos Fin x2; Sleep Herb x10,,Sandman Finsword,,,,,,,,,
5,blademaster_weapon,188,Steel Ice Dagger,sword-and-shield,5,vallode,5,,,,N,196,1.4,140,0%,0,Ice 180,Ice 18,"7,5,9,4","7,5,9,9",Tarnished Sword,,,35000,Daora Claw x2; Daora Shell x2; DaoraDragonScale x3,,Steel Ice Dagger+,,,,,,,,,
5,blademaster_weapon,189,Sandman Finsword,sword-and-shield,4,vallode,4,,,,N,182,1.4,130,0%,1,Sleep 230,Sleep 23,"13,1,3,8","13,1,3,13",Weary Finsword,,,2550,Plesioth Fin x5; Dragonite Ore x5; Sleepyfish x10,,Sandman Spike,,,,,,,,,
5,blademaster_weapon,190,Hero's Blade Replica,sword-and-shield,4,vallode,4,,4,,N,140,1.4,100,20%,1,,,"7,5,3","7,5,8",,5000,Hero of KKto Bio x1; Black Pearl x2,,,,Master's Replica; Legendary Replica,,,,,,,,,
5,blademaster_weapon,191,Frost Edge,sword-and-shield,2,vallode,2,,,,N,98,1.4,70,0%,0,Ice 240,Ice 24,"7,5,9,4","7,5,9,9",Hunter's Dagger+,840,Ice Crystal x8; Iron Ore x8; Giaprey Scale x5; Knife Mackerel x3,840,Ice Crystal x5; Machalite Ore x2; Blango Pelt x3,,Frost Edge+,,,,,,,,,
5,blademaster_weapon,192,Studded Club,sword-and-shield,4,vallode,4,,,,N,238,1.4,170,10%,1,,,"5,3,13,4","5,3,13,9",Monoblos Club,3360,Hard Ticket x1; Twisted Horn x1,3360,Twisted Horn x1; Wyvern Fang x10; Diablos Shell x5,,Spiked Bat; Dual Diablo; Osteon Pick,,,,,,,,,
5,blademaster_weapon,193,Frost Edge+,sword-and-shield,2,vallode,2,,,,N,98,1.4,70,0%,0,Ice 240,Ice 24,"7,5,9,4","7,5,9,9",Hunter's Dagger+,840,Ice Crystal x8; Iron Ore x8; Giaprey Scale x5; Knife Mackerel x3,840,Ice Crystal x5; Machalite Ore x2; Blango Pelt x3,,Frost Edge+,,,,,,,,,
5,blademaster_weapon,194,Spiked Bat,sword-and-shield,5,vallode,5,,,,N,266,1.4,190,10%,1,,,"2,5,18,5","2,5,18,5,5",Studded Club,,,4290,Majestic Horn x1; Blos Fang x10; Diablos Spine x7,,Cursed Spirit,,,,,,,,,
5,blademaster_weapon,195,Crimson Club,sword-and-shield,2,vallode,2,,,,N,196,1.4,140,5%,0,,,"8,2,9,1","8,2,9,6",Chief Kris,1860,Blood Red Horn x1; Hermitaur Shell x3; Piscine Fang x3; Med Monster Bone x2,1860,Blood Red Horn x1; Lg Monster Bone x2; Mega Demondrug x1,,Monoblos Club,,,,,,,,,
5,blademaster_weapon,196,Monoblos Club,sword-and-shield,3,vallode,3,,,,N,224,1.4,160,10%,0,,,"7,5,9,4","7,5,9,9",Crimson Club,,,2940,Blood Red Horn x2; Monoblos Spine x2; Monoblos Shell x3,,Studded Club; Kirin Bolt,,,,,,,,,
5,blademaster_weapon,197,Rusted Sword,sword-and-shield,1,vallode,1,,,,N,126,1.4,90,0%,0,,,15,20,,1000,Small Ruststone x1,,,,Tarnished Sword,,,,,,,,,
5,blademaster_weapon,198,Tarnished Sword,sword-and-shield,1,vallode,1,,,,N,140,1.4,100,0%,0,,,"10,9,1","10,9,6",Rusted Sword,,,2550,Earth Crystal x20,,Eternal Strife; Steel Ice Dagger,,,,,,,,,
5,blademaster_weapon,199,Blue Ogre Sword,sword-and-shield,8,vallode,8,,,,N,266,1.4,190,0%,2,Dragon 10,Dragon 1,"1,2,3,24","1,2,3,25,4",Flaming Pair,85000,Azure LaoS Horn x2; Azure LaoS Shell x5; Lao-Shan's claw x4; Commendation x1,85000,Azure LaoS Horn x1; Azure LaoS Shell x3; Lao-Shan Scale+ x5,,Azure Ogre Sword,,,,,,,,,
5,blademaster_weapon,200,Eternal Strife,sword-and-shield,5,vallode,5,,,,N,126,1.4,90,0%,0,Dragon 520,Dragon 52,"20,1,3,6","20,1,3,10,1",Tarnished Sword,,,40000,Earth Crystal x40; ElderDragonBlood x1,,,,,,,,,,,
5,blademaster_weapon,201,Rajang Club,sword-and-shield,7,vallode,7,,,,N,294,1.4,210,-30%,1,Thunder 100,Thunder 10,"20,1,3,6","20,1,3,10,1",Osteon Pick+,80000,Rajang Horn x2; Rajang Claw x2; Blk Rajang Pelt x4; Commendation x4,80000,Rajang Horn x1; Blk Rajang Pelt x5; Carbalite Ore x8,,Taboo Rajang Club,,,,,,,,,
5,blademaster_weapon,202,Taboo Rajang Club,sword-and-shield,8,vallode,8,,,,N,308,1.4,220,-20%,1,Thunder 200,Thunder 20,"20,1,3,10,1","20,1,3,10,5,1",Rajang Club,,,90000,Rajang Fang x4; Gold Rajang Pelt x1; Union Ore x10,,ForbiddenRajangClub,,,,,,,,,
5,blademaster_weapon,203,Black Sword,sword-and-shield,5,vallode,5,,,,N,210,1.4,150,0%,0,Dragon 200,Dragon 20,"10,9,6","10,9,8,3",,15000,Dark Stone x1; Dark Piece x4; Pokke Ticket x1,,,,Double Dragon; Black Dragon Sword; Black Ruiner Sword,,,,,,,,,
5,blademaster_weapon,204,Raven Blade,sword-and-shield,5,vallode,5,,,,N,210,1.4,150,20%,1,,,"20,1,3,6","20,1,3,10,1",Velocidrome Bite; Twin Kut-Ku,10000,Garuga Tail x1; Garuga Wing x2; Garuga Scale x3; Med Monster Bone x3,10000,Garuga Ear x2; Garuga Wing x1; Garuga Scale x5,,Wolf Blade,,,,,,,,,
5,blademaster_weapon,205,Catspaw,sword-and-shield,2,vallode,2,,,,N,112,1.4,80,0%,0,Paralysis 180,Paralysis 18,"7,5,3","7,5,8",,1290,Pawprint Stamp x2; Barrel Lid x1,,,,Catburglar; Melynx Tool,,,,,,,,,
5,blademaster_weapon,206,Catburglar,sword-and-shield,4,vallode,4,,,,N,182,1.4,130,0%,0,Paralysis 300,Paralysis 30,"13,1,3,3","13,1,3,8",Catspaw,,,2550,Pawprint Stamp x3; Felvine x10; FlynMealPassReg x1,,,,,,,,,,,
5,blademaster_weapon,207,Tactical Blade,great-sword,5,vallode,5,,5,,N,960,4.8,200,0%,1,,,"5,3,9,8","5,3,9,13",Ravager Blade+,,,25000,Rathalos Webbing x3; Sharp Claw x5; Daora Claw x5,,Strategic Blade,,,,,,,,,
5,blademaster_weapon,208,Eager Cleaver,long-sword,3,vallode,3,,,,N,624,4.8,130,0%,0,Thunder 250,Thunder 25,"5,3,9,9","5,3,9,13","Iron Katana ""Gospel""",,,3650,Machalite Ore x15; Earth Crystal x30; Electro Sac x4,,Devil Slicer,,,,,,,,,
5,blademaster_weapon,209,Divine Slasher,long-sword,8,vallode,8,,,,N,1104,4.8,230,0%,1,,,"8,3,11,10,3","8,3,11,10,6,2",Supremacy Blade,,,100000,Fatalis CrmsnWng x2; Daora Sharp Claw x5; Teostra Horn+ x5,,Hellish Slasher,,,,,,,,,
5,blademaster_weapon,210,Chrome Razor,great-sword,5,vallode,5,,,,N,816,4.8,170,0%,0,Poison 320,Poison 32,"8,3,11,8","8,3,11,10,3",Ravager Blade+,,,7150,Chameleos Horn x2; Teostra Horn x2; Tigrex Fang x8,,Chrome Death Razor; Carbalite Sword,,,,,,,,,
5,blademaster_weapon,211,Eternal Annihilator,great-sword,5,vallode,5,,,,N,672,4.8,140,0%,1,Dragon 520,Dragon 52,"13,1,6,10","13,1,6,13,2",Dragonslayer,,,40000,Fire Dragon Claw x10; Rathalos Plate x5; Rathian Plate x5,,Eternal Eradicator,,,,,,,,,
5,blademaster_weapon,212,Finishing Hammer,hammer,5,vallode,5,,6,,N,988,5.2,190,0%,0,,,"10,1,3,16","10,1,3,17,4",Diablos Maul,,,30000,Diablos Tail x3; Diablos Shell x12; Hercudrome x8,,,,,,,,,,,
5,blademaster_weapon,213,Onslaught Hammer,hammer,6,vallode,6,,,,N,1092,5.2,210,0%,1,,,"6,4,8,12,5","6,4,8,12,6,4",Anvil Hammer,,,60000,Union Ore x5; Dragonite Ore x20; Iron Ore x99,,Blacksmith,,,,,,,,,
5,blademaster_weapon,214,Binder Mace,hammer,4,vallode,4,,4,,N,780,5.2,150,0%,3,Paralysis 280,Paralysis 28,"19,2,5,4","19,2,5,7,2",Jail Hammer,,,5600,Dragonite Ore x12; Thunderbug Juice x8; Electro Sac x8,,,,,,,,,,,
5,blademaster_weapon,215,Fist of Fury,hammer,7,vallode,7,,,,N,1144,5.2,220,-10%,1,,,"14,4,6,1","14,4,6,6",Iron Devil,,,35000,Carbalite Ore x15; Dragonite Ore x10; Gaoren Shell x5,,Ancient Blow,,,,,,,,,
5,blademaster_weapon,216,Grayburg Javelin,lance,7,vallode,7,,,,N,437,2.3,190,0%,0,,,"3,7,4,16","3,7,4,16,5",Knight Lance,,,60000,Carbalite Ore x8; DaoraDragonScale x8; Firestone x8,,Dragon Rider Spear,,,,,,,,,
5,blademaster_weapon,217,Requiem Spear,lance,4,vallode,4,,,,N,276,2.3,120,0%,2,Sleep 260,Sleep 26,"3,7,4,16,5","3,7,4,16,7,3",Lullaby Spear,,,4900,Plesioth Fin x6; Sleep Sac x3; Mega Demondrug x5,,,,,,,,,,,
5,blademaster_weapon,218,Spear of Prominence,lance,5,vallode,5,,,,N,345,2.3,150,0%,0,Fire 460,Fire 46,"5,5,9,11","5,5,9,13,3",Red Tail,,,35000,Rathalos Tail x5; Rathalos Shell x7; Rathalos Plate x1,,,,,,,,,,,
5,blademaster_weapon,219,Black Dragon Spear,lance,8,vallode,8,,,,N,483,2.3,210,-20%,0,Dragon 320,Dragon 32,"11,8,5,6","11,8,5,8,3",Black Lance,,,100000,Fatalis Horn x4; Fatalis Eye x2; Lao Shan's Ruby x1,,True Blk Dragon Spr,,,,,,,,,
5,blademaster_weapon,220,Twin Kut-Ku,dual-blades,2,vallode,2,,,,N,154,1.4,110,0%,1,Fire 100,Fire 10,"3,7,10","3,7,15",Chief Scythe,1720,Kut-Ku Ear x2; Unknown Skull x2; Brute Bone x6; Giant Beak x1,1720,Unknown Skull x2; Kut-Ku Scale x4; Hot Drink x4,,Pink Maracas; Twin Kut-Ku+; Raven Tessen,,,,,,,,,
5,blademaster_weapon,221,Corona,sword-and-shield,5,vallode,5,,,,N,196,1.4,140,0%,1,Fire 440,Fire 44,"7,5,9,9","7,5,9,11,3",Red Saber,,,20000,Rathalos Scale x8; Flame Sac x10; Rathalos Plate x1,,Golden Falchion,,,,,,,,,
5,blademaster_weapon,222,Black Dragon Sword,sword-and-shield,8,vallode,8,,,,N,294,1.4,210,-20%,0,Dragon 240,Dragon 24,"7,5,9,9","7,5,9,11,3",Black Sword,,,100000,Fatalis Horn x3; Fatalis Scale x7; Chameleos Jewel x1,,True Blk Dragon Swd,,,,,,,,,
5,blademaster_weapon,223,Odyssey+,sword-and-shield,6,vallode,6,,,,N,266,1.4,190,0%,0,,,"8,2,9,1","8,2,9,6",Velocidrome Bite+,25000,Carbalite Ore x4; Iron Ore x40; Disk Stone x40,25000,Carbalite Ore x2; Dragonite Ore x5; Machalite Ore x10,Plus Class Tcket x1; Carbalite Ore x1,Odyssey+; Serpent Bite; Hurricane; Prototype Saw-Slicer,,,,,,,,,
5,blademaster_weapon,224,Teddybear,hammer,4,vallode,4,,4,,N,260,5.2,50,0%,0,Sleep 200,Sleep 20,"5,4,6","5,4,11",White Cat Stamp,5000,Commendation x1; Lightcrystal x2; Black Pearl x2,5000,Lightcrystal x1; Antiseptic Stone x3; Pokke Ticket x1,,,,,,,,,,,
5,blademaster_weapon,225,Estoc,lance,2,vallode,2,,,,N,230,2.3,100,0%,2,,,"5,7,5,8","5,7,5,13",Steel Lance,,,2150,Black Pearl x3; Machalite Ore x4; Ice Crystal x6,,Valhalla,,,,,,,,,
5,blademaster_weapon,226,Ninja Sword,sword-and-shield,5,vallode,5,,,,N,224,1.4,160,25%,0,,,"1,2,3,9","1,2,3,14",Holy Saber,15000,Daora Webbing x4; ChameleosWebbing x4; Fire Drgn Webbng x4; Remobra Skin x10,15000,Daora Horn x3; Chameleos Horn x3; Lunastra Horn x3,,Hi Ninja Sword,,,,,,,,,
5,blademaster_weapon,227,Demon Rod,great-sword,7,vallode,7,,,,N,768,4.8,160,15%,0,Thunder 300,Thunder 30,"9,4,11,6","9,4,11,7,4",Wyvern Agito,80000,Rajang Horn x1; Rajang Fang x4; Rajang Tail x2; Commendation x4,80000,Rajang Fang x3; Blk Rajang Pelt x4; Union Ore x4,,Great Demon Rod,,,,,,,,,
5,blademaster_weapon,228,Siegmund,great-sword,7,vallode,7,,7,,N,1056,4.8,220,15%,1,,,"13,1,6,13,2","13,1,6,13,4,3",Spartacus Blade,,,75000,Rathalos Carpace x6; Rathalos Ruby x1; Monoblos Heart x1,,,,,,,,,,,
5,blademaster_weapon,229,Frozen Tuna,great-sword,3,vallode,3,,,,N,336,4.8,70,0%,0,Ice 330,Ice 33,"3,7,10","3,7,15",,7500,Speartuna x1; Cool Drink x3,,,,Crystallized Tuna,,,,,,,,,
5,blademaster_weapon,230,Great Demon Lance,lance,8,vallode,8,,,,N,437,2.3,190,25%,0,Thunder 210,Thunder 21,"9,5,9,10,2","9,5,9,10,5,2",Demon Lance,,,90000,Gold Rajang Pelt x1; Rajang Claw x4; Gld Rathian Scl+ x4,,Demonlance Rajang,,,,,,,,,
5,blademaster_weapon,231,Valhalla,lance,4,vallode,4,,4,,N,345,2.3,150,0%,3,,,"3,7,4,11","3,7,4,16",Estoc,,,5600,Lightcrystal x5; Dragonite Ore x7; Ice Crystal x15,,,,,,,,,,,
5,blademaster_weapon,232,Native Spear,lance,3,vallode,3,,,,N,184,2.3,80,0%,2,Poison 430,Poison 43,"5,7,5,3","5,7,5,8",,7500,Unknown Skull x1; Wyvern Claw x1; Bone x1; Iodrome Skull x1,,,,Primal Spear,,,,,,,,,
5,blademaster_weapon,233,Polytan,,,,,,,,,,,,,,,,,,,,,,,,,,,,,,,,,dummy
5,blademaster_weapon,234,Twin Dagger,dual-blades,1,vallode,1,,,,N,112,1.4,80,0%,0,,,"9,1,3,2","9,1,3,7",Hunter's Dagger+,680,Machalite Ore x2; Iron Ore x5; Earth Crystal x2,680,Machalite Ore x1; Disk Stone x1,Hard Ticket x1; Disk Stone x1,Twin Dagger+,,,,,,,,,
5,blademaster_weapon,235,Hi Twin Daggers,dual-blades,6,vallode,6,,,,N,224,1.4,160,0%,1,Ice 350,Ice 35,"3,7,15,5","3,7,15,7,3",Weathered Blades,,,55000,Carbalite Ore x15; Daora Webbing x8; ElderDragonBlood x5,,Silhouette Sabers,,,,,,,,,
5,blademaster_weapon,236,Hurricane,dual-blades,6,vallode,6,,,,N,280,1.4,200,0%,2,,,"7,5,5,8","7,5,5,13",Odyssey,30000,Plus Class Tcket x1; Carbalite Ore x1,30000,Carbalite Ore x5; Disk Stone x50; Earth Crystal x30,,Cyclone,,,,,,,,,
5,blademaster_weapon,237,Pink Maracas,dual-blades,3,vallode,3,,,,N,182,1.4,130,0%,1,,,"7,5,5,3","7,5,5,8",Twin Kut-Ku,,,2080,Conga Pelt x10; Congalala Claw x2; Congalala Fang x4,,Pink Maracas+,,,,,,,,,
5,blademaster_weapon,238,Cyclone,dual-blades,7,vallode,7,,,,N,308,1.4,220,0%,2,,,"7,5,5,13","7,5,5,16,2",Hurricane,,,50000,Union Ore x5; Iron Ore x50; Machalite Ore x30,,Tornado Tomahawks,,,,,,,,,
5,blademaster_weapon,239,Dual Tomahawk,dual-blades,2,vallode,2,,,,N,168,1.4,120,0%,0,,,"15,3,9,3","15,3,9,8,1",Twin Dagger+,,,1720,Machalite Ore x8; Disk Stone x8; Antiseptic Stone x2,,Order Rapier; Dual Tomahawk+,,,,,,,,,
5,blademaster_weapon,240,Dual Tomahawk+,dual-blades,2,vallode,2,,,,N,168,1.4,120,0%,0,,,"15,3,9,3","15,3,9,8,1",Twin Dagger+,,,1720,Machalite Ore x8; Disk Stone x8; Antiseptic Stone x2,,Order Rapier; Dual Tomahawk+,,,,,,,,,
5,blademaster_weapon,241,Order Rapier,dual-blades,3,vallode,3,,,,N,182,1.4,130,0%,0,Water 140,Water 14,"12,5,5,3","12,5,5,8",Dual Tomahawk,2480,Lightcrystal x4; Black Pearl x5; Machalite Ore x8; Small Goldenfish x10,2480,Lightcrystal x2; Earth Crystal x8; Killer Beetle x6,,Holy Saber,,,,,,,,,
5,blademaster_weapon,242,Raven Tessen,dual-blades,5,vallode,5,,,,N,196,1.4,140,25%,1,,,"7,5,5,13","7,5,5,16,2",Twin Kut-Ku,10000,Garuga Mane x2; Garuga Ear x2; Garuga Scale x10; Med Monster Bone x4,10000,Garuga Scale x6; Garuga Tail x1; Garuga Mane x3,,Wolf Tessen,,,,,,,,,
5,blademaster_weapon,243,Holy Saber,dual-blades,4,vallode,4,,,,N,196,1.4,140,0%,1,Water 190,Water 19,"12,5,5,8","12,5,5,10,3",Order Rapier,,,3400,Lightcrystal x8; Dragonite Ore x10; Hercudrome x6,,Guild Knight Sabers; Ninja Sword,,,,,,,,,
5,blademaster_weapon,244,Prototype Saw-Slicer,dual-blades,6,vallode,6,,,,N,252,1.4,180,0%,0,Thunder 100,Thunder 10,"9,1,3,7","9,1,3,12",Odyssey,35000,Carbalite Ore x25; Kirin Horn x4; Kirin Hide x5; Electro Sac x10,35000,Carbalite Ore x15; Kirin Horn x2; Rubbery Hide x10,,Sanctioned Blades,,,,,,,,,
5,blademaster_weapon,245,Sanctioned Blades,dual-blades,7,vallode,7,,,,N,280,1.4,200,0%,1,Thunder 120,Thunder 12,"9,1,3,12","9,1,3,17",Prototype Saw-Slicer,,,50000,Kirin Horn x6; Thunder Sac x5; Rubbery Hide+ x6,,Improved Power Saws,,,,,,,,,
5,blademaster_weapon,246,Bone Scythe,dual-blades,2,vallode,2,,,,N,126,1.4,90,0%,1,,,"3,7,15","3,7,15,5",Bone Scythe; Bone Kris+,,,880,Sharp Claw x2; Sm Monster Bone x2,,Chief Scythe,,,,,,,,,
5,blademaster_weapon,247,Bone Scythe+,dual-blades,2,vallode,2,,,,N,126,1.4,90,0%,1,,,"3,7,15","3,7,15,5",Bone Scythe; Bone Kris+,,,880,Sharp Claw x2; Sm Monster Bone x2,,Chief Scythe,,,,,,,,,
5,blademaster_weapon,248,Cutlass,dual-blades,3,vallode,3,,,,N,168,1.4,120,0%,1,Water 150,Water 15,"7,3,8,2","7,3,8,7",Chief Scythe,,,2920,Plesioth Scale x4; Cephalos Fin x2; Knife Mackarel x4,,Cutlass+,,,,,,,,,
5,blademaster_weapon,249,Cutlass+,dual-blades,3,vallode,3,,,,N,168,1.4,120,0%,1,Water 150,Water 15,"7,3,8,2","7,3,8,7",Chief Scythe,,,2920,Plesioth Scale x4; Cephalos Fin x2; Knife Mackarel x4,,Cutlass+,,,,,,,,,
5,blademaster_weapon,250,Dual Diablo,dual-blades,5,vallode,5,,,,N,266,1.4,190,-5%,1,,,"12,5,5,3","12,5,5,8",Studded Club,,,30000,Twisted Horn x2; Monoblos Spine x6; Diablos Spine x6,,Dual Diablo+,,,,,,,,,
5,blademaster_weapon,251,Dual Diablo+,dual-blades,5,vallode,5,,,,N,266,1.4,190,-5%,1,,,"12,5,5,3","12,5,5,8",Studded Club,,,30000,Twisted Horn x2; Monoblos Spine x6; Diablos Spine x6,,Dual Diablo+,,,,,,,,,
5,blademaster_weapon,252,Insector,dual-blades,3,vallode,3,,,,N,140,1.4,100,0%,0,,,"9,1,3,17","9,1,3,17,5",Twin Dagger+,,,2480,Vespoid wing x10; Hornetaur Shell x10; Monster Fluid x5,,Insector+,,,,,,,,,
5,blademaster_weapon,253,Insector+,dual-blades,3,vallode,3,,,,N,140,1.4,100,0%,0,,,"9,1,3,17","9,1,3,17,5",Twin Dagger+,,,2480,Vespoid wing x10; Hornetaur Shell x10; Monster Fluid x5,,Insector+,,,,,,,,,
5,blademaster_weapon,254,Twin Flames,dual-blades,4,vallode,4,,,,N,210,1.4,150,0%,1,Fire 180,Fire 18,"15,3,7","15,3,9,3",Red Saber,,,3920,Rathalos Scale x6; Rathian Scale x6; FireWyvrn Marrow x2,,Hi Twin Flames,,,,,,,,,
5,blademaster_weapon,255,Hi Twin Flames,dual-blades,5,vallode,5,,,,N,238,1.4,170,0%,1,Fire 210,Fire 21,"15,3,9,3","15,3,9,7,1",Twin Flames,,,5720,Rathalos Wing x3; Rathian Spike x3; Rathalos Tail x5,,Gradios Ultimus,,,,,,,,,
5,blademaster_weapon,256,Gradios Ultimus,dual-blades,7,vallode,7,,,,N,252,1.4,180,0%,1,Fire 350,Fire 35,"9,8,8,5","9,8,8,7,3",Hi Twin Flames,,,75000,Rathalos Scale+ x8; Rathian Scale+ x8; FireWyvrn BrnStm x2,,Corpse Blades,,,,,,,,,
5,blademaster_weapon,257,Double Dragon,dual-blades,5,vallode,5,,,,N,210,1.4,150,0%,0,Dragon 220,Dragon 22,"8,5,5,4","8,5,5,9",Black Sword,,,20000,Lao-Shan's Scale x2; Lao-Shan's Shell x2; Dark Piece x5,,Dual Dragon Ultimus,,,,,,,,,
5,blademaster_weapon,258,Dual Dragon Ultimus,dual-blades,7,vallode,7,,,,N,266,1.4,190,0%,0,Dragon 270,Dragon 27,"8,5,5,8","8,5,5,12",Double Dragon,,,90000,Lao-ShanCarapace x5; Lao-Shan's Scale+ x7; Dark Stone x3,,Ultimus Heaven&Earth,,,,,,,,,
5,blademaster_weapon,259,Barbaroi Blade,great-sword,3,vallode,3,,,,N,480,4.8,100,0%,1,Fire 250,Fire 25,"9,4,11,1","9,4,11,6",Sentinel,2150,Flame Sac x4; Iron Ore x30; Carpenterbug x8; Unknown Skull x1,2150,Machalite Ore x8; Unknown Skull x1; Flame Sac x3,,Crimson Goat,,,,,,,,,
5,blademaster_weapon,260,Crimson Goat,great-sword,4,vallode,4,,4,,N,624,4.8,130,0%,1,Fire 500,Fire 50,"3,7,18,2","3,7,18,4,3",Barbaroi Blade,,,6350,Machalite Ore x12; Gravios Shell x4; Firestone x3,,,,,,,,,,,
5,blademaster_weapon,261,Shiny Rathalos Sword,great-sword,7,vallode,7,,7,,N,864,4.8,180,0%,2,Fire 520,Fire 52,"13,1,6,13,2","13,1,6,13,4,3",Blue Wing,,,70000,Azure Rthlos Cpc x6; Azur Rthlos Wing x3; Rathalos Ruby x1,,,,,,,,,,,
5,blademaster_weapon,262,Torment (Purgatory),hammer,7,vallode,7,,,,N,988,5.2,190,0%,1,Fire 310,Fire 31,"8,7,7,11,2","8,7,7,11,5,2",Torment Hammer,,,70000,Blk Gravios Cpc x12; Blk Gravios Skl x2; Gravios BrainStm x3,,,,,,,,,,,
5,blademaster_weapon,263,White Disaster,lance,7,vallode,7,,,,N,437,2.3,190,15%,2,Water 220,Water 22,"3,4,17,7,4","3,4,17,7,5,4",Ceramic Blos Lance+,,,75000,Top-GrdPlatHorn x1; WhtMonoblosThora x4; Diablos Thoracic x6,,White Catastrophe,,,,,,,,,
5,blademaster_weapon,264,Velocidrome Bite+,sword-and-shield,2,vallode,2,,,,N,168,1.4,120,0%,1,,,"12,1,3,7","12,1,3,12",Assassin's Dagger,1290,Velocidrome Claw x6; Velocidrome Head x1; Med Monster Bone x4; Conga Pelt x6,1290,Velocidrome Claw x4; Velocidrome Hide x2; Machalite Ore x3,,Velocidrome Bite+; Raven Blade; Velociprey Claws,,,,,,,,,
5,blademaster_weapon,265,"Iron Fans ""Gavas""",,,,,,,,,,,,,,,,,,,,,,,,,,,,,,,,,dummy
5,blademaster_weapon,266,Crimson Scythe,long-sword,3,vallode,3,,,,N,624,4.8,130,0%,0,Fire 120,Fire 12,"9,4,11,1","9,4,11,6",Dark Scythe,,,3100,Blood Red Horn x1; Flame Sac x3; Monster Fluid x5,,Monoblos Scythe; White Mantis,,,,,,,,,
5,blademaster_weapon,267,White Mantis,long-sword,4,vallode,4,,,,N,672,4.8,140,0%,0,Water 210,Water 21,"9,4,11,6","9,4,11,7,4",Crimson Scythe,,,3100,Wht Monoblos Hrn x1; Wht Monoblos Spn x4; Hercudrome x2,,Frost Ripper,,,,,,,,,
5,blademaster_weapon,268,Sentoryu Raven,great-sword,5,vallode,5,,,,N,672,4.8,140,20%,0,,,"9,4,11,6","9,4,11,7,4",Chick Decapitator,10000,Garuga Wing x2; Garuga Shell x3; Garuga Tail x2; Giant Bone x2,10000,Garuga Wing x1; Garuga Shell x5; Sharpened Beak x1,,Sentoryu Wolf,,,,,,,,,
5,blademaster_weapon,269,Teostra Blade,great-sword,7,vallode,7,,,,N,768,4.8,160,0%,0,Fire 480,Fire 48,"5,3,9,13","5,3,9,14,4",Weathered Grt Sword,,,80000,Teostra Horn+ x1; Teostra Shell x6; Fire Dragon Pwdr x2,,King Teostra Blade,,,,,,,,,
5,blademaster_weapon,270,True Dragon's Jaw,great-sword,7,vallode,7,,7,,N,1056,4.8,220,0%,2,,,"9,4,11,7,4","9,4,11,7,6,3",Wyvern Agito,,,55000,Pnk Rathian Cpc x3; Coral Cphlos Fin x3; Congalala Claw x10,,,,,,,,,,,
5,blademaster_weapon,271,Saber,long-sword,5,vallode,5,,,,N,720,4.8,150,0%,0,Fire 350,Fire 35,"8,3,10,4","8,3,11,8","Iron Katana ""Gospel""",5600,Lunastra Mane x1; Lunastra Horn x2; Lunastra Shell x4; Commendation x2,5600,Lunastra Shell x2; Fire Drgn Webbng x2; Fire Dragon Scl x4,,Lion Dance Saber,,,,,,,,,
5,blademaster_weapon,272,Lion Dance Saber,long-sword,7,vallode,7,,,,N,816,4.8,170,0%,0,Fire 400,Fire 40,"9,4,11,6","9,4,11,7,4",Saber,,,50000,Firecell Stone x5; Lunastra Horn x2; Lunastra Tail x4,,Lion King Saber,,,,,,,,,
5,blademaster_weapon,273,Guardian Sword,long-sword,6,vallode,6,,,,N,912,4.8,190,0%,3,,,"5,3,9,8","5,3,9,13",Carbalite Sword,30000,Plus Class Ticket x1; Novacrystal x1,30000,Novacrystal x2; Lightcrystal x15; Carbalite Ore x10,,Imperial Sword,,,,,,,,,
5,blademaster_weapon,274,True Devil Slicer,long-sword,7,vallode,7,,,,N,816,4.8,170,0%,1,Thunder 520,Thunder 52,"16,3,2,9,5","16,3,2,9,7,3",Devil Slicer,,,70000,Carbalite Ore x10; Dragonite Ore x20; Thunder Sac x4; Pale Khezu Steak x1,,Wailing Cleaver,,,,,,,,,
5,blademaster_weapon,275,White Serpentblade,great-sword,2,vallode,2,,,,N,384,4.8,80,0%,0,Ice 120,Ice 12,"13,1,6","13,1,6,5",Buster Sword,1100,Giaprey Hide x6; Sharp Claw x4; Iron Ore x5; Brute Bone x3,1100,Giaprey Scale x5; Sm Monster Bone x3; Carpenterbug x2,Plus Class Ticket x1; Giaprey Scale x1,Silver Serpentblade,,,,,,,,,
5,blademaster_weapon,276,Plesioth Crystasword,great-sword,4,vallode,4,,,,N,672,4.8,140,0%,0,Water 470,Water 47,"13,1,6,10","13,1,6,13,2",Plesioth Watersword,,,6350,Grn Plesioth Fin x4; Grn Plesioth Scl x5; Monster Bone+ x2,,Plesioth Azureblade,,,,,,,,,
5,blademaster_weapon,277,Scythe of Menace,long-sword,6,vallode,6,,,,N,960,4.8,200,-10%,0,Poison 320,Poison 32,"12,11,5,4,3","12,11,5,4,8",Tormentor,,,65000,Master's Skull x2; Toxin Sac x8; Union Ore x10,,Big Menacing Scythe,,,,,,,,,
5,blademaster_weapon,278,Enforcer's Axe,great-sword,6,vallode,6,,6,,N,1104,4.8,230,-5%,1,,,"8,3,11,8","8,3,11,10,3",Executioner+,,,60000,Rathian Carapace x5; Diablos Shell x8; Wht Monoblos Spn x5,,,,,,,,,,,
5,blademaster_weapon,279,Plesioth Azureblade,great-sword,6,vallode,6,,,,N,816,4.8,170,0%,0,Water 620,Water 62,"13,1,6,13,2","13,1,6,13,4,3",Plesioth Crystasword,,,55000,Grn Plsioth Fin+ x4; Grn Plsioth Scl+ x5; Plesioth Scale+ x5,,Plesioth Wave Sword,,,,,,,,,
5,blademaster_weapon,280,Smolder Dragonsword,long-sword,8,vallode,8,,,,N,816,4.8,170,0%,1,Dragon 520,Dragon 52,"16,3,2,9,5","16,3,2,9,7,3",Red Dragonsword,,,95000,Azure LaoS Horn x3; Lunastra Horn x3; Firecell Stone x5,,Knockout Dragonsword,,,,,,,,,
5,blademaster_weapon,281,Blushing Dame,great-sword,7,vallode,7,,,,N,864,4.8,180,0%,2,Dragon 220,Dragon 22,"9,4,11,7,4","9,4,11,7,6,3",Titernia,,,70000,Pnk Rathian Cpc x4; Pnk Rathian Scl+ x5; Rathian Ruby x1,,Alveblade,,,,,,,,,
5,blademaster_weapon,282,Pael Keizah,great-sword,7,vallode,7,,,,N,912,4.8,190,0%,1,Dragon 230,Dragon 23,"13,1,6,13,2","13,1,6,13,4,3",Obelion,,,70000,Azure Rthlos Cpc x10; Azur Rthlos Wing x2; Rathalos Plate x2,,Alveblade,,,,,,,,,
5,blademaster_weapon,283,Steel Ice Blade,great-sword,5,vallode,5,,,,N,672,4.8,140,0%,0,Ice 200,Ice 20,"16,3,2,4","16,3,2,9",Tarnished Great Swd,,,35000,Daora Webbing x3; Eldr Dragon Bone x5; DaoraDragonScale x10,,Steel Ice Blade+,,,,,,,,,
5,blademaster_weapon,284,Steel Ice Blade+,great-sword,5,vallode,5,,,,N,672,4.8,140,0%,0,Ice 200,Ice 20,"16,3,2,4","16,3,2,9",Tarnished Great Swd,,,35000,Daora Webbing x3; Eldr Dragon Bone x5; DaoraDragonScale x10,,Steel Ice Blade+,,,,,,,,,
5,blademaster_weapon,285,Devil Slicer,long-sword,4,vallode,4,,,,N,720,4.8,150,0%,1,Thunder 450,Thunder 45,"13,1,6,10","13,1,6,13,2",Eager Cleaver,,,6350,Dragonite Ore x5; Machalite Ore x20; Thunderbug Juice x4; Kirin Thndr Tail x2,,True Devil Slicer,,,,,,,,,
5,blademaster_weapon,286,Chrome Death Razor,great-sword,8,vallode,8,,8,,N,912,4.8,190,0%,0,Poison 500,Poison 50,"16,3,2,9,5","16,3,2,9,7,3",Chrome Razor,,,7150,Azure LaoS Horn x1; Daora Jewel x1; Chameleos Jewel x1,,,,,,,,,,,
5,blademaster_weapon,287,Eternal Eradicator,great-sword,8,vallode,8,,,,N,720,4.8,150,0%,1,Dragon 840,Dragon 84,"13,1,6,13,2","13,1,6,13,4,3",Eternal Annihilator,,,65000,Fatalis Scale x10; Fatalis CrmsnScl x10; Fatalis DevilEye x1,,Eternal Destroyer,,,,,,,,,
5,blademaster_weapon,288,Black Belt Blade,great-sword,4,vallode,4,,,,N,720,4.8,150,0%,2,,,"5,3,9,8","5,3,9,13",,6000,Blackbelt Ticket x8; Blangonga Coin x10; Shogun Coin x8; Daimyo Coin x10,,,,Expert Blade,,,,,,,,,
5,blademaster_weapon,289,Expert Blade,great-sword,8,vallode,8,,,,N,1008,4.8,210,0%,3,,,"8,3,11,8","8,3,11,10,3",Black Belt Blade,,,20000,Expert Ticket x15; Rajang Coin x3; Gld Rathian Scl+ x3,,Warrior's Blade,,,,,,,,,
5,blademaster_weapon,290,Worn Great Sword,great-sword,6,vallode,6,,,,N,624,4.8,130,0%,0,,,"18,2","18,2,5",,1000,AncientFlatstone x1,,,,Weathered Grt Sword,,,,,,,,,
5,blademaster_weapon,291,Weathered Grt Sword,great-sword,6,vallode,6,,,,N,720,4.8,150,0%,0,,,"12,11,2","12,11,5,2",Worn Great Sword,,,12500,Earth Crystal x20,,Epitaph Blade; Teostra Blade,,,,,,,,,
5,blademaster_weapon,292,Crab Cutter,long-sword,6,vallode,6,,,,N,864,4.8,180,0%,1,,,"9,4,11,6","9,4,11,7,4",Tormentor; Great Pincer,40000,Hermitaur Claw+ x4; Hermitaur Claw x6; Stout Bone x3; Black Pearl x10,40000,Hermitaur Claw+ x2; Hermitaur Shell x10; Hrd Monster Bone x2,,Daimyo Cutter,,,,,,,,,
5,blademaster_weapon,293,Epitaph Blade,great-sword,7,vallode,7,,,,N,960,4.8,200,-20%,0,Dragon 100,Dragon 10,"3,7,18,4,3","3,7,18,4,4,4",Weathered Grt Sword,,,60000,Earth Crystal x40; ElderDragonBlood x5,,Epitaph Eternal,,,,,,,,,
5,blademaster_weapon,294,Bone Horn,hunting-horn,2,vallode,2,,,,N,572,5.2,110,0%,1,,,"10,1,3,1","10,1,3,6",Ivory Horn; Cyclo-Hammer,1575,Hard Ticket x1; Brute Bone x1,1575,Blue Mushroom x3; Giant Bone x1,,Bone Horn+; Blessed Ocarina,,,,,,,,,
5,blademaster_weapon,295,War Drum,hunting-horn,3,vallode,3,,,,N,624,5.2,120,0%,1,,,"5,4,11","5,4,14,2",Ivory Horn,1935,Congalala Pelt x4; Med Monster Bone x2; Fire Herb x5,1935,Conga Pelt x8; Brute Bone x3; Fire Herb x3,,War Drum+,,,,,,,,,
5,blademaster_weapon,296,Sonic Glass,hunting-horn,3,vallode,3,,,,N,624,5.2,120,5%,0,,,"10,1,3,11","10,1,3,16",Skullcrusher+,2340,Lightcrystal x2; Vespoid Wing x6; Hornetaur Wing x6; Killer Beetle x5,2340,Vespoid Abdomen x1; Vespoid Shell x4; Hornetaur Shell x4,,Sonic Glass+,,,,,,,,,
5,blademaster_weapon,297,Sonic Glass+,hunting-horn,3,vallode,3,,,,N,624,5.2,120,5%,0,,,"10,1,3,11","10,1,3,16",Skullcrusher+,2340,Lightcrystal x2; Vespoid Wing x6; Hornetaur Wing x6; Killer Beetle x5,2340,Vespoid Abdomen x1; Vespoid Shell x4; Hornetaur Shell x4,,Sonic Glass+,,,,,,,,,
5,blademaster_weapon,298,Devil Masher,hammer,8,vallode,8,,,,N,1040,5.2,200,0%,1,Paralysis 140,Paralysis 14,"6,4,8,12","6,4,8,12,5",Great Demon Hammer,,,55000,Gendrome Skull x3; Vespoid Abdomen x3; Gld Rathian Cpc x3,,Devil Masher+,,,,,,,,,
5,blademaster_weapon,299,Sanctioned Gunhammer,hammer,6,vallode,6,,,,N,832,5.2,160,0%,2,Fire 500,Fire 50,"8,7,7,11,2","8,7,7,11,5,2",Dead Revolver,,,60000,Firecell Stone x4; Carbalite Ore x20; Monster Broth x2; FireWyvrn BrnStm x1,,Regulation GunHammer,,,,,,,,,
5,blademaster_weapon,300,War Stamp,hammer,6,vallode,6,,,,N,1040,5.2,200,0%,1,,,"3,2,17,8","3,2,17,12,1",Anvil Hammer,,,30000,Dragonite Ore x15; Carbalite Ore x15; Disk Stone x50,,War Basher,,,,,,,,,
5,blademaster_weapon,301,War Basher,hammer,7,vallode,7,,7,,N,1144,5.2,220,0%,2,,,"3,2,17,12,1","3,2,17,12,4,2",War Stamp,,,75000,Carbalite Ore x30; Machalite Ore x40; Black Blos Cpc x10,,,,,,,,,,,
5,blademaster_weapon,302,Metal Bagpipe,hunting-horn,2,vallode,2,,,,N,676,5.2,130,-5%,1,,,"3,2,15","3,2,17,3",War Mace,2340,Black Pearl x2; Machalite Ore x12; Screamer x3,2340,Black Pearl x5; Machalite Ore x17; Iron Ore x5; Velocidrome Head x1,,Great Bagpipe,,,,,,,,,
5,blademaster_weapon,303,Dragon Demolisher,hammer,8,vallode,8,,,,N,936,5.2,180,0%,0,Dragon 410,Dragon 41,"3,2,17,12,1","3,2,17,12,4,2",Dragonbreaker,,,95000,Azure LaoS Shell x5; Lao-Shan's Ruby x1; Novacrystal x3,,Claw of Doom,,,,,,,,,
5,blademaster_weapon,304,Khezu Horn,hunting-horn,3,vallode,3,,,,N,624,5.2,120,0%,1,Thunder 200,Thunder 20,"9,2,13,1","9,2,13,6",Atlas Hammer,2790,Flabby Hide x5; Electro Sac x4; Machalite Ore x6; Lg Monster Bone x6,2790,Flabby Hide x3; Pale Extract x4; Electro Sac x2,,Khezu Horn+,,,,,,,,,
5,blademaster_weapon,305,Kut-Ku Pick,hammer,4,vallode,4,,4,,N,884,5.2,170,10%,3,,,"9,2,13,6","9,2,13,7,4",Kut-Ku Jaw,5600,Plus Class Tcket x1; Rainbow Ore x1; Monster Bone+ x1,5600,Kut-Ku Ear x4; Vibrant Pelt x2; Monster Bone+ x4,,Hard Bone Hammer; Feather Whistle,,,,,,,,,
5,blademaster_weapon,306,Great Nova,hammer,6,vallode,6,,,,N,936,5.2,180,0%,2,Thunder 300,Thunder 30,"8,7,7,11,2","8,7,7,11,5,2",Crystal Nova,,,50000,Novacrystal x3; Basarios Carpace x8; Thunder Sac x5,,Super Nova,,,,,,,,,
5,blademaster_weapon,307,Blessed Ocarina,hunting-horn,5,vallode,5,,,,N,832,5.2,160,0%,0,Poison 290,Poison 29,"14,4,6,1","14,4,6,6",Bone Horn,10000,Chameleos Tail x2; Chameleos Hide x4; ChameleosWebbing x2; Dragonite Ore x5,10000,Chameleos Tail x1; Chameleos Hide x3; Chameleos Horn x2,,Cursed Ocarina,,,,,,,,,
5,blademaster_weapon,308,Black Belt Hammer,hammer,4,vallode,4,,,,N,780,5.2,150,0%,3,,,"8,7,7,3","8,7,7,8",,6000,Blackbelt Ticket x8; Gravios Coin x5; Diablos Coin x8; Daimyo Coin x10,,,,Expert Hammer,,,,,,,,,
5,blademaster_weapon,309,Expert Hammer,hammer,8,vallode,8,,,,N,1092,5.2,210,0%,3,,,"3,2,17,8","3,2,17,12,1",Black Belt Hammer,,,20000,Expert Ticket x15; Tigrex Coin x8; Gld Rathian Cpc x3,,Warrior's Hammer,,,,,,,,,
5,blademaster_weapon,310,Worn Hammer,hammer,6,vallode,6,,,,N,676,5.2,130,0%,0,,,"19,1","19,2,4",,1000,Lg Ancient Stone x1,,,,Weathered Hammer,,,,,,,,,
5,blademaster_weapon,311,Weathered Hammer,hammer,6,vallode,6,,,,N,780,5.2,150,0%,0,,,"19,2,4","19,2,5,4",Worn Hammer,,,12500,Earth Crystal x20,,Pulsating Core; Steel Ice Hammer,,,,,,,,,
5,blademaster_weapon,312,Iron Striker+,hammer,2,vallode,2,,,,N,624,5.2,120,0%,0,,,"9,2,13,1","9,2,13,6",War Mace,2150,Earth Crystal x10; Iron Ore x20; Disk Stone x20,2150,Iron Ore x12; Machalite Ore x5; Earth Crystal x3,,Iron Striker+; Gunhammer Prototype,,,,,,,,,
5,blademaster_weapon,313,Pulsating Core,hammer,7,vallode,7,,,,N,1040,5.2,200,-20%,2,,,"19,2,5,7,2","19,2,5,7,4,3",Weathered Hammer,,,60000,Earth Crystal x40; ElderDragonBlood x5,,Pulse Crusher Core,,,,,,,,,
5,blademaster_weapon,314,War Bongo,hunting-horn,6,vallode,6,,,,N,1092,5.2,210,0%,1,,,"8,7,7,8","8,7,7,11,2",War Drum+,50000,Congalala Pelt+ x4; Vibrant Pelt x6; Conga Pelt+ x8; Hrd Monster Bone x3,50000,Congalala Pelt+ x3; Conga Pelt+ x6; Stout Bone x2,Plus Class Tcket x1; Congalala Pelt+ x1,War Conga,,,,,,,,,
5,blademaster_weapon,315,Blood Horn,hunting-horn,6,vallode,6,,,,N,936,5.2,180,0%,1,Thunder 320,Thunder 32,"14,4,6,6","14,4,6,7,4",Khezu Horn+,,,40000,Alluring Webbing x2; Alluring Hide x8; Electro Sac x5,,Blood Flute,,,,,,,,,
5,blademaster_weapon,316,Bronze Bell,hunting-horn,5,vallode,5,,,,N,936,5.2,180,0%,1,,,"9,2,13,6","9,2,13,7,4",Anvil Hammer,35000,Gaoren Pincer x2; Gaoren Shell x6; Gaoren Spine x2; Iron Ore x20,35000,Gaoren Pincer x1; Gaoren Shell x4; Gaoren Claw x1,,Gaoren Bell,,,,,,,,,
5,blademaster_weapon,317,Dragonwood Horn,hunting-horn,5,vallode,5,,6,,N,624,5.2,120,0%,0,Paralysis 140,Paralysis 14,"19,2,5,4","19,2,5,7,2",,20000,Dragonwood x2; Dragonmoss x3; Monster Fluid x10; Thunderbug x20,,,,Spirit Dragonwd Horn,,,,,,,,,
5,blademaster_weapon,318,Dark,lance,6,vallode,6,,,,N,322,2.3,140,0%,1,Paralysis 230,Paralysis 23,"9,5,9,10,5,2","9,5,9,10,5,5,2",Dark Spear,,,55000,HornetaurInnrWng x5; Hornetaur Crapce x8; Gendrome Tail x5,,Darkness,,,,,,,,,
5,blademaster_weapon,319,Sanctioned Gunlance,lance,6,vallode,6,,6,,N,414,2.3,180,0%,2,Fire 250,Fire 25,"5,7,5,16,2","5,7,5,16,5,2",Gatling Lance+,,,65000,Firecell Stone x6; Carbalite Ore x25; Inferno Sac x10,,,,,,,,,,,
5,blademaster_weapon,320,Dragon Rider Spear,lance,8,vallode,8,,8,,N,506,2.3,220,0%,0,,,"5,7,5,16,2","5,7,5,16,5,2",Grayburg Javelin,,,75000,Union Ore x10; Daora Claw x3; Daora Carapace x5,,Dragoon's Gáe Bulg,,,,,,,,,
5,blademaster_weapon,321,Incessant Raven,lance,5,vallode,5,,,,N,368,2.3,160,0%,1,Poison 80,Poison 8,"9,5,9,7","9,5,9,10,2",Barbaroi Tusk,10000,Garuga Tail x3; Sharpened Beak x1; Garuga Ear x2; Machalite Ore x10,10000,Garuga Tail x1; Garuga Wing x2; Garuga Scale x5,,Incessant Wolf,,,,,,,,,
5,blademaster_weapon,322,Black Ruiner Lance,lance,8,vallode,8,,,,N,460,2.3,200,-20%,0,Dragon 380,Dragon 38,"11,8,5,8,3","11,8,5,8,5,3",Black Lance,,,100000,Fatalis CrmsnHrn x3; Fatalis CrmsnShl x5; Chameleos Jewel x2,,True Blk Dragon Spr+,,,,,,,,,
5,blademaster_weapon,323,Black Tempest,lance,7,vallode,7,,,,N,552,2.3,240,-30%,1,,,"7,4,15,6,3","7,4,15,6,4,4",Diablo Spear,,,75000,TwstBlkBlosHrn x4; Blk Blos Thracic x4; Black Blos Cpc x8,,Rising Tempest,,,,,,,,,
5,blademaster_weapon,324,Steel Ice Spear,lance,5,vallode,5,,,,N,322,2.3,140,0%,0,Ice 200,Ice 20,"11,8,5,1","11,8,5,6",Tarnished Lance,,,35000,Daora Tail x1; Daora Shell x3; DaoraDragonScale x4,,Steel Ice Spear+,,,,,,,,,
5,blademaster_weapon,325,Steel Ice Spear+,lance,5,vallode,5,,,,N,322,2.3,140,0%,0,Ice 200,Ice 20,"11,8,5,1","11,8,5,6",Tarnished Lance,,,35000,Daora Tail x1; Daora Shell x3; DaoraDragonScale x4,,Steel Ice Spear+,,,,,,,,,
5,blademaster_weapon,326,Blue Tail,lance,4,vallode,4,,,,N,322,2.3,140,0%,1,Fire 300,Fire 30,"9,5,9,7","9,5,9,10,2",Red Tail,,,4900,Azur Rthlos Tail x3; Azure Rthlos Shl x5; FireWyvrn Marrow x1,,Blue Prominence,,,,,,,,,
5,blademaster_weapon,327,Blue Prominence,lance,7,vallode,7,,,,N,391,2.3,170,0%,1,Fire 420,Fire 42,"9,5,9,10,2","9,5,9,10,5,2",Blue Tail,,,70000,Azur Rthlos Tail x10; Azure Rthlos Cpc x6; Rathalos Ruby x1,,Prominence Soul,,,,,,,,,
5,blademaster_weapon,328,Thunderspear,lance,5,vallode,5,,,,N,322,2.3,140,0%,0,Thunder 300,Thunder 30,"3,7,4,16","3,7,4,16,5",Paralyzer,20000,Kirin Horn x3; Kirin Hide x8; Rubbery Hide x5; Thunderbug x16,20000,Kirin Horn x1; Kirin Mane x2; Thunderbug x8,,Thunderlance,,,,,,,,,
5,blademaster_weapon,329,Black Gravios Spear,lance,5,vallode,5,,,,N,368,2.3,160,0%,0,Fire 200,Fire 20,"9,5,9,7","9,5,9,10,2",Basarios Venom Spear,,,30000,Blk Gravios Skl x1; Blk Gravios Shl x8; Firestone x6,,Void Gravios Spear,,,,,,,,,
5,blademaster_weapon,330,Black Belt Lance,lance,4,vallode,4,,,,N,345,2.3,150,0%,2,,,"5,5,9,6","5,5,9,11",,6000,Blackbelt Ticket x8; Congalala Coin x10; Plesioth Coin x10; Kut-Ku Coin x15,,,,Expert Lance,,,,,,,,,
5,blademaster_weapon,331,Expert Lance,lance,8,vallode,8,,,,N,460,2.3,200,0%,3,Poison 80,Poison 8,"5,5,9,11","5,5,9,13,3",Black Belt Lance,,,20000,Expert Ticket x15; Kirin Coin x5; Slvr Rthlos Tail x2,,Warrior's Lance,,,,,,,,,
5,blademaster_weapon,332,Worn Spear,lance,6,vallode,6,,,,N,299,2.3,130,0%,0,,,"16,4","16,5,4",,1000,Ancient StoneRod x1,,,,Weathered Spear,,,,,,,,,
5,blademaster_weapon,333,Weathered Spear,lance,6,vallode,6,,,,N,345,2.3,150,0%,0,,,"16,5,4","16,5,4,5",Worn Spear,,,12500,Earth Crystal x20,,Matenro; Teostra's Howl,,,,,,,,,
5,blademaster_weapon,334,Teostra's Howl,lance,7,vallode,7,,,,N,414,2.3,180,5%,0,Fire 180,Fire 18,"11,8,5,6","11,8,5,8,3",Weathered Spear,,,80000,Teostra Tail x4; Teostra Shell x8; Fire Dragon Pwdr x2,,Teostra's Roar,,,,,,,,,
5,blademaster_weapon,335,Matenro,lance,7,vallode,7,,,,N,483,2.3,210,-20%,2,,,"16,5,4,9,1","16,5,4,9,4,2",Weathered Spear,,,60000,Earth Crystal x40; ElderDragonBlood x5,,Sky Scraper,,,,,,,,,
5,blademaster_weapon,336,Dragonic Rim,lance,7,vallode,7,,,,N,414,2.3,180,0%,0,Dragon 200,Dragon 20,"5,5,9,11","5,5,9,13,3",Vermillion Rim,,,85000,Lao-ShanCarapace x3; Lao-Shan Scale+ x6; Gaoren Spine x6,,Sealed Dragonlance,,,,,,,,,
5,blademaster_weapon,337,Void Gravios Spear,lance,7,vallode,7,,,,N,414,2.3,180,0%,1,Fire 360,Fire 36,"9,5,9,10,2","9,5,9,10,5,2",Black Gravios Spear,,,70000,Blk Gravios Cpc x8; Gravios BrainStm x1; Firecell Stone x6,,Gravios Lance,,,,,,,,,
5,blademaster_weapon,338,Bladed Edge,dual-blades,4,vallode,4,,,,N,210,1.4,150,0%,2,,,"9,1,3,12","9,1,3,17",Chief Scythe,3400,Ceanataur Claw x2; Ceanataur Shell x4; Sm Ceanataur Shl x6; Carpenterbug x8,3400,Ceanataur Shell x4; Sharp Claw x4; Giant Bone x2,,Bladed Edge+,,,,,,,,,
5,blademaster_weapon,339,Bladed Edge+,dual-blades,4,vallode,4,,8,,N,210,1.4,150,0%,2,,,"9,1,3,12","9,1,3,17",Chief Scythe,3400,Ceanataur Claw x2; Ceanataur Shell x4; Sm Ceanataur Shl x6; Carpenterbug x8,3400,Ceanataur Shell x4; Sharp Claw x4; Giant Bone x2,,Bladed Edge+,,,,,,,,,
5,blademaster_weapon,340,Odyssey Blade,sword-and-shield,7,vallode,7,,,,N,280,1.4,200,0%,1,Water 350,Water 35,"8,2,9,13,3","8,2,9,13,6,2",Odyssey+,,,55000,Gravios BrainStm x1; Ceanataur Claw+ x1; Rathian Ruby x1,,Master Odyssey; Heavy Bang; Thunderblade Vajra,,,,,,,,,
5,blademaster_weapon,341,Deadly Battleaxe,sword-and-shield,6,vallode,6,,,,N,266,1.4,190,0%,0,Poison 350,Poison 35,"5,3,12,11,2","5,3,12,11,6,1",Upper Battleaxe,,,3810,Pur Gypceros Wng x7; Gypceros Head x3; Toxin Sac x6,,,,,,,,,,,
5,blademaster_weapon,342,Kirin Bolt Indora,sword-and-shield,5,vallode,5,,,,N,224,1.4,160,0%,2,Thunder 200,Thunder 20,"8,2,9,11","8,2,9,12,4",Frightbane,,,3810,Pur Rubbery Hide x8; Monster Bone+ x3; Pale Bone x1,,,,,,,,,,,
5,blademaster_weapon,343,Flaming Pair,dual-blades,5,vallode,5,,,,N,238,1.4,170,0%,0,Dragon 100,Dragon 10,"7,5,5,13","7,5,5,16,2",,40000,Lao-Shan's Horn x2; Lao-Shan's Scale x2; Lao-Shan's Claw x2; Firestone x4,,,,Crimson Lotus Blades; Blue Ogre Sword,,,,,,,,,
5,blademaster_weapon,344,Black Ruiner Sword,sword-and-shield,8,vallode,8,,,,N,280,1.4,200,-20%,0,Dragon 300,Dragon 30,"7,5,9,11,3","7,5,9,11,6,2",Black Sword,,,100000,Fatalis CrmsnHrn x2; Fatalis CrmsnScl x6; Daora Jewel x2,,True Blk Ruiner Swd,,,,,,,,,
5,blademaster_weapon,345,Cursed Spirit,sword-and-shield,7,vallode,7,,,,N,322,1.4,230,15%,2,,,"2,5,18,5","2,5,18,5,5",Spiked Bat,,,70000,TwstBlkBlosHrn x3; Blk Blos Thracic x3; Black Blos Cpc x4,,Black Curse,,,,,,,,,
5,blademaster_weapon,346,Rouge Flames,dual-blades,5,vallode,5,,,,N,210,1.4,150,0%,2,Poison 140,Poison 14,"8,13,6,3","8,13,6,4,3,1",Deadly Poison,,,10000,Chameleos Claw x4; Chameleos Tail x2; Chameleos Hide x6,,Dual Chameleos,,,,,,,,,
5,blademaster_weapon,347,Velociprey Claws,dual-blades,3,vallode,3,,,,N,196,1.4,140,0%,1,,,"7,3,8,7","7,3,8,12",Giaprey Claws+; Velocidrome Bite,,,2480,Velocidrome Claw x6; Velocidrome Head x1; Pale Extract x2,,Velociprey Claws+,,,,,,,,,
5,blademaster_weapon,348,Melting Wail,dual-blades,6,vallode,6,,,,N,252,1.4,180,0%,1,Fire 150; Poison 150,Fire 15; Poison 15,"7,5,5,8","7,5,5,13",Osteon Pick+,,,45000,Gravios Skl Shl x4; Blk Gravios Skl x4; Toxin Sac x4,,Melting Wail+,,,,,,,,,
5,blademaster_weapon,349,Golden Falchion,sword-and-shield,8,vallode,8,,,,N,252,1.4,180,0%,2,Fire 480,Fire 48,"20,1,3,10,1","20,1,3,10,5,1",Corona,,,75000,Gld Rathian Scl+ x10; Gld Rathian Cpc x8; Rathian Ruby x1,,Golden Falchion+,,,,,,,,,
5,blademaster_weapon,350,Sandman Spike,sword-and-shield,5,vallode,5,,,,N,210,1.4,150,0%,2,Sleep 260,Sleep 26,"7,5,9,9","7,5,9,11,3",Sandman Finsword,,,3360,Grn Plesioth Fin x5; Plesioth Fin x5; Sleep Sac x5,,High Sandman Spike,,,,,,,,,
5,blademaster_weapon,351,High Sandman Spike,sword-and-shield,7,vallode,7,,,,N,252,1.4,180,0%,2,Sleep 320,Sleep 32,"7,5,9,9","7,5,9,11,3",Sandman Spike,,,55000,Grn Plsioth Fin+ x4; Plesioth Fin+ x4; Coral Cphlos Fin x3,,,,,,,,,,,
5,blademaster_weapon,352,Melynx Tool,sword-and-shield,3,vallode,3,,,,N,126,1.4,90,0%,0,Paralysis 340,Paralysis 34,"5,3,13,4","5,3,13,9",Catspaw,,,1290,Pawprint Stamp x3; Felvine x10; FlynMealPassPlus x1,,Melynx Gadget; Shaka Poison Bite,,,,,,,,,
5,blademaster_weapon,353,Black Belt Sword,sword-and-shield,4,vallode,4,,,,N,196,1.4,140,0%,2,,,"13,1,3,13","13,1,3,13",,6000,Blackbelt Ticket x8; Yian Garuga Coin x10; Khezu Coin x10; Cephadrome Coin x10,,,,Expert Sword,,,,,,,,,
5,blademaster_weapon,354,Expert Sword,sword-and-shield,8,vallode,8,,,,N,238,1.4,170,0%,3,Paralysis 120,Paralysis 12,"13,1,3,13","13,1,3,16,2",Black Belt Sword,,,20000,Expert Ticket x15; Fire Coin x10; Hrd Monster Bone x4,,Warrior's Sword,,,,,,,,,
5,blademaster_weapon,355,Hi Ninja Sword,sword-and-shield,8,vallode,8,,8,,N,280,1.4,200,30%,0,,,"1,2,3,14","1,2,3,19",Ninja Sword,,,75000,Lao-Shan's Horn x3; Teostra Horn x3; Pokke Ticket+ x1,,,,,,,,,,,
5,blademaster_weapon,356,Thor's Dagger,sword-and-shield,8,vallode,8,,,,N,238,1.4,170,0%,2,Thunder 390,Thunder 39,"5,3,13,12,2","5,3,13,12,6,1",Kirin Bolt Ultimus,,,60000,Kirin Azure Horn x3; Kirin Hide+ x4; Kirin Thndr Tail x5,,,,,,,,,,,
5,blademaster_weapon,357,Ultimus Heaven&Earth,dual-blades,8,vallode,8,,,,N,280,1.4,200,0%,1,Dragon 300,Dragon 30,"8,5,5,15,3","8,5,5,15,5,2",Dual Dragon Ultimus,,,100000,Azure LaoS Horn x2; Fatalis CrmsnHrn x2; Fatalis DevilEye x4,,Dual Dragon Ultimus+; Azure Ogre Sword,,,,,,,,,
5,blademaster_weapon,358,Improved Power Saws,dual-blades,8,vallode,8,,,,N,294,1.4,210,0%,1,Thunder 160,Thunder 16,"9,1,3,17","9,1,3,17,5",Sanctioned Blades,,,60000,Kirin Azure Horn x4; Thunder Sac x10; Rajang Claw x2,,Divine Power Saws,,,,,,,,,
5,blademaster_weapon,359,Guild Knight Sabers,dual-blades,7,vallode,7,,,,N,266,1.4,190,0%,2,Water 230,Water 23,"12,5,5,10,3","12,5,5,10,8",Holy Saber,,,70000,Novacrystal x5; Union Ore x10; Rare Scarab x10,,Master Sabers,,,,,,,,,
5,blademaster_weapon,360,Insect Slicer,dual-blades,6,vallode,6,,,,N,224,1.4,160,0%,1,,,"7,5,5,16,5,2","7,5,5,16,5,5,2",Insector+,,,55000,Vespoid InnrWng x8; HornetaurInnrWng x8; King Scarab x10,,Alated Insect,,,,,,,,,
5,blademaster_weapon,361,Corpse Blades,dual-blades,8,vallode,8,,,,N,266,1.4,190,0%,1,Fire 390,Fire 39,"15,3,9,7,1","15,3,9,7,4,2",Gradios Ultimus,,,85000,Slvr Rthlos Scl+ x6; Gld Rathian Scl+ x6; Rathalos Ruby x1,,Punishment Blades,,,,,,,,,
5,blademaster_weapon,362,Worn Blades,dual-blades,6,vallode,6,,,,N,168,1.4,120,0%,0,,,"12,3","12,5,3",,1000,Sm Ancient Stone x1,,,,Weathered Blades,,,,,,,,,
5,blademaster_weapon,363,Weathered Blades,dual-blades,6,vallode,6,,,,N,182,1.4,130,0%,0,,,"12,5,3","12,5,5,3",Worn Blades,,,12500,Earth Crystal x20,,Eternal Schism; Hi Twin Daggers,,,,,,,,,
5,blademaster_weapon,364,Melting Wail+,dual-blades,6,vallode,6,,,,N,252,1.4,180,0%,1,Fire 150; Poison 150,Fire 15; Poison 15,"7,5,5,8","7,5,5,13",Osteon Pick+,,,45000,Gravios Skl Shl x4; Blk Gravios Skl x4; Toxin Sac x4,,Melting Wail+,,,,,,,,,
5,blademaster_weapon,365,Eternal Schism,dual-blades,7,vallode,7,,,,N,182,1.4,130,-20%,1,Dragon 480,Dragon 48,"12,5,5,10,3","12,5,5,10,8",Weathered Blades,,,60000,Earth Crystal x40; ElderDragonBlood x5; Wyvern Stone x10,,Eternal Sacrifice,,,,,,,,,
5,blademaster_weapon,366,Obelion,great-sword,6,vallode,6,,,,N,816,4.8,170,0%,1,Dragon 180,Dragon 18,"13,1,6,10","13,1,6,13,2",Spartacus Blade,,,50000,Rathalos Scale+ x6; Azure Rthlos Shl x4; Azure Rthlos Scl x6,,Pael Keizah,,,,,,,,,
5,blademaster_weapon,367,Titernia,great-sword,5,vallode,5,,,,N,768,4.8,160,0%,2,Dragon 160,Dragon 16,"9,4,11,6","9,4,11,7,4",Valkyrie Blade,,,7150,Pnk Rathian Shl x4; Pnk Rathian Scl x5; Eldr Dragon Bone x2,,Blushing Dame,,,,,,,,,
5,blademaster_weapon,368,Ceramic Blos Lance,lance,4,vallode,4,,,,N,322,2.3,140,0%,1,Water 150,Water 15,"3,4,17,1","3,4,17,6",Crimson Lance,,,4250,Wht Monoblos Hrn x1; Wht Monoblos Spn x2; Wht Monoblos Shl x4,,Ceramic Blos Lance+,,,,,,,,,
5,blademaster_weapon,369,Death Venom Hammer,hammer,7,vallode,7,,,,N,936,5.2,180,10%,1,Poison 350,Poison 35,"19,2,5,7,2","19,2,5,7,4,3",Venom Monster,,,60000,Rubbery Hide+ x10; Toxin Sac x5; Splendid Beak x5,,Purple Mace,,,,,,,,,
5,blademaster_weapon,370,Legendary Replica,dual-blades,5,vallode,5,,,,N,238,1.4,170,0%,2,,,"9,1,3,7","9,1,3,12",Hero's Blade Replica,,,10000,Pokke Ticket x1; ElderDragonBlood x1; Commendation x1,,,,,,,,,,,
5,blademaster_weapon,371,Demon Halberd,long-sword,7,vallode,7,,,,N,864,4.8,180,10%,0,Thunder 180,Thunder 18,"9,4,11,6","9,4,11,7,4",Carbalite Sword+,80,Rajang Fang x3; Blk Rajang Pelt x5; Gold Rajang Pelt x1; Commendation x4,80000,Rajang Fang x3; Blk Rajang Pelt x4; Union Ore x8,,Great Demon Halberd,,,,,,,,,
5,blademaster_weapon,372,Rusty Claymore,long-sword,6,vallode,6,,,,N,912,4.8,190,10%,0,,,"5,3,9,8","5,3,9,13",Agito,,,30000,Novacrystal x2; Rathalos Shell x5; Daora Shell x5,,Grind Claymore,,,,,,,,,
5,blademaster_weapon,373,Grind Claymore,long-sword,7,vallode,7,,,,N,960,4.8,200,10%,1,,,"5,3,9,13","5,3,9,14,4",Rusty Claymore,,,60000,Rathalos Scale+ x5; Rathalos Wing x3; DaoraDragonScale x20,,Gaelic Flame,,,,,,,,,
5,blademaster_weapon,374,Polytan G,,,,,,,,,,,,,,,,,,,,,,,,,,,,,,,,,dummy
5,blademaster_weapon,375,Chick Decapitator,great-sword,2,vallode,2,,,,N,528,4.8,110,10%,0,,,"5,3,9,3","5,3,9,8",Bone Slasher,,,2150,Kut-Ku Shell x2; Kut-Ku Scale x4; Carpenterbug x3,,Chicken Decapitator; Sentoryu Raven,,,,,,,,,
5,blademaster_weapon,376,Great Demon Rod,great-sword,8,vallode,8,,,,N,864,4.8,180,20%,0,Thunder 380,Thunder 38,"18,2,7,7,1","18,2,7,7,4,2",Demon Rod,,,90000,Rajang Horn x3; Rajang Claw x5; Gold Rajang Pelt x1,,Great Demon Hot Rod,,,,,,,,,
5,blademaster_weapon,377,Kirin Thundersword,great-sword,5,vallode,5,,,,N,624,4.8,130,0%,0,Thunder 550,Thunder 55,"5,3,9,13","5,3,9,14,4",Executioner,20000,Kirin Horn x7; Kirin Mane x2; Rubbery Hide x2; Lightcrystal x3,20000,Kirin Horn x4; Kirin Mane x4; Rubbery Hide x4,,King Thundersword,,,,,,,,,
5,blademaster_weapon,378,Black Blade,great-sword,5,vallode,5,,,,N,720,4.8,150,0%,0,Dragon 140,Dragon 14,"16,3,2,4","16,3,2,9",,15000,Dark Stone x1; Dark Piece x4; Pokke Ticket x1,,,,Fatalis Blade; Fatalis Ancestor,,,,,,,,,
5,blademaster_weapon,379,Kirin Bolts,dual-blades,5,vallode,5,,,,N,210,1.4,150,0%,1,Thunder 250,Thunder 25,"3,7,15,5","3,7,15,7,3",Kirin Bolt+,,,5080,Kirin Horn x4; Kirin Thndr Tail x2; Kirin Hide x2,,Festive Fall Typhoon,,,,,,,,,
5,blademaster_weapon,380,Ravager Blade+,great-sword,2,vallode,2,,,,N,576,4.8,120,0%,0,,,"8,3,11,3","8,3,11,8",Buster Blade,2150,Earth Crystal x15; Iron Ore x15; Ice Crystal x15,2150,Iron Ore x10; Machalite Ore x5; Earth Crystal x10,,Ravager Blade+; Khezu Shock Sword,,,,,,,,,
5,blademaster_weapon,381,Susano Blade,long-sword,8,vallode,8,,8,,N,1008,4.8,210,15%,1,Fire 170,Fire 17,"9,4,11,7,4","9,4,11,7,6,3",Centenarian Dagger,,,50000,Elder Thank You+ x1; Elder Thank You x1; Fire Dragon Claw x10,,,,,,,,,,,
5,blademaster_weapon,382,Daimyo Cutter,long-sword,7,vallode,7,,,,N,960,4.8,200,0%,2,,,"9,4,11,7,4","9,4,11,7,6,3",Crab Cutter,,,50000,Hermitaur Claw+ x3; Hermitaur Carpce x6; Ceanataur Claw+ x2,,Hermitaur Slicer; Shogun Cutter; Violet Pincer,,,,,,,,,
5,blademaster_weapon,383,"Wyvern Blade ""Verde""",long-sword,5,vallode,5,,,,N,768,4.8,160,0%,1,Poison 300,Poison 30,"13,1,6,10","13,1,6,13,2","Wyvern Blade ""Leaf""",,,7150,Rathian Shell x6; Rathian Spike x1; Rathian Plate x1,,"Wyvern Blade ""Holly""",,,,,,,,,
5,blademaster_weapon,384,Lion King Saber,long-sword,8,vallode,8,,,,N,864,4.8,180,0%,1,Fire 460,Fire 46,"3,7,18,4,3","3,7,18,4,4,4",Lion Dance Saber,,,95000,Lunastra Spike x4; Fire Dragon Pwdr x3; Fire Drgn Jwl x1,,Lion Emperor Saber,,,,,,,,,
5,blademaster_weapon,385,Monoblos Scythe,long-sword,4,vallode,4,,,,N,768,4.8,160,0%,2,Fire 180,Fire 18,"8,3,11,8","8,3,11,10,3",Crimson Scythe,,,6350,Monoblos Spine x5; Blos Fang x10; Monoblos Heart x1,,Monoblos Scythe+,,,,,,,,,
5,blademaster_weapon,386,Frost Ripper,long-sword,7,vallode,7,,,,N,912,4.8,190,0%,0,Water 240,Water 24,"18,2,7,7,1","18,2,7,7,4,2",White Mantis,,,70000,Wht Monoblos Hrn x3; Lg Lobstershell x2; Monoblos Heart x1,,Weiss Crescent,,,,,,,,,
5,blademaster_weapon,387,Imperial Sword,long-sword,7,vallode,7,,,,N,1008,4.8,210,10%,3,,,"4,3,9,14","4,3,9,14,5",Guardian Sword,,,60000,Union Ore x10; Earth Crystal x30; Basarios Tears x3,,Aqua Guardian,,,,,,,,,
5,blademaster_weapon,388,Fanatic Dragonwd LS,long-sword,8,vallode,8,,,,N,768,4.8,160,0%,2,Paralysis 240,Paralysis 24,"3,7,18,4,3","3,7,18,4,4,4",Dragonwood L.Sword,,,75000,Dragonwood+ x3; Dragonmoss+ x3; Pokke Ticket+ x1,,AncientDragonwoodLS,,,,,,,,,
5,blademaster_weapon,389,"Wyvern Blade ""Maple""",long-sword,7,vallode,7,,,,N,960,4.8,200,0%,0,Fire 340,Fire 34,"5,3,9,14,4","5,3,9,14,6,3","Wyvern Blade ""Blood""",,,75000,Fire Drgn Scl+ x5; Rathalos Carpace x5; Rathalos Ruby x1,,"WyvernBlade""Silver""",,,,,,,,,
5,blademaster_weapon,390,Great Demon Halberd,long-sword,8,vallode,8,,,,N,912,4.8,190,15%,0,Thunder 240,Thunder 24,"18,2,7,7,1","18,2,7,7,3,2",Demon Halberd,,,95000,Rajang Claw x4; Rajang Tail x4; Rare Scarab x10,,GrtDemnHalberdRaksha,,,,,,,,,
5,blademaster_weapon,391,Gaelic Flame,long-sword,8,vallode,8,,,,N,1056,4.8,220,15%,2,,,"13,1,6,13,2","13,1,6,13,4,3",Grind Claymore,,,95000,Daora Carapace x5; DaoraDragonScal+ x8; FireWyvrn BrnStm x2,,Last Gaelic Flame,,,,,,,,,
5,blademaster_weapon,392,Bone Horn+,hunting-horn,2,vallode,2,,4,,N,572,5.2,110,0%,1,,,"10,1,3,1","10,1,3,6",Ivory Horn; Cyclo-Hammer,1575,Hard Ticket x1; Brute Bone x1,1575,Blue Mushroom x3; Giant Bone x1,,Bone Horn+; Blessed Ocarina,,,,,,,,,
5,blademaster_weapon,393,War Drum+,hunting-horn,3,vallode,3,,4,,N,624,5.2,120,0%,1,,,"5,4,11","5,4,14,2",Ivory Horn,1935,Congalala Pelt x4; Med Monster Bone x2; Fire Herb x5,1935,Conga Pelt x8; Brute Bone x3; Fire Herb x3,,War Drum+,,,,,,,,,
5,blademaster_weapon,394,Glass Queen,hunting-horn,6,vallode,6,,,,N,832,5.2,160,15%,1,,,"8,7,7,11,5,2","8,7,7,11,5,5,2",Sonic Glass+,,,55000,Novacrystal x2; Vespoid InnrWng x15; HornetaurInnrWng x15,,Glass Royale,,,,,,,,,
5,blademaster_weapon,395,Khezu Flute,hunting-horn,6,vallode,6,,,,N,884,5.2,170,0%,3,Thunder 480,Thunder 48,"9,2,13,7,4","9,2,13,7,5,4",Khezu Horn+,,,30000,Khezu Hide - Tan x6; Pale Khezu Steak x1; Thunder Sac x5,,,,,,,,,,,
5,blademaster_weapon,396,Great Bagpipe,hunting-horn,4,vallode,4,,,,N,832,5.2,160,-5%,1,,,"3,2,17,3","3,2,17,8",Metal Bagpipe,,,4410,Dragonite Ore x5; Machalite Ore x20; Screamer x10,,Heavy Bagpipe,,,,,,,,,
5,blademaster_weapon,397,Cursed Ocarina,hunting-horn,8,vallode,8,,,,N,936,5.2,180,0%,2,Poison 410,Poison 41,"14,4,6,7,4","14,4,6,7,4,5",Blessed Ocarina,,,90000,Chameleos Hide+ x6; ChameleosWebbing x10; Chameleos Spike x2; Chameleos Jewel x1,,Genie's Ocarina,,,,,,,,,
5,blademaster_weapon,398,War Conga,hunting-horn,7,vallode,7,,,,N,1196,5.2,230,0%,1,,,"6,4,8,12","6,4,8,12,5",War Bongo,,,60000,Blangonga Pelt+ x4; Congalala Pelt+ x8; Conga Pelt x20; Vibrant Pelt x2,,Conga Conga; Jungle Bongo,,,,,,,,,
5,blademaster_weapon,399,Blood Flute,hunting-horn,7,vallode,7,,7,,N,988,5.2,190,0%,1,Thunder 380,Thunder 38,"14,4,6,7,4","14,4,6,7,4,5",Blood Horn,,,50000,Alluring Webbing x6; Wyvern Stone x2; Thunder Sac x5,,Blood Flute+,,,,,,,,,
5,blademaster_weapon,400,Gaoren Bell,hunting-horn,8,vallode,8,,,,N,1092,5.2,210,0%,1,,,"9,2,13,7,4","9,2,13,7,5,4",Bronze Bell,,,85000,Gaoren Claw x4; Gaoren Thoracic x4; Gaoren Carapace x6,,Gaoren Zhong,,,,,,,,,
5,blademaster_weapon,401,Spirit Dragonwd Horn,hunting-horn,8,vallode,8,,8,,N,780,5.2,150,0%,2,Paralysis 220,Paralysis 22,"19,2,5,7,2","19,2,5,7,4,3",Dragonwood Horn,,,75000,Dragonwood+ x2; Dragonmoss+ x4; Pokke Ticket+ x1,,AncientDrgnwoodFlute,,,,,,,,,
5,blademaster_weapon,402,Steel Gunlance,gunlance,2,vallode,2,,,,N,276,2.3,120,0%,1,,,"5,7,5,3","5,7,5,8",Iron Gunlance+,,,2150,Machalite Ore x7; Disk Stone x10; Flame Sac x3,,Special Ops Gunlance; Luna's Howl; White Gunlance,,,,,,,,,
5,blademaster_weapon,403,Big Slugger,gunlance,7,vallode,7,,,,N,460,2.3,200,0%,2,Poison 320,Poison 32,"4,4,9,11","4,4,9,12,2",Hard Hitter,,,50000,Rubbery Hide+ x8; Gypceros Head x3; Inferno Sac x8,,Triple Crown; Venomous Cologne,,,,,,,,,
5,blademaster_weapon,404,Hellstinger,gunlance,7,vallode,7,,,,N,414,2.3,180,20%,2,Ice 320,Ice 32,"2,4,16,7,5","2,4,16,7,5,5",Hellsting+,,,50000,Blangonga Fang+ x4; Blangonga Whiskr x4; Blango Pelt+ x10,,Demonic Blizzard; Desert Slingshot,,,,,,,,,
5,blademaster_weapon,405,White Cannon,gunlance,5,vallode,5,,,,N,414,2.3,180,0%,1,,,"5,5,8,11","5,5,8,12,2",White Gunlance,,,30000,Gravios Shell x10; Gravios Skl Shl x1; Firestone x4,,Black Gunlance,,,,,,,,,
5,blademaster_weapon,406,Luna's Flare,gunlance,8,vallode,8,,,,N,414,2.3,180,0%,0,Fire 480,Fire 48,"2,4,16,7,4","2,4,16,7,5,4",Luna's Roar,,,90000,Lunastra Spike x2; Fire Drgn Scl+ x8; Fire Drgn Jwl x1,,Luna's Sun,,,,,,,,,
5,blademaster_weapon,407,Scissor Cannon,gunlance,7,vallode,7,,,,N,460,2.3,200,0%,2,,,"5,7,5,15,2","5,7,5,15,5,2",Scissor Gunlance,,,50000,Hermitaur Claw+ x5; Hermitaur Carpce x10; FireWyvrn BrnStm x1,,Violet Cannon; Shell Claw Lance,,,,,,,,,
5,blademaster_weapon,408,Black Gore Cannon,gunlance,7,vallode,7,,,,N,529,2.3,230,-10%,1,,,"9,5,9,10,2","9,5,9,10,5,2",Black Gunlance,,,75000,Blk Gravios Cpc x8; Blk Gravios Skl x2; Gravios BrainStm x1,,Black Gore Buster,,,,,,,,,
5,blademaster_weapon,409,Gun Chariot,gunlance,8,vallode,8,,,,N,437,2.3,190,0%,2,Dragon 320,Dragon 32,"5,7,5,16,2","5,7,5,16,5,2",Silver Rook,,,75000,Slvr Rthlos Tail x3; Slvr Rthlos Wing x1; Rathalos Ruby x1; FireWyvrn Marrow x10,,Gun Chariot+,,,,,,,,,
5,blademaster_weapon,410,Gld Dragonwd GLance,gunlance,8,vallode,8,,,,N,368,2.3,160,0%,2,Paralysis 230,Paralysis 23,"6,3,13,5,3","6,3,13,5,3,4",Dragonwood Gunlance,,,75000,Dragonwood+ x4; Dragonmoss+ x2; Pokke Ticket+ x1,,AncientDrgnwoodLance,,,,,,,,,
5,blademaster_weapon,411,Imperial Gunlance,gunlance,4,vallode,4,,,,N,391,2.3,170,0%,2,,,"3,7,4,16","3,7,4,16,5",Special Ops Gunlance,,,6500,Monster Bone+ x3; Firestone x6; Dragonite Ore x5,,Silver Rook,,,,,,,,,
5,blademaster_weapon,412,Great Pincer,great-sword,4,vallode,4,,,,N,768,4.8,160,0%,2,,,"3,7,18,2","3,7,18,4,3",Red Pincer,,,5600,Hermitaur Claw x4; Wyvern Skull Shl x4; Monster Bone+ x2,,Crab Cutter; Killer's Scythe,,,,,,,,,
5,blademaster_weapon,413,King Thundersword,great-sword,8,vallode,8,,,,N,816,4.8,170,0%,0,Thunder 610,Thunder 61,"5,3,9,14,4","5,3,9,14,6,3",Kirin Thundersword,,,60000,Kirin Azure Horn x4; Kirin Thndr Tail x4; Rubbery Hide+ x4,,ImperialThundersword,,,,,,,,,
5,blademaster_weapon,414,Daora's Decimator,great-sword,8,vallode,8,,,,N,912,4.8,190,0%,0,Ice 350,Ice 35,"16,3,2,9,5","16,3,2,9,7,3",Steel Ice Blade+,,,90000,DaoraDragonScal+ x10; Daora Carapace x4; Daora Jewel x1,,Daora's Tughril Beg,,,,,,,,,
5,blademaster_weapon,415,Killer's Scythe,great-sword,6,vallode,6,,,,N,1008,4.8,210,0%,1,,,"5,3,9,14,4","5,3,9,14,6,3",Great Pincer; Blue Claw Blade,,,50000,Ceanataur Pincer x3; Ceanataur Claw+ x2; Ceanataur Carpce x5,,Shogun Cutter; Carmine Blade; Violet Pincer,,,,,,,,,
5,blademaster_weapon,416,Sentoryu Wolf,great-sword,7,vallode,7,,,,N,864,4.8,180,35%,2,,,"9,4,11,7,4","9,4,11,7,6,3",Sentoryu Raven,,,65000,Garuga Carapace x4; Daora Webbing x4; Rejuvenated Beak x1,,Sentoryu Crow; Daito Wolf,,,,,,,,,
5,blademaster_weapon,417,Rooster Decapitator,great-sword,6,vallode,6,,,,N,912,4.8,190,20%,0,,,"13,1,6,10","13,1,6,13,2",Chicken Decapitator,,,45000,Kut-Ku Carapace x6; Long Kut-Ku Ear x2; Killer Beetle x15,,Pickaxe Blade; Slaughter,,,,,,,,,
5,blademaster_weapon,418,Chicken Decapitator,great-sword,4,vallode,4,,,,N,768,4.8,160,15%,0,,,"5,3,9,8","5,3,9,13",Chick Decapitator,,,4900,Kut-Ku Ear x3; Kut-Ku Webbing x6; Fire Drgn Webbng x1,,Rooster Decapitator,,,,,,,,,
5,blademaster_weapon,419,Diablo Destroyer,great-sword,7,vallode,7,,,,N,1152,4.8,240,-30%,0,,,"9,4,11,7,4","9,4,11,7,6,3",Sword of the Diablos,,,75000,Majestic Horn x4; Diablos Thoracic x5; Blk Blos Thracic x5,,King Atillart Sword,,,,,,,,,
5,blademaster_weapon,420,King Teostra Blade,great-sword,8,vallode,8,,,,N,816,4.8,170,0%,0,Fire 620,Fire 62,"5,3,9,14,4","5,3,9,14,6,3",Teostra Blade,,,90000,Teostra Horn+ x3; Teostra Carapace x5; Fire Drgn Jwl x1,,Teostra del Sol,,,,,,,,,
5,blademaster_weapon,421,Fatalis Blade,great-sword,8,vallode,8,,,,N,1008,4.8,210,0%,0,Dragon 250,Dragon 25,"16,3,2,9","16,3,2,9,5",Black Blade,,,100000,Fatalis Shell x8; Fatalis Horn x2; Daora Jewel x1,,Black Fatalis Blade,,,,,,,,,
5,blademaster_weapon,422,Fatalis Ancestor,great-sword,8,vallode,8,,,,N,960,4.8,200,0%,0,Dragon 380,Dragon 38,"9,4,11,7,4","9,4,11,7,6,3",Black Blade,,,100000,Wht Fatalis Scl x6; Wht Fatalis Horn x3; Fire Drgn Jwl x3,,Fatalis Legacy,,,,,,,,,
5,blademaster_weapon,423,Cat's Curse,great-sword,4,vallode,4,,,,N,624,4.8,130,0%,1,Paralysis 360,Paralysis 36,"18,2,7,3","18,2,7,7,1",Cat's Soul,,,4250,Rainbow Insect x2; FlynMealPassReg x4; FlynMealPassPlus x1,,Cat's King,,,,,,,,,
5,blademaster_weapon,424,Bull Tusk Hammer,hammer,4,vallode,4,,4,,N,936,5.2,180,0%,2,,,"8,7,7,3","8,7,7,8",Bull Head Hammer,,,5600,Bulldrome Hide x5; Bulldrome Tusk x6; Monster Bone+ x5,,,,,,,,,,,
5,blademaster_weapon,425,Conehead Hammer+,hammer,2,vallode,2,,,,N,416,5.2,80,0%,0,Ice 180,Ice 18,"3,2,10","3,2,15",Cyclo-Hammer,,,1400,Blango Pelt x6; Iron Ore x6; Unknown Skull x1,,Conehead Hammer+,,,,,,,,,
5,blademaster_weapon,426,Lunastra's Crown,hammer,8,vallode,8,,8,,N,936,5.2,180,0%,1,Fire 370,Fire 37,"9,2,13,7,4","9,2,13,7,5,4",Jade Mace,,,90000,Lunastra Horn x6; Fire Drgn Scl+ x6; Fire Drgn Jwl x1,,Luna's Skirt,,,,,,,,,
5,blademaster_weapon,427,Anchor Crusher,hammer,6,vallode,6,,6,,N,884,5.2,170,0%,2,Water 380,Water 38,"9,2,13,7,4","9,2,13,7,5,4",Anchor Hammer+,,,65000,Ancient Fish x5; Plesioth Fin+ x5; Union Ore x20,,,,,,,,,,,
5,blademaster_weapon,428,Wolf Torrent,hammer,7,vallode,7,,,,N,936,5.2,180,30%,1,,,"14,4,6,7,4","14,4,6,7,4,5",Raven Torrent,,,65000,Rejuvenated Beak x1; Garuga Mane x10; Long Garuga Ear x2,,Crow Torrent; Wolf Shamisen,,,,,,,,,
5,blademaster_weapon,429,Ancient Blow,hammer,8,vallode,8,,,,N,1248,5.2,240,-20%,2,,,"19,2,5,4","19,2,5,7,2",Fist of Fury,,,70000,Union Ore x10; Dragonite Ore x25; Gaoren Carapace x5,,Foolhardy Stone Fist,,,,,,,,,
5,blademaster_weapon,430,Diablo Chaos Broker,hammer,7,vallode,7,,,,N,1196,5.2,230,-10%,0,,,"10,1,3,17,4","10,1,3,17,6,3",Diablos Hammer,,,75000,Majestic Horn x2; Blk Blos Thracic x6; Diablos Thoracic x6,,Chaotic Order,,,,,,,,,
5,blademaster_weapon,431,Ancient Relic,hammer,5,vallode,5,,6,,N,988,5.2,190,0%,2,,,"5,4,14,7","5,4,14,10,2",Dragonhead Hammer,,,7150,Wyvern Skull Shl x5; Eldr Dragon Bone x10; Gaoren Shell x5,,Shell Castanet,,,,,,,,,
5,blademaster_weapon,432,Basarios Bash,hammer,7,vallode,7,,7,,N,1040,5.2,200,0%,0,,,"3,2,17,12,1","3,2,17,12,4,2",Basarios Blow,,,50000,Basarios Carapace x12; Carbalite Ore x12; Wyvern Stone x1,,,,,,,,,,,
5,blademaster_weapon,433,Daora's Colossus,hammer,8,vallode,8,,,,N,988,5.2,190,0%,0,Ice 330,Ice 33,"6,4,8,12,5","6,4,8,12,6,4",Steel Ice Hammer,,,90000,DaoraDragonScal+ x10; Daora Sharp Claw x2; Daora Jewel x1,,Daora's Hyperborea,,,,,,,,,
5,blademaster_weapon,434,White Cat Hammer,hammer,6,vallode,6,,6,,N,728,5.2,140,15%,1,Paralysis 180,Paralysis 18,"8,7,7,11,2","8,7,7,11,5,2",White Cat Stamp,,,20000,FlynMealPassReg x10; Carbalite Ore x5; Blango Pelt+ x5,,,,,,,,,,,
5,blademaster_weapon,435,Black Cat Stamp,hammer,4,vallode,4,,,,N,624,5.2,120,0%,1,Paralysis 240,Paralysis 24,"10,1,3,16","10,1,3,17,4",White Cat Stamp,,,3650,FlynMealPassReg x2; Dragonite Ore x5; Barrel Lid x1,,Black Cat Hammer; Gold Cat Hammer,,,,,,,,,
5,blademaster_weapon,436,Gold Cat Hammer,hammer,8,vallode,8,,,,N,832,5.2,160,0%,2,Paralysis 280,Paralysis 28,"3,2,17,3","3,2,17,8",Black Cat Stamp,45000,Felyne Fur Ruby x3; FlynMealPassReg x15; FlynMealPassPlus x5; Gld Rathian Scl+ x5,45000,FlynMealPassPlus x10; Gld Rathian Scl+ x3; Gold Rajang Pelt x3,,Gold Cat Crusher,,,,,,,,,
5,blademaster_weapon,437,King Lobster Hammer,hammer,7,vallode,7,,,,N,988,5.2,190,0%,1,Water 230,Water 23,"5,4,14,7","5,4,14,10,2",Lobster Hammer,,,55000,Lg Lobstershell x2; Ioprey Hide+ x5; Ancient Fish x5,,Royal Lobster Hammer,,,,,,,,,
5,blademaster_weapon,438,Violence Hammer,hammer,6,vallode,6,,,,N,1040,5.2,200,20%,2,,,"5,4,14,7","5,4,14,10,2",Dynamic Hammer,,,45000,Blue Kut-Ku Cpc x4; Blue Kut-Ku Scl+ x6; Long Kut-Ku Ear x2,,Mysterious Jaw,,,,,,,,,
5,blademaster_weapon,439,Bone Claw Lance+,lance,3,vallode,3,,,,N,299,2.3,130,0%,1,,,"3,4,13","3,4,17,1",Long Tusk,3100,Hermitaur Claw x2; Hermitaur Shell x5; Sm Hermitaur Shl x7; Monster Fluid x3,3100,Hermitaur Shell x4; Sm Hermitaur Shl x5; Sharp Claw x3,,Bone Claw Lance+,,,,,,,,,
5,blademaster_weapon,440,Daora's Fang,lance,8,vallode,8,,,,N,437,2.3,190,0%,0,Ice 300,Ice 30,"11,8,5,8,3","11,8,5,8,5,3",Steel Ice Spear+,,,90000,Daora Sharp Claw x2; Daora Carapace x6; Daora Jewel x1,,Daora's Regulus,,,,,,,,,
5,blademaster_weapon,441,Ceanataur Piercer,lance,6,vallode,6,,,,N,460,2.3,200,10%,1,,,"3,7,4,16,5","3,7,4,16,7,3",Bone Claw Lance+; Ceanataur Stinger,,,50000,Ceanataur Claw+ x3; Ceanataur Carpce x5; Ceanataur Leg x8,,Carmine Stinger; Shell Claw Lance,,,,,,,,,
5,blademaster_weapon,442,Incessant Wolf,lance,7,vallode,7,,,,N,460,2.3,200,0%,1,Poison 140,Poison 14,"3,4,17,7,4","3,4,17,7,5,4",Incessant Raven,,,65000,Garuga Scale+ x4; Long Garuga Ear x2; Toxin Sac x5,,Incessant Crow,,,,,,,,,
5,blademaster_weapon,443,Roaring Wyvern,lance,7,vallode,7,,,,N,460,2.3,200,0%,1,Dragon 100,Dragon 10,"5,7,5,16,2","5,7,5,16,5,2",Growling Wyvern,,,60000,Carbalite Ore x20; Union Ore x10,,SanctionedDrillLance,,,,,,,,,
5,blademaster_weapon,444,Thunderlance,lance,8,vallode,8,,,,N,391,2.3,170,0%,0,Thunder 500,Thunder 50,"3,7,4,16,5","3,7,4,16,7,3",Thunderspear,,,60000,Kirin Azure Horn x3; Kirin Hide+ x5; Thunderbug Juice x4,,Naar Thunderlance,,,,,,,,,
5,blademaster_weapon,445,Teostra's Roar,lance,8,vallode,8,,,,N,460,2.3,200,10%,0,Fire 200,Fire 20,"11,8,5,8,3","11,8,5,8,5,3",Teostra's Howl,,,90000,Teostra Horn+ x2; Teostra Carapace x8; Fire Drgn Jwl x1,,Teostra's Fire,,,,,,,,,
5,blademaster_weapon,446,Sealed Dragonlance,lance,8,vallode,8,,,,N,437,2.3,190,15%,0,Dragon 300,Dragon 30,"5,5,9,13,3","5,5,9,13,5,3",Dragonic Rim,,,95000,Lao-Shan's Ruby x1; Gaoren Thoracic x4; Gaoren Claw x8,,"DragonSealer""Virtue""",,,,,,,,,
5,blademaster_weapon,447,Emerald Spear,lance,7,vallode,7,,7,,N,414,2.3,180,0%,1,Water 450,Water 45,"5,7,5,16,2","5,7,5,16,5,2",Aqua Spear+,,,55000,Grn Plsioth Fin+ x6; Grn Plsioth Scl+ x12; Wyvern Stone x2,,,,,,,,,,,
5,blademaster_weapon,448,Strategic Blade,great-sword,7,vallode,7,,7,,N,1008,4.8,210,0%,3,,,"5,3,9,13","5,3,9,14,4",Tactical Blade,,,40000,Rathalos Carpace x8; Tigrex Claw x10; Rathian Spike x5,,,,,,,,,,,
5,blademaster_weapon,449,Black Doom Flame,sword-and-shield,7,vallode,7,,,,N,308,1.4,220,-25%,2,Fire 280,Fire 28,"8,2,9,12,4","8,2,9,12,7,2",Flame Syphos,,,70000,Gravios Carapace x6; Blk Gravios Cpc x6; Gravios BrainStm x2,,Red Divine Flame,,,,,,,,,
5,blademaster_weapon,450,Queen Rapier,sword-and-shield,7,vallode,7,,,,N,252,1.4,180,10%,2,Poison 420,Poison 42,"8,2,8,12,5","8,2,8,12,7,2",Princess Rapier+,,,70000,Rathian Carapace x5; Rathian Ruby x1; Chameleos Spike x2,,Queen's Rose,,,,,,,,,
5,blademaster_weapon,451,Daora's Razor,sword-and-shield,8,vallode,8,,,,N,266,1.4,190,0%,0,Ice 320,Ice 32,"7,5,9,11,3","7,5,9,11,6,2",Steel Ice Dagger+,,,90000,Daora Carapace x4; DaoraDragonScal+ x5; Daora Jewel x1,,Daora's Maelstrom,,,,,,,,,
5,blademaster_weapon,452,Hi Frost Edge,sword-and-shield,6,vallode,6,,,,N,252,1.4,180,0%,2,Ice 420,Ice 42,"13,1,3,16,2","13,1,3,16,6,1",Frost Edge+,,,50000,Ice Crystal x20; Blangonga Fang+ x2; Blango Pelt+ x10,,Ice Fang,,,,,,,,,
5,blademaster_weapon,453,Azure Ogre Sword,sword-and-shield,8,vallode,8,,,,N,182,1.4,130,0%,2,Dragon 500,Dragon 50,"1,2,3,25,4","1,2,3,25,7,2",Blue Ogre Sword; Ultimus Heaven&Earth,,,95000,Azure LaoS Horn x2; Lao Shan's Ruby x1; Gaoren Thoracic x5,,Indigo Ogre Sword,,,,,,,,,
5,blademaster_weapon,454,Wolf Blade,sword-and-shield,7,vallode,7,,,,N,252,1.4,180,35%,1,,,"10,9,8,3,4,1","10,9,8,3,4,6",Raven Blade,,,65000,Long Garuga Ear x2; Garuga Wing x4; Garuga Scale+ x5,,Crow Blade,,,,,,,,,
5,blademaster_weapon,455,Twin Kut-Ku+,dual-blades,2,vallode,2,,,,N,154,1.4,110,0%,1,Fire 100,Fire 10,"3,7,10","3,7,15",Chief Scythe,1720,Kut-Ku Ear x2; Unknown Skull x2; Brute Bone x6; Giant Beak x1,1720,Unknown Skull x2; Kut-Ku Scale x4; Hot Drink x4,,Pink Maracas; Twin Kut-Ku+; Raven Tessen,,,,,,,,,
5,blademaster_weapon,456,Funky Maracas,dual-blades,6,vallode,6,,,,N,294,1.4,210,0%,2,,,"3,7,15,7,3","3,7,15,7,5,3",Pink Maracas+,,,50000,Congalala Pelt+ x10; Congalala Claw+ x2; Blangonga Fang+ x2,,Jungle Maracas,,,,,,,,,
5,blademaster_weapon,457,Limb Cutter,dual-blades,7,vallode,7,,,,N,266,1.4,190,15%,2,,,"12,5,5,10,8","12,5,5,10,8,3,2",Bladed Edge+,,,50000,Ceanataur Claw+ x2; Ceanataur Carpce x4; Ceanataur Leg x8,,Carmine Edge,,,,,,,,,
5,blademaster_weapon,458,Wolf Tessen,dual-blades,7,vallode,7,,,,N,252,1.4,180,30%,1,,,"9,1,3,17,5","9,1,3,17,5,5",Raven Tessen,,,65000,Garuga Wing x4; Garuga Scale+ x4; Stout Bone x4,,Crow Tessen,,,,,,,,,
5,blademaster_weapon,459,Crimson Lotus Blades,dual-blades,8,vallode,8,,,,N,294,1.4,210,0%,0,Dragon 150,Dragon 15,"7,3,8,13,4","7,3,8,13,5,4",Flaming Pair,,,95000,Lao-Shan's Horn x4; Fire Dragon Pwdr x2; Lao-Shan's Ruby x1,,Demonic Flaming Pair,,,,,,,,,
5,blademaster_weapon,460,Dual Chameleos,dual-blades,8,vallode,8,,,,N,238,1.4,170,0%,2,Poison 190,Poison 19,"15,3,9,7,1","15,3,9,7,4,2",Rouge Flames,,,90000,Chameleos Spike x2; Chameleos Hide+ x6; Chameleos Jewel x1,,ChameleosDualBlades,,,,,,,,,
5,blademaster_weapon,461,Hi Velociprey Claws,dual-blades,6,vallode,6,,,,N,280,1.4,200,0%,3,,,"12,5,5,10,3","12,5,5,10,8",Velociprey Claws+,,,40000,Velocidrome Clw+ x6; Velociprey Scle+ x8; Velocidrome Head x4,,,,,,,,,,,
5,blademaster_weapon,462,Spatula Set,dual-blades,4,vallode,4,,,,N,196,1.4,140,0%,3,,,"15,3,9,3","15,3,9,7,1",Glutton's Set,,,25000,FlynMealPassReg x10; Dragonite Ore x10; Basarios Wing x2,,,,,,,,,,,
5,blademaster_weapon,463,Silhouette Sabers,dual-blades,7,vallode,7,,,,N,238,1.4,170,0%,3,Ice 400,Ice 40,"3,7,15,7,3","3,7,15,7,5,3",Hi Twin Daggers,,,80000,DaoraDragonScal+ x10; Union Ore x10; Machalite Ore x20,,,,,,,,,,,
5,blademaster_weapon,464,Rookie Knife,,,,,,,,,,,,,,,,,,,,,,,,,,,,,,,,,
5,blademaster_weapon,465,Khezu Shock Sword,great-sword,3,vallode,3,,,,N,624,4.8,130,0%,0,Thunder 220,Thunder 22,"13,1,6,5","13,1,6,10",Ravager Blade,3100,Flabby Hide x5; Thunderbug x15; Machalite Ore x8; Rubbery Hide x5,3100,Flabby Hide x3; Electro Sac x2; Iron Ore x15,,Khezu Shock Blade,,,,,,,,,
5,blademaster_weapon,466,Khezu Shock Blade,great-sword,7,vallode,7,,,,N,960,4.8,200,0%,0,Thunder 250,Thunder 25,"8,3,11,10,3","8,3,11,10,6,2",Khezu Shock Sword,,,50000,Khezu Hide - Tan x8; Thunder Sac x3; Rubbery Hide+ x5,,Khezu Shock Full,,,,,,,,,
5,blademaster_weapon,467,Cat's King,great-sword,6,vallode,6,,,,N,720,4.8,150,0%,1,Paralysis 450,Paralysis 45,"8,3,11,8","8,3,11,10,3",Cat's Curse,,,45000,Carbalite Ore x5; Felyne Fur Ruby x1; FlynMealPassPlus x5,,Cat of Venus,,,,,,,,,
5,blademaster_weapon,468,Dos Fang Dagger,sword-and-shield,6,vallode,6,,,,N,280,1.4,200,0%,2,,,"13,1,3,16,2","13,1,3,16,6,1",Velocidrome Bite+,,,40000,Velocidrome Clw+ x7; Velociprey Hide+ x15; Wyvern Stone x1,,,,,,,,,,,
5,blademaster_weapon,469,Melynx Gadget,sword-and-shield,6,vallode,6,,,,N,182,1.4,130,0%,1,Paralysis 380,Paralysis 38,"5,3,13,4","5,3,13,9",Melynx Tool,,,30000,FlynMealPassPlus x5; Gastronome Tuna x5; Felyne Fur Ruby x1,,,,,,,,,,,
5,blademaster_weapon,470,Anchor Hammer+,hammer,3,vallode,3,,,,N,572,5.2,110,0%,1,Water 100,Water 10,"9,2,13,1","9,2,13,6",War Mace,,,2150,Speartuna x1; Cephalos Fin x2; Disk Stone x20,,Anchor Hammer+,,,,,,,,,
5,blademaster_weapon,471,Shining Wyvern Blade,sword-and-shield,8,vallode,8,,,,N,336,1.4,240,0%,0,,,"2,5,18,5,5","2,5,18,5,7,3",,95000,Pokke Ticket+ x2; Gld Rathian Cpc x5; Slvr Rthlos Cpc x5; Tigrex Carapace x5,,,,,,,,,,,,,
5,blademaster_weapon,472,"LS Fan ""Gavas""",,,,,,,,,,,,,,,,,,,,,,,,,,,,,,,,,dummy
5,blademaster_weapon,473,Black Hammer,hammer,5,vallode,5,,,,N,728,5.2,140,0%,0,Dragon 100,Dragon 10,"3,2,17,8","3,2,17,12,1",,15000,Dark Stone x1; Dark Piece x4; Pokke Ticket x1,,,,Fatalis Buster; AncientFatalisBuster,,,,,,,,,
5,blademaster_weapon,474,Poison Serpentblade,great-sword,6,vallode,6,,6,,N,864,4.8,180,0%,2,Poison 380,Poison 38,"13,1,6,13,2","13,1,6,13,4,3",Deadly Serpentblade,,,40000,Remobra Skin+ x5; Remobra Skull x1; Novacrystal x2,,,,,,,,,,,
5,blademaster_weapon,475,Fatalis Buster,hammer,8,vallode,8,,,,N,1040,5.2,200,0%,0,Dragon 240,Dragon 24,"9,2,13,7,4","9,2,13,7,5,4",Black Hammer,,,100000,Fatalis Horn x3; Fatalis Eye x2; Fire Drgn Jwl x1,,Fatalis Demolisher,,,,,,,,,
5,blademaster_weapon,476,AncientFatalisBuster,hammer,8,vallode,8,,,,N,988,5.2,190,0%,0,Dragon 350,Dragon 35,"3,2,17,12,1","3,2,17,12,4,2",Black Hammer,,,100000,Wht Fatalis Horn x5; Wht Fatalis Shl x3; Lao-Shan's Ruby x3,,AncientFatalisRuiner,,,,,,,,,
5,blademaster_weapon,477,Shell Hammer,hammer,4,vallode,4,,,,N,728,5.2,140,0%,2,Poison 120,Poison 12,"14,4,6,1","14,4,6,6",Spiked Hammer+,4250,Basarios Shell x8; Machalite Ore x5; Ioprey Fang x18; Hercudrome x3,4250,Basarios Shell x8; Wyvern Fang x15; Poison Sac x5,,Graviton Hammer,,,,,,,,,
5,blademaster_weapon,478,"Wyvern Blade ""Holly""",long-sword,7,vallode,7,,,,N,864,4.8,180,0%,1,Poison 400,Poison 40,"13,1,5,13,3","13,1,5,13,4,3","Wyvern Blade ""Verde""",,,70000,Rathian Carapace x6; Rathian Spike+ x1; Rathian Ruby x1,,"WyvernBlade""Silver""",,,,,,,,,
5,blademaster_weapon,479,Large Bone,long-sword,1,vallode,1,,,,N,432,4.8,90,0%,0,,,"13,1,6","13,1,6,5",Bone,,,850,Mystery Bone x2; Brute Bone x2,,"Bone Katana ""Wolf""; Black Katana Mk.I",,,,,,,,,
5,blademaster_weapon,480,Blango Destroyer,long-sword,2,vallode,2,,,,N,384,4.8,80,0%,0,Ice 100,Ice 10,"18,2,5","18,2,7,3",Buster Sword,1100,Blango Pelt x8; Sharp Claw x5; Iron Ore x5; Carpenterbug x5,1100,Blango Pelt x6; Iron Ore x8; Ice Crystal x5,Plus Class Tcket x1; Blango Pelt x1,Blango Destroyer+,,,,,,,,,
5,blademaster_weapon,481,Blango Destroyer+,long-sword,2,vallode,2,,,,N,384,4.8,80,0%,0,Ice 100,Ice 10,"18,2,5","18,2,7,3",Buster Sword,1100,Blango Pelt x8; Sharp Claw x5; Iron Ore x5; Carpenterbug x5,1100,Blango Pelt x6; Iron Ore x8; Ice Crystal x5,Plus Class Tcket x1; Blango Pelt x1,Blango Destroyer+,,,,,,,,,
5,blademaster_weapon,482,Blango Decimator,long-sword,4,vallode,4,,,,N,672,4.8,140,10%,0,Ice 250,Ice 25,"13,1,6,10","13,1,6,13,2",Blango Destroyer+,,,4900,Blangonga Whiskr x5; Blangonga Fang x3; Ice Crystal x20,,Blango Destructor,,,,,,,,,
5,blademaster_weapon,483,Blango Destructor,long-sword,7,vallode,7,,,,N,864,4.8,180,15%,0,Ice 350,Ice 35,"7,3,11,11,3","7,3,11,11,6,2",Blango Decimator,,,50000,Blangonga Pelt+ x8; Blangonga Fang+ x2; Blangonga Tail x5,,C.Blango Decimator,,,,,,,,,
5,blademaster_weapon,484,Centenarian Dagger,long-sword,5,vallode,5,,,,N,864,4.8,180,15%,1,Fire 70,Fire 7,"9,4,11,6","9,4,11,7,4",,25000,Elder Thank You x1; Gaoren Pincer x1; Lao-Shan's Shell x1,,,,Susano Blade,,,,,,,,,
5,blademaster_weapon,485,Great Ogre Tusk,lance,6,vallode,6,,,,N,483,2.3,210,0%,0,,,"7,4,15,6,3","7,4,15,6,4,4",Ogre Tusk,,,40000,Hrd Monster Bone x5; Ioprey Hide+ x10; Hercudrome x10,,,,,,,,,,,
5,blademaster_weapon,486,Silver Serpentblade,great-sword,2,vallode,2,,,,N,480,4.8,100,0%,0,Ice 240,Ice 24,"5,3,9,8","5,3,9,13",White Serpentblade,,,2150,Giadrome Claw x4; Giadrome Hide x4; Med Monster Bone x10,,Vile Serpentblade; Golden Serpentblade,,,,,,,,,
5,blademaster_weapon,487,Golden Serpentblade,great-sword,6,vallode,6,,6,,N,816,4.8,170,0%,2,Ice 400,Ice 40,"5,3,9,13","5,3,9,14,4",Silver Serpentblade,,,40000,Giadrome Claw+ x4; Giaprey Hide+ x10; Giadrome Skull x2,,,,,,,,,,,
5,blademaster_weapon,488,Deadly Serpentblade,great-sword,4,vallode,4,,,,N,720,4.8,150,0%,2,Poison 270,Poison 27,"5,3,9,13","5,3,9,14,4",Vile Serpentblade,,,4900,Remobra Skin x5; Ioprey Fang x20; Lightcrystal x2,,Poison Serpentblade,,,,,,,,,
5,blademaster_weapon,489,Bronze Coin,great-sword,5,vallode,5,,,,N,864,4.8,180,0%,0,,,"12,11,5,4,3","12,11,5,2,8",Carbalite Sword,35000,Gaoren Pincer x3; Gaoren Spine x5; Gaoren Claw x1; Black Pearl x20,35000,Gaoren Pincer x1; Gaoren Shell x3; Ancient Fish x3,,Gaoren Coin,,,,,,,,,
5,blademaster_weapon,490,Gaoren Coin,great-sword,8,vallode,8,,,,N,1008,4.8,210,0%,0,,,"8,3,11,10,3","8,3,11,10,6,2",Bronze Coin,,,85000,Gaoren Thoracic x3; Gaoren Carapace x5; Gaoren Claw x5,,Gaoren Cleaver,,,,,,,,,
5,blademaster_weapon,491,Bone Slasher,great-sword,1,vallode,1,,,,N,432,4.8,90,0%,0,,,"9,4,11,1","9,4,11,6",Bone Blade+,1100,Hard Ticket x1; Brute Bone x1,1100,Sm Monster Bone x4; Brute Bone x4; Carpenterbug x5,Hard Ticket x1; Brute Bone x1,Golem Blade; Finblade; Chick Decapitator; Red Wing,,,,,,,,,
5,blademaster_weapon,492,Golem Blade+,great-sword,2,vallode,2,,,,N,528,4.8,110,0%,2,,,"3,7,15","3,7,18,2",Bone Slasher,1750,Lg Monster Bone x3; Brute Bone x8; Sharp Claw x6; Carpenterbug x10,1750,Med Monster Bone x2; Sharp Claw x6; Monster Fluid x1,,Golem Blade+,,,,,,,,,
5,blademaster_weapon,493,Spartacus Blade,great-sword,4,vallode,4,,,,N,816,4.8,170,10%,1,,,"9,4,11,6","9,4,11,7,4",Valkyrie Blade,,,6350,Rathalos Shell x4; Rathalos Tail x3; Tigrex Tail x3,,Siegmund; Obelion,,,,,,,,,
5,blademaster_weapon,494,"Wyvern Blade ""Fall""",long-sword,3,vallode,3,,,,N,528,4.8,110,0%,0,Fire 220,Fire 22,"13,1,6,5","13,1,6,10","Bone Katana ""Shark""",2600,Rathalos Scale x3; Rathalos Shell x2; FireWyvern Fluid x5; Firestone x3,2600,FireWyvern Fluid x3; Killer Beetle x5; Flame Sac x2,,"Wyvern Blade ""Blood""",,,,,,,,,
5,blademaster_weapon,495,Crystallized Tuna,great-sword,6,vallode,6,,6,,N,480,4.8,100,0%,0,Ice 700,Ice 70,"16,3,2,9,5","16,3,2,9,7,3",Frozen Tuna,,,45000,Ancient Fish x5; Speartuna x8; FlynMealPassPlus x5,,,,,,,,,,,
5,blademaster_weapon,496,Tiger Agito,great-sword,5,vallode,5,,,,N,816,4.8,170,-30%,0,,,"18,2,7,7,1","18,2,7,7,4,2",,35000,Tigrex Fang x5; Tigrex Scale x4; Tigrex Skull Shl x1; Pokke Ticket x1,,,,Tigrex Great Sword; Hidden Blaze,,,,,,,,,
5,blademaster_weapon,497,Tigrex Great Sword,great-sword,7,vallode,7,,,,N,1056,4.8,220,-30%,0,,,"18,2,7,7,4,2","18,2,7,7,4,4,3",Tiger Agito,,,80000,Tigrex Fang+ x5; Tigrex Scale+ x8; Tigrex Skull Shl x2,,Tigrex Supreme Sword,,,,,,,,,
5,blademaster_weapon,498,Tigrex Tooth,long-sword,5,vallode,5,,,,N,816,4.8,170,-25%,0,,,"18,2,7,7,1","18,2,7,7,4,2",,35000,Tigrex Claw x5; Tigrex Tail x2; Tigrex Shell x4; Pokke Ticket x1,,,,Tigrex Katana; Hidden Saber,,,,,,,,,
5,blademaster_weapon,499,Tigrex Katana,long-sword,7,vallode,7,,,,N,1056,4.8,220,-25%,0,,,"18,2,7,7,4,2","18,2,7,7,4,4,3",Tigrex Tooth,,,80000,Tigrex Claw+ x5; Tigrex Carapace x6; Tigrex Tail x4,,Tigrex Great Katana,,,,,,,,,
5,blademaster_weapon,500,Akantor Katana,long-sword,8,vallode,8,,,,N,1200,4.8,250,40%,0,,,"9,4,11,1","9,4,11,6",,100000,Akantor Spike x3; Akantor Shell x6; Akantor Tail x1; Union Ore x10,,,,Akantor Broadswrd S,,,,,,,,,
5,blademaster_weapon,501,Steel Lance,lance,1,vallode,1,,,,N,207,2.3,90,0%,0,,,"5,5,9,6","5,5,9,11",Iron Lance+,,,1400,Iron Ore x4; Disk Stone x4,,Paladin Lance; Estoc,,,,,,,,,
5,blademaster_weapon,502,Naag Serpentblade,lance,4,vallode,4,,,,N,322,2.3,140,5%,0,Poison 380,Poison 38,"3,4,17,6","3,4,17,7,4",Rampart,5600,Remobra Skull x2; Remobra Skin x8; Poison Sac x10; Machalite Ore x15,5600,Remobra Skin x5; Remobra Skull x2; Iron Ore x20,,Devta Serpentblade,,,,,,,,,
5,blademaster_weapon,503,Devta Serpentblade,lance,6,vallode,6,,6,,N,368,2.3,160,15%,0,Poison 450,Poison 45,"16,5,4,9,1","16,5,4,9,4,2",Naag Serpentblade,,,50000,Remobra Skin+ x5; Remobra Skull x4; Toxin Sac x10,,OuroborosSerpntblade,,,,,,,,,
5,blademaster_weapon,504,Gravios Venom Spear,lance,7,vallode,7,,,,N,437,2.3,190,0%,0,Poison 270,Poison 27,"5,5,9,13,3","5,5,9,13,5,3",Gravios Spear,,,70000,Gravios Carapace x8; Chameleos Tail x5; Toxin Sac x10,,Gravios Lance,,,,,,,,,
5,blademaster_weapon,505,Marine Fisher,gunlance,3,vallode,3,,,,N,299,2.3,130,0%,0,Water 100,Water 10,"5,5,8,6","5,5,8,11",Snow Gunlance Mk. II,3100,Plesioth Fin x4; Plesioth Scale x6; Iron Ore x20; Burst Arrowana x10,3100,Plesioth Scale x5; Cephalos Scale x3; Machalite Ore x7,,Deep Fisher,,,,,,,,,
5,blademaster_weapon,506,Deep Fisher,gunlance,4,vallode,4,,,,N,368,2.3,160,0%,0,Water 200,Water 20,"5,5,8,11","5,5,8,13,3",Marine Fisher,,,5600,Plesioth Fin x7; Monster Bone+ x4; Dragonite Ore x7,,Deep Ocean,,,,,,,,,
5,blademaster_weapon,507,Deep Ocean,gunlance,6,vallode,6,,,,N,391,2.3,170,0%,0,Water 300,Water 30,"5,7,5,13","5,7,5,13,2",Deep Fisher,,,40000,Grn Plesioth Fin+ x3; Grn Plesioth Scl x10; Carbalite Ore x7,,Sea King Gunlance,,,,,,,,,
5,blademaster_weapon,508,Sea King Gunlance,gunlance,7,vallode,7,,,,N,437,2.3,190,0%,0,Water 350,Water 35,"5,5,9,13,3","5,5,9,13,4,3",Deep Ocean,,,55000,Wyvern Stone x2; Green Plesioth Scale+ x10; Union Ore x7,,Sea God Leviathan; Volcano Gunlance,,,,,,,,,
5,blademaster_weapon,509,Snow Gunlance,gunlance,2,vallode,2,,,,N,207,2.3,90,0%,0,Ice 100,Ice 10,"7,3,3","7,3,9",Iron Lance,1400,Giaprey Hide x3; Giaprey Scale x6; Machalite Ore x2; Carpenterbug x5,1400,Giaprey Hide x2; Giaprey Scale x3; Iron Ore x8,Plus Class Tcket x1; Giaprey Hide x1,Snow Gunlance Mk. II,,,,,,,,,
5,blademaster_weapon,510,Snow Gunlance Mk. II,gunlance,3,vallode,3,,,,N,253,2.3,110,0%,0,Ice 120,Ice 12,"5,5,8,1","5,5,8,6",Snow Gunlance,,,2150,Giadrome Hide x3; Giadrome Skull x1; Earth Crystal x8,,Blizzard Gunlance; Marine Fisher; Scissor Gunlance,,,,,,,,,
5,blademaster_weapon,511,Blizzard Gunlance,gunlance,6,vallode,6,,,,N,437,2.3,190,0%,0,Ice 150,Ice 15,"5,5,9,12,3","5,5,9,12,4,3",Snow Gunlance Mk. II,,,40000,Giadrome Claw+ x4; Giaprey Hide+ x4; Inferno Sac x2,,,,,,,,,,,
5,blademaster_weapon,512,Longhorn,lance,1,vallode,1,,,,N,161,2.3,70,0%,0,,,"9,5,1","9,5,6",,650,Sm Monster Bone x2; Brute Bone x1,,,,Longhorn+; Wild Bone Lance,,,,,,,,,
5,blademaster_weapon,513,Barbaroi Tusk,lance,2,vallode,2,,,,N,322,2.3,140,0%,0,,,"9,5,9,2","9,5,9,7",Long Tusk,3100,Iodrome Skull x1; Ioprey Hide x10; Lg Monster Bone x7; Demondrug x5,3100,Lg Monster Bone x5; Iodrome Hide x5; Monster Fluid x5,,Ogre Tusk; Incessant Raven,,,,,,,,,
5,blademaster_weapon,514,Crimson Lance,lance,3,vallode,3,,,,N,276,2.3,120,0%,0,Fire 190,Fire 19,"11,8,5,1","11,8,5,6",Long Tusk,3100,Monoblos Spine x2; Blood Red Horn x1; Machalite Ore x8; Monster Fluid x5,3100,Blood Red Horn x1; Flame Sac x2; Machalite Ore x4,,Crimson War Pike; Ceramic Blos Lance; Diablo Horn,,,,,,,,,
5,blademaster_weapon,515,Ceramic Blos Lance+,lance,4,vallode,4,,,,N,322,2.3,140,0%,1,Water 150,Water 15,"3,4,17,1","3,4,17,6",Crimson Lance,,,4250,Wht Monoblos Hrn x1; Wht Monoblos Spn x2; Wht Monoblos Shl x4,,Ceramic Blos Lance+,,,,,,,,,
5,blademaster_weapon,516,Wild Bone Lance,lance,2,vallode,2,,,,N,230,2.3,100,0%,0,,,"5,7,3","5,7,5,3",Longhorn,1400,Bullfango pelt x5; Brute Bone x3; Anteka Antlers x2; Carpenterbug x5,1400,Bullfango Pelt x3; Brute Bone x3; Iron Ore x2,Plus Class Tcket x1; Bullfango Pelt x1,Wild Bone Lance+; Fragrance,,,,,,,,,
5,blademaster_weapon,517,Wild Bone Lance+,lance,2,vallode,2,,,,N,230,2.3,100,0%,0,,,"5,7,3","5,7,5,3",Longhorn,1400,Bullfango pelt x5; Brute Bone x3; Anteka Antlers x2; Carpenterbug x5,1400,Bullfango Pelt x3; Brute Bone x3; Iron Ore x2,Plus Class Tcket x1; Bullfango Pelt x1,Wild Bone Lance+; Fragrance,,,,,,,,,
5,blademaster_weapon,518,Bulldrome Spear,lance,6,vallode,6,,6,,N,483,2.3,210,0%,2,,,"3,4,17,6","3,4,17,7,4",Wild Bone Lance+,,,40000,Bulldrome Tusk x6; Bulldrome Hide+ x4; Stout Bone x4,,,,,,,,,,,
5,blademaster_weapon,519,Fragrance,lance,2,vallode,2,,,,N,207,2.3,90,0%,2,,,"3,7,4,6","3,7,4,11",Wild Bone Lance,1400,Dosbiscus x4; Iron Ore x3; Sap Plant x5; Godbug x1,1400,Dosbiscus x2; Carpenterbug x3; Sunset Herb x3,,Fragrance+,,,,,,,,,
5,blademaster_weapon,520,Fragrance+,lance,2,vallode,2,,,,N,207,2.3,90,0%,2,,,"3,7,4,6","3,7,4,11",Wild Bone Lance,1400,Dosbiscus x4; Iron Ore x3; Sap Plant x5; Godbug x1,1400,Dosbiscus x2; Carpenterbug x3; Sunset Herb x3,,Fragrance+,,,,,,,,,
5,blademaster_weapon,521,Noble Fragrance,lance,6,vallode,6,,6,,N,345,2.3,150,0%,3,,,"3,7,4,16,5","3,7,4,16,7,3",Fragrance+,,,45000,Dosbiscus x10; Carbalite Ore x5; Conga Pelt+ x10,,,,,,,,,,,
5,blademaster_weapon,522,Bone Gunlance,gunlance,1,vallode,1,,,,N,161,2.3,70,0%,0,,,"2,4,7","2,4,10",,650,Brute Bone x2; Rumblefish x1,,,,Great Bone Gunlance,,,,,,,,,
5,blademaster_weapon,523,Great Bone Gunlance,gunlance,2,vallode,2,,,,N,230,2.3,100,0%,0,,,"2,4,12","2,4,16,1",Bone Gunlance,,,1400,Brute Bone x5; Fire Herb x5,,Wyvern Bone Gunlance; Average Hitter,,,,,,,,,
5,blademaster_weapon,524,Wyvern Bone Gunlance,gunlance,1,vallode,1,,,,N,299,2.3,130,0%,0,,,"2,4,16,1","2,4,16,6",Great Bone Gunlance,,,2150,Giant Bone x3; Lg Monster Bone x3; Burst Arrowana x3,,Hellsting,,,,,,,,,
5,blademaster_weapon,525,Hellsting+,gunlance,4,vallode,4,,,,N,322,2.3,140,10%,1,Ice 250,Ice 25,"15,4,3,5","15,4,3,9,1",Wyvern Bone Gunlance,4250,Blangonga Fang x2; Blango Pelt x20; Giant Bone x2; Sharp Claw x10,4250,Blango Pelt x15; Blangonga Pelt x5; Ice Crystal x10,,Hellsting+,,,,,,,,,
5,blademaster_weapon,526,Average Hitter,gunlance,3,vallode,3,,,,N,299,2.3,130,0%,1,Poison 180,Poison 18,"7,4,8","7,4,13",Great Bone Gunlance,3100,Pur Rubbery Hide x4; Gypceros Head x1; Poison Sac x10; Firestone x3,3100,Pur Rubbery Hide x4; Lightcrystal x2; Poison Sac x5,,Grand Slam,,,,,,,,,
5,blademaster_weapon,527,Grand Slam,gunlance,4,vallode,4,,,,N,391,2.3,170,0%,1,Poison 240,Poison 24,"7,4,8,2","7,4,8,6",Average Hitter,,,5600,Pur Rubbery Hide x10; Gypceros Head x1; Remobra Skull x2,,Hard Hitter,,,,,,,,,
5,blademaster_weapon,528,Vermillion Rim,lance,5,vallode,5,,,,N,368,2.3,160,0%,0,Dragon 150,Dragon 15,"5,5,9,6","5,5,9,11",,40000,Lao-Shan's Horn x2; Lao-Shan's Shell x3; Gaoren Shell x4; Commendation x1,,,,Dragonic Rim,,,,,,,,,
5,blademaster_weapon,529,Vacuum Striker,lance,3,vallode,3,,,,N,184,2.3,80,0%,2,Water 270,Water 27,"5,5,9,1","5,5,9,6",,7500,Pale Bone x2; Rubbery Hide x1; FlynMealPassReg x2,,,,Hyper Vacuum,,,,,,,,,
5,blademaster_weapon,530,Hyper Vacuum,lance,6,vallode,6,,,,N,253,2.3,110,0%,2,Water 340,Water 34,"3,7,4,16,5","3,7,4,16,7,3",Vacuum Striker,,,45000,Pale Khezu Steak x2; Dragonwood x2; FlynMealPassPlus x3,,,,,,,,,,,
5,blademaster_weapon,531,Primal Spear,lance,6,vallode,6,,,,N,230,2.3,100,0%,2,Poison 450,Poison 45,"5,5,9,13,3","5,5,9,13,5,3",Native Spear,,,45000,Master's Skull x1; Toxin Sac x5; FlynMealPassReg x10,,,,,,,,,,,
5,blademaster_weapon,532,Tiger Stinger,lance,5,vallode,5,,,,N,391,2.3,170,-30%,0,,,"16,5,4,9,1","16,5,4,9,4,2",,35000,Tigrex Scale x6; Tigrex Tail x1; Tigrex Claw x5; Pokke Ticket x1,,,,Tigrex Lance; Hidden Stinger,,,,,,,,,
5,blademaster_weapon,533,Tigrex Lance,lance,7,vallode,7,,,,N,506,2.3,220,-30%,0,,,"9,5,9,10,5,2","9,5,9,10,5,5,2",Tiger Stinger,,,80000,Tigrex Scale+ x6; Tigrex Tail x3; Tigrex Claw+ x5,,Great Tigrex Lance,,,,,,,,,
5,blademaster_weapon,534,Rex Blast,gunlance,5,vallode,5,,,,N,391,2.3,170,-30%,0,,,"13,4,3,9,1","13,4,3,9,3,2",,35000,Tigrex Fang x4; Tigrex Claw x5; Tigrex Shell x2; Pokke Ticket x1,,,,Tigrex Gunlance; Hidden Gunlance,,,,,,,,,
5,blademaster_weapon,535,Tigrex Gunlance,gunlance,7,vallode,7,,,,N,506,2.3,220,-30%,0,,,"9,5,9,10,4,2","9,5,9,10,4,6,2",Rex Blast,,,80000,Tigrex Fang+ x4; Tigrex Claw+ x5; Tigrex Carapace x4,,GreatTigrexGunlance,,,,,,,,,
5,blademaster_weapon,536,Akantor Gunlance,gunlance,8,vallode,8,,,,N,575,2.3,250,40%,0,,,"4,7,4,2","4,7,4,7",,100000,Akantor Fang x4; Akantor Claw x3; Akantor Shell x5; Firecell Stone x8,,,,AkantorNoirGunlance,,,,,,,,,
5,blademaster_weapon,537,Kitchen Knife,sword-and-shield,2,vallode,2,,,,N,112,1.4,80,10%,0,,,"13,1,1","13,1,3,3",Assassin's Dagger,510,FlynMealPassReg x2; Iron Ore x3; Antiseptic Stone x1,510,FlynMealPassReg x1; Iron Ore x2,,Iron Chefblade,,,,,,,,,
5,blademaster_weapon,538,Iron Chefblade,sword-and-shield,4,vallode,4,,,,N,168,1.4,120,10%,0,,,"13,1,3,3","13,1,3,8",Kitchen Knife,,,7500,FlynMealPassReg x3; Dragonite Ore x3; Pokke Ticket x1,,Millennium Knife,,,,,,,,,
5,blademaster_weapon,539,Millennium Knife,sword-and-shield,4,vallode,4,,,,N,182,1.4,130,15%,0,,,"8,2,8,12,5","8,2,8,12,7,2",Iron Chefblade,,,45000,FlynMealPassPlus x3; FlynMealPassReg x5; Novacrystal x2,,,,,,,,,,,
5,blademaster_weapon,540,Velociprey Claws+,dual-blades,3,vallode,3,,,,N,196,1.4,140,0%,1,,,"7,3,8,7","7,3,8,12",Giaprey Claws+; Velocidrome Bite,,,2480,Velocidrome Claw x6; Velocidrome Head x1; Pale Extract x2,,Velociprey Claws+,,,,,,,,,
5,blademaster_weapon,541,Giaprey Claws,dual-blades,2,vallode,2,,,,N,98,1.4,70,0%,0,Ice 140,Ice 14,"3,7,10","3,7,15",Hunter's Dagger,880,Giaprey Scale x3; Giaprey Hide x3; Sm Monster Bone x2,880,Giaprey Scale x2; Giaprey Hide x2,Plus Class Tcket x1; Giaprey Hide x1,Giaprey Claws+,,,,,,,,,
5,blademaster_weapon,542,Giaprey Claws+,dual-blades,2,vallode,2,,,,N,98,1.4,70,0%,0,Ice 140,Ice 14,"3,7,10","3,7,15",Hunter's Dagger,880,Giaprey Scale x3; Giaprey Hide x3; Sm Monster Bone x2,880,Giaprey Scale x2; Giaprey Hide x2,Plus Class Tcket x1; Giaprey Hide x1,Giaprey Claws+,,,,,,,,,
5,blademaster_weapon,543,White Death,dual-blades,6,vallode,6,,,,N,266,1.4,190,0%,0,Ice 300,Ice 30,"7,3,8,12","7,3,8,13,4",Giaprey Claws+,,,40000,Giadrome Claw+ x6; Giadrome Skull x2; Blangonga Fang+ x2,,,,,,,,,,,
5,blademaster_weapon,544,Snake Bite,sword-and-shield,1,vallode,1,,,,N,126,1.4,90,0%,0,,,"5,3,12","5,3,12,4",Hunter's Dagger,660,Giaprey Scale x4; Giaprey Hide x4; Sharp Claw x2,660,Sharp Claw x1; Giaprey Hide x3; Sm Monster Bone x1,Plus Class Tcket x1; Giaprey Scale x1,Snake Bite+,,,,,,,,,
5,blademaster_weapon,545,Snake Bite+,sword-and-shield,1,vallode,1,,,,N,126,1.4,90,0%,0,,,"5,3,12","5,3,12,4",Hunter's Dagger,660,Giaprey Scale x4; Giaprey Hide x4; Sharp Claw x2,660,Sharp Claw x1; Giaprey Hide x3; Sm Monster Bone x1,Plus Class Tcket x1; Giaprey Scale x1,Snake Bite+,,,,,,,,,
5,blademaster_weapon,546,Twin Dagger+,dual-blades,1,vallode,1,,,,N,112,1.4,80,0%,0,,,"9,1,3,2","9,1,3,7",Hunter's Dagger+,680,Machalite Ore x2; Iron Ore x5; Earth Crystal x2,680,Machalite Ore x1; Disk Stone x1,Hard Ticket x1; Disk Stone x1,Twin Dagger+,,,,,,,,,
5,blademaster_weapon,547,Glutton's Set,dual-blades,2,vallode,2,,,,N,154,1.4,110,0%,0,,,"9,1,3,7","9,1,3,12",Twin Dagger+,1400,FlynMealPassReg x2; Iron Ore x10; Brute Bone x4,1400,FlynMealPassPlus x1; Machalite Ore x2; Sm Monster Bone x2,,Spatula Set; Chereau's Tool,,,,,,,,,
5,blademaster_weapon,548,Chereau's Tool,dual-blades,6,vallode,6,,,,N,196,1.4,140,15%,2,,,"7,3,8,13,4","7,3,8,13,5,4",Glutton's Set,,,50000,FlynMealPassPlus x10; Union Ore x10; Basarios Tears x2,,,,,,,,,,,
5,blademaster_weapon,549,Serpent Bite+,sword-and-shield,6,vallode,6,,,,N,280,1.4,200,0%,2,,,"13,1,3,8","13,1,3,13",Odyssey,,,30000,Velociprey Hide+ x10; Velociprey Fang x30; Velocidrome Head x5,,Serpent Bite+,,,,,,,,,
5,blademaster_weapon,550,Chief Scythe,dual-blades,2,vallode,2,,,,N,154,1.4,110,0%,1,,,"7,3,8,2","7,3,8,7",Bone Scythe+,,,1400,Med Monster Bone x2; Sm Bone Husk x8; Velocidrome Claw x2,,Bladed Edge; Cutlass; Twin Kut-Ku,,,,,,,,,
5,blademaster_weapon,551,Dual Kut-Ku,dual-blades,6,vallode,6,,,,N,280,1.4,200,0%,2,Fire 150,Fire 15,"12,5,5,8","12,5,5,10,3",Twin Kut-Ku+,,,45000,Long Kut-Ku Ear x6; Conga Pelt+ x10; Inferno Sac x2,,,,,,,,,,,
5,blademaster_weapon,552,Pink Maracas+,dual-blades,3,vallode,3,,,,N,182,1.4,130,0%,1,,,"7,5,5,3","7,5,5,8",Twin Kut-Ku,,,2080,Conga Pelt x10; Congalala Claw x2; Congalala Fang x4,,Pink Maracas+,,,,,,,,,
5,blademaster_weapon,553,Shaka Poison Bite,sword-and-shield,4,vallode,4,,,,N,168,1.4,120,0%,0,Poison 400,Poison 40,"10,9,6","10,9,8,3",Melynx Tool,2940,ShakalakaTreasre x6; Poison Sac x12; Pawprint Stamp x2; Commendation x1,2940,Iron Ore x10; Poison Sac x8; ShakalakaTreasre x4,,Shakalaka Saber,,,,,,,,,
5,blademaster_weapon,554,Shakalaka Saber,sword-and-shield,6,vallode,6,,,,N,210,1.4,150,0%,2,Poison 450,Poison 45,"10,9,8,3","10,9,8,3,4,1",Shaka Poison Bite,,,4000,ShakaInheritance x3; ShakalakaTreasre x8; Toxin Sac x5,,Hexed Shaka Hatchet,,,,,,,,,
5,blademaster_weapon,555,Felyne and Melynx,dual-blades,4,vallode,4,,,,N,140,1.4,100,0%,2,Paralysis 20,Paralysis 2,"8,13,6,4,3,1","8,13,6,4,3,6",,6300,Puppet Ticket x5; Pokke Ticket x2; FlynMealPassReg x2; Dragonwood x2,,,,Felyne and Melynx+,,,,,,,,,
5,blademaster_weapon,556,Steel Ice Dagger+,sword-and-shield,5,vallode,5,,,,N,196,1.4,140,0%,0,Ice 180,Ice 18,"7,5,9,4","7,5,9,9",Tarnished Sword,,,35000,Daora Claw x2; Daora Shell x2; DaoraDragonScale x3,,Steel Ice Dagger+,,,,,,,,,
5,blademaster_weapon,557,Rex Talon,sword-and-shield,5,vallode,5,,,,N,238,1.4,170,-25%,0,,,"20,1,3,10,1","20,1,3,10,5,1",,35000,Tigrex Claw x4; Tigrex Fang x4; Tigrex Shell x3; Pokke Ticket x1,,,,Tigrex Sword; Hidden Edge,,,,,,,,,
5,blademaster_weapon,558,Tigrex Sword,sword-and-shield,7,vallode,7,,,,N,308,1.4,220,-25%,0,,,"20,1,3,10,5,1","20,1,3,10,5,4,2",Rex Talon,,,80000,Tigrex Claw+ x4; Tigrex Claw x10; Tigrex Carapace x3,,Tigrex Sword+,,,,,,,,,
5,blademaster_weapon,559,Rex Slicers,dual-blades,5,vallode,5,,8,,N,238,1.4,170,-25%,0,,,"15,3,9,7,1","15,3,9,7,4,2",,35000,Tigrex Claw x6; Tigrex Fang x2; Tigrex Scale x2; Pokke Ticket x1,,,,Tigrex Claws; Hidden Ones,,,,,,,,,
5,blademaster_weapon,560,Tigrex Claws,dual-blades,7,vallode,7,,,,N,308,1.4,220,-25%,0,,,"15,3,9,7,4,2","15,3,9,7,4,5,2",Rex Slicers,,,80000,Tigrex Claw+ x6; Tigrex Fang+ x2; Tigrex Scale x10,,Tigrex Claws+,,,,,,,,,
5,blademaster_weapon,561,Sakura Recorder,hunting-horn,5,vallode,5,,,,N,884,5.2,170,0%,1,Dragon 290,Dragon 29,"3,2,17,8","3,2,17,12,1",Anvil Hammer,25000,Pnk Rathian Scl x6; Pnk Rathian Shl x4; Dosbiscus x10; Killer Beetle x10,25000,Pnk Rathian Scl x5; Pnk Rathian Shl x2; Dragonite Ore x5,,Sakura Recorder+,,,,,,,,,
5,blademaster_weapon,562,Gold Recorder,hunting-horn,8,vallode,8,,,,N,988,5.2,190,0%,1,Dragon 380,Dragon 38,"3,2,17,12,1","3,2,17,12,4,2",Sakura Recorder+,,,75000,Gld Rathian Scl+ x6; Gld Rathian Cpc x4; Small Goldenfish x20,,Gold Recorder+,,,,,,,,,
5,blademaster_weapon,563,Black Cauldron,hammer,3,vallode,3,,,,N,468,5.2,90,0%,2,,,"14,4,2","14,4,6,1",War Mace,1400,FlynMealPassPlus x1; Iron Ore x10; Disk Stone x7,1400,FlynMealPassReg x2; Iron Ore x10; Carpenterbug x10,,True Black Cauldron; One Star Silver Pot,,,,,,,,,
5,blademaster_weapon,564,True Black Cauldron,hammer,6,vallode,6,,6,,N,780,5.2,150,0%,3,,,"10,1,3,11","10,1,3,16",Black Cauldron,,,35000,FlynMealPassReg x7; Carbalite Ore x10; Black Blos Shell x5,,,,,,,,,,,
5,blademaster_weapon,565,One Star Silver Pot,hammer,4,vallode,4,,,,N,520,5.2,100,15%,0,,,"19,2,5,7,2","19,2,5,7,4,3",Black Cauldron,,,2150,FlynMealPassPlus x2; Rainbow Ore x10; DaoraDragonScale x5,,Two Star Silver Pot,,,,,,,,,
5,blademaster_weapon,566,Two Star Silver Pot,hammer,7,vallode,7,,7,,N,676,5.2,130,15%,0,,,"6,4,8,12,5","6,4,8,12,6,4",One Star Silver Pot,,,50000,FlynMealPassPlus x8; Union Ore x10; Slvr Rthlos Scl+ x5,,,,,,,,,,,
5,blademaster_weapon,567,Bone Great Axe,hammer,6,vallode,6,,,,N,1092,5.2,210,5%,2,,,"19,2,5,4","19,2,5,7,2",Bone Broadaxe,,,40000,Hrd Monster Bone x2; Monster Bone+ x4; Monster Broth x1; King Scarab x5,,Ceanataur Head Axe,,,,,,,,,
5,blademaster_weapon,568,Crater Maker,hammer,7,vallode,7,,,,N,988,5.2,190,0%,2,Poison 200,Poison 20,"14,4,6,7,4","14,4,6,7,4,5",Graviton Hammer,,,70000,Gravios Carapace x12; Wyvern Stone x3; Toxin Sac x8,,VenomousCraterMaker,,,,,,,,,
5,blademaster_weapon,569,Basarios Rock,hunting-horn,4,vallode,4,,,,N,676,5.2,130,0%,0,Fire 250,Fire 25,"6,4,8,7","6,4,8,12",Spiked Hammer+,3825,Basarios Shell x8; Machalite Ore x25; FireWyvern Fluid x10; Hercudrome x3,3825,Basarios Shell x5; Machalite Ore x15; Flame Sac x3,,Basarios Rock Mk.II,,,,,,,,,
5,blademaster_weapon,570,Volcanic Rock,hunting-horn,7,vallode,7,,,,N,988,5.2,190,0%,2,Fire 320,Fire 32,"8,7,7,11,2","8,7,7,11,5,2",Basarios Rock Mk.II,,,40000,Basarios Tears x3; Machalite Ore x50; Kirin Mane x5,,Volcanic Gig,,,,,,,,,
5,blademaster_weapon,571,Enormous Ham,hammer,2,vallode,2,,,,N,728,5.2,140,-20%,0,,,"10,1,3,1","10,1,3,6",Large Bone Club,,,7500,Giant Bone x3; Well Done Steak x10; FlynMealPassReg x3,,Ham of Hams,,,,,,,,,
5,blademaster_weapon,572,Ham of Hams,hammer,6,vallode,6,,6,,N,1196,5.2,230,-20%,0,,,"10,1,3,1","10,1,3,6",Enormous Ham,,,50000,Hrd Monster Bone x3; Gourmet Steak x10; FlynMealPassPlus x3,,,,,,,,,,,
5,blademaster_weapon,573,Basarios Rock Mk.II,hunting-horn,5,vallode,5,,,,N,832,5.2,160,0%,0,Fire 280,Fire 28,"6,4,8,12","6,4,8,12,5",Basarios Rock,,,5715,Gravios Shell x5; Machalite Ore x20; Basarios Wing x1,,Volcanic Rock,,,,,,,,,
5,blademaster_weapon,574,Dynamic Hammer,hammer,3,vallode,3,,,,N,728,5.2,140,5%,0,,,"19,2,5,4","19,2,5,7,2",Kut-Ku Jaw,,,3100,Blue Kut-Ku Shl x6; Blue Kut-Ku Scl x8; Carpenterbug x5,,Violence Hammer,,,,,,,,,
5,blademaster_weapon,575,Sakura Recorder+,hunting-horn,5,vallode,5,,,,N,884,5.2,170,0%,1,Dragon 290,Dragon 29,"3,2,17,8","3,2,17,12,1",Anvil Hammer,25000,Pnk Rathian Scl x6; Pnk Rathian Shl x4; Dosbiscus x10; Killer Beetle x10,25000,Pnk Rathian Scl x5; Pnk Rathian Shl x2; Dragonite Ore x5,,Sakura Recorder+,,,,,,,,,
5,blademaster_weapon,576,Khezu Horn+,hunting-horn,3,vallode,3,,,,N,624,5.2,120,0%,1,Thunder 200,Thunder 20,"9,2,13,1","9,2,13,6",Atlas Hammer,2790,Flabby Hide x5; Electro Sac x4; Machalite Ore x6; Lg Monster Bone x6,2790,Flabby Hide x3; Pale Extract x4; Electro Sac x2,,Khezu Horn+,,,,,,,,,
5,blademaster_weapon,577,Giadrome Balloon,hunting-horn,6,vallode,6,,,,N,1040,5.2,200,0%,0,Ice 180,Ice 18,"5,4,14,10,2","5,4,14,10,4,3",Giaprey Balloon+,,,40000,Giaprey Hide+ x5; Giadrome Claw+ x6; Giaprey Scale+ x5,,,,,,,,,,,
5,blademaster_weapon,578,Bull Hammer,hammer,2,vallode,2,,,,N,520,5.2,100,0%,0,,,"6,4,5","6,4,8,2",Bone Club,1400,Bullfango Pelt x4; Bullfango Head x1; Brute Bone x5; Carpenterbug x2,1750,Bullfango Pelt x2; Anteka Antlers x2; Brute Bone x3,Plus Class Tcket x1; Bullfango Pelt x1,Bull Head Hammer,,,,,,,,,
5,blademaster_weapon,579,Giaprey Balloon,hunting-horn,2,vallode,2,,,,N,416,5.2,80,0%,0,Ice 100,Ice 10,"3,2,10","3,2,15",Bone Club,990,Giaprey Hide x4; Brute Bone x3; Anteka Antlers x1; Iron Ore x5,990,Giaprey Hide x2; Giaprey Scale x2; Ice Crystal x3,Plus Class Tcket x1; Giaprey Scale x1,Giaprey Balloon+,,,,,,,,,
5,blademaster_weapon,580,Giaprey Balloon+,hunting-horn,2,vallode,2,,,,N,416,5.2,80,0%,0,Ice 100,Ice 10,"3,2,10","3,2,15",Bone Club,990,Giaprey Hide x4; Brute Bone x3; Anteka Antlers x1; Iron Ore x5,990,Giaprey Hide x2; Giaprey Scale x2; Ice Crystal x3,Plus Class Tcket x1; Giaprey Scale x1,Giaprey Balloon+,,,,,,,,,
5,blademaster_weapon,581,Ivory Horn,hunting-horn,1,vallode,1,,,,N,364,5.2,70,0%,0,,,"9,2,4","9,2,9",,585,Brute Bone x2; Blue Mushroom x1,,,,Bone Horn; War Drum,,,,,,,,,
5,blademaster_weapon,582,White Cat Stamp,hammer,2,vallode,2,,,,N,520,5.2,100,0%,0,Paralysis 200,Paralysis 20,"10,1,3,1","10,1,3,6",,2150,Pawprint Stamp x1; FlynMealPassReg x1; Paralysis Sac x2,,,,White Cat Hammer; Black Cat Stamp; Teddybear,,,,,,,,,
5,blademaster_weapon,583,Black Cat Hammer,hammer,6,vallode,6,,6,,N,676,5.2,130,0%,0,Paralysis 380,Paralysis 38,"3,2,17,12,1","3,2,17,12,4,2",Black Cat Stamp,,,25000,FlynMealPassPlus x6; Black Blos Spine x5; Felyne Fur Ruby x1,,,,,,,,,,,
5,blademaster_weapon,584,Cactus Creamer,hammer,3,vallode,3,,,,N,260,5.2,50,0%,0,Poison 300,Poison 30,"3,2,10","3,2,15",,7500,Cactus Flower x2; Bone x1; Dosbiscus x3,,,,Green Monster,,,,,,,,,
5,blademaster_weapon,585,Green Monster,hammer,5,vallode,5,,6,,N,468,5.2,90,0%,2,Poison 300,Poison 30,"6,4,8,12,5","6,4,8,12,6,4",Cactus Creamer,,,30000,Cactus Flower x10; Stout Bone x2; Pokke Ticket x1,,,,,,,,,,,
5,blademaster_weapon,586,Striped Striker,hammer,5,vallode,5,,,,N,884,5.2,170,-30%,0,,,"19,2,5,7,2","19,2,5,7,4,3",,35000,Tigrex Claw x3; Tigrex Scale x5; Tigrex Shell x5; Pokke Ticket x1,,,,Tigrex Hammer; Hidden Breaker,,,,,,,,,
5,blademaster_weapon,587,Tigrex Hammer,hammer,7,vallode,7,,,,N,1144,5.2,220,-30%,0,,,"19,2,5,7,4,3","19,2,5,7,4,5,3",Striped Striker,,,80000,Tigrex Claw+ x3; Tigrex Scale + x5; Tigrex Skull Shl x3,,Tigrex Hammer+,,,,,,,,,
5,blademaster_weapon,588,Striped Dragonga,hunting-horn,5,vallode,5,,,,N,936,5.2,180,-30%,0,,,"19,2,5,7,2","19,2,5,7,4,3",,35000,Tigrex Shell x5; Tigrex Fang x7; Dragonite Ore x10; Pokke Ticket x1,,,,Tigrex Horn; Hidden Tone,,,,,,,,,
5,blademaster_weapon,589,Tigrex Horn,hunting-horn,7,vallode,7,,,,N,1144,5.2,220,-30%,0,,,"19,2,5,7,4,3","19,2,5,7,4,5,3",Striped Dragonga,,,80000,Tigrex Carapace x5; Tigrex Fang+ x7; Tigrex Skull Shl x2,,Tigrex Horn+,,,,,,,,,
5,blademaster_weapon,590,Akantor Horn,hunting-horn,8,vallode,8,,,,N,1300,5.2,250,40%,0,,,"9,2,13,1","9,2,13,6",,100000,Akantor Tail x1; Akantor Fang x2; Akantor Scale x8; Firecell Stone x5,,,,Akantor Dark Melody,,,,,,,,,
5,blademaster_weapon,591,Red Lobster Hammer,,,,,,,,,,,,,,,,,,,,,,,,,,,,,,,,,dummy
5,blademaster_weapon,592,Akantor Blades,dual-blades,8,vallode,8,,,,N,350,1.4,250,35%,0,,,"7,5,5,3","7,5,5,8",,100000,Akantor Shell x7; Akantor Claw x7; Akantor Scale x2; Hrd Monster Bone x8,,,,Akantor Shadow Claws,,,,,,,,,
5,blademaster_weapon,593,Khezu Shock Full,great-sword,9,vallode,9,,,,Y,1056,4.8,220,0%,1,Thunder 280,Thunder 28,"5,3,9,14,4","5,3,9,14,6,3",Khezu Shock Blade,,,85000,KhezuHide-Cream x5; Lightning Sac x3; Eltalite Ore x5; Thunderbug Juice x10,,Khezu Shock Full+,,,,,,,,,
5,blademaster_weapon,594,Khezu Shock Full+,great-sword,9,vallode,9,,9,,Y,1056,4.8,220,0%,1,Thunder 280,Thunder 28,"5,3,9,14,4","5,3,9,14,6,3",Khezu Shock Blade,,,85000,KhezuHide-Cream x5; Lightning Sac x3; Eltalite Ore x5; Thunderbug Juice x10,,Khezu Shock Full+,,,,,,,,,
5,blademaster_weapon,595,Cat of Venus,great-sword,9,vallode,9,,,,Y,912,4.8,190,0%,1,Paralysis 400,Paralysis 40,"12,11,5,4,3","12,11,5,4,8",Cat's King,75000,Eltalite Ore x15; Thunderbug Jelly x8; Gld Rathian Cpc x10; Felyne Fur Ruby x5,75000,Eltalite Ore x5; Thunderbug Jelly x5; Gld Rathian Scl+ x6; FlynMealPassReg x5,,Cat of Gold,,,,,,,,,
5,blademaster_weapon,596,Cat of Gold,great-sword,9,vallode,9,,9,,Y,1008,4.8,210,0%,1,Paralysis 460,Paralysis 46,"9,4,11,7,4","9,4,11,7,6,3",Cat of Venus,,,95000,PhantomButterfly x8; Felyne Fur Ruby x3; FlynMealPassPlus x5; ShakalakaTreasr+ x2,,,,,,,,,,,
5,blademaster_weapon,597,Wailing Cleaver,long-sword,9,vallode,9,,,,Y,960,4.8,200,0%,1,Thunder 540,Thunder 54,"12,11,5,4,8","12,11,5,4,8,3,2",True Devil Slicer,,,100000,Eltalite Ore x10; Tigrex Scale+ x8; Lightning Sac x4; KhezuSpecialCut x1,,Wailing Cleaver Shin,,,,,,,,,
5,blademaster_weapon,598,Wailing Cleaver Shin,long-sword,10,vallode,10,,10,,Y,1200,4.8,250,0%,1,Thunder 560,Thunder 56,"13,1,6,13,4,3","13,1,6,13,4,6,2",Wailing Cleaver,,,120000,Mellanje Ore x5; Thunderbug Jelly x8; LthrKirinThndrTl x2; Hard Rajang Claw x4,,,,,,,,,,,
5,blademaster_weapon,599,Mirage Finsword,long-sword,5,vallode,5,,,,N,816,4.8,170,10%,1,,,"8,3,11,8","8,3,11,10,3","Iron Katana ""Gospel""",35000,Chameleos Horn x2; Chameleos Hide x5; Chameleos Tail x2; Dragonite Ore x8,35000,Chameleos Hide x3; Chameleos Tail x1; ChameleosWebbing x2,,Mirage Finsword+,,,,,,,,,
5,blademaster_weapon,600,Mirage Finsword+,long-sword,5,vallode,5,,,,N,816,4.8,170,10%,1,,,"8,3,11,8","8,3,11,10,3","Iron Katana ""Gospel""",35000,Chameleos Horn x2; Chameleos Hide x5; Chameleos Tail x2; Dragonite Ore x8,35000,Chameleos Hide x3; Chameleos Tail x1; ChameleosWebbing x2,,Mirage Finsword+,,,,,,,,,
5,blademaster_weapon,601,Phantom Mirage,long-sword,10,vallode,10,,10,,Y,1344,4.8,280,30%,1,,,"16,3,2,9,7,3","16,3,2,9,7,6,2",Mirage Finsword+,,,130000,HrdChameleosHorn x2; SpecChameleHide+ x5; LthrChameleoTail x3; Chameleos Jewel x3,,,,,,,,,,,
5,blademaster_weapon,602,Lion Emperor Saber,long-sword,8,vallode,8,,8,,N,912,4.8,190,0%,1,Fire 480,Fire 48,"12,11,5,4,8","12,11,5,4,8,3,2",Lion King Saber,,,100000,Lunastra Spike x4; LunastraCarapace x5; ElderDragonBlood x5; Commendation G x2,,,,,,,,,,,
5,blademaster_weapon,603,Big Menacing Scythe,long-sword,9,vallode,9,,9,,Y,1056,4.8,220,-10%,2,Poison 340,Poison 34,"18,2,7,7,4,2","18,2,7,7,4,4,3",Scythe of Menace,,,95000,Hvy Monster Bone x5; DeadlyPoisonSac x3; Rathian Spike+ x2; Eltalite Ore x5,,,,,,,,,,,
5,blademaster_weapon,604,Monoblos Scythe+,long-sword,4,vallode,4,,7,,N,768,4.8,160,0%,2,Fire 180,Fire 18,"8,3,11,8","8,3,11,10,3",Crimson Scythe,,,6350,Monoblos Spine x5; Blos Fang x10; Monoblos Heart x1,,Monoblos Scythe+,,,,,,,,,
5,blademaster_weapon,605,Weiss Crescent,long-sword,7,vallode,7,,7,,N,960,4.8,200,0%,0,Water 260,Water 26,"9,4,11,7,4","9,4,11,7,6,3",Frost Ripper,,,85000,Top-GrdPlatHorn x2; Wht Monoblos Cpc x3; WhtMonoblosThora x5,,,,,,,,,,,
5,blademaster_weapon,606,C.Blango Decimator,long-sword,9,vallode,9,,,,Y,1392,4.8,290,-10%,1,,,"18,2,7,7,4,2","18,2,7,7,4,4,3",Blango Destructor,,,85000,Blangonga Pelt+ x5; HvyC.BlangoFang x2; Eltalite Ore x10,,C.Blango Destructor,,,,,,,,,
5,blademaster_weapon,607,C.Blango Destructor,long-sword,10,vallode,10,,10,,Y,1536,4.8,320,-20%,1,,,"9,4,11,7,6,3","9,4,11,7,6,4,4",C.Blango Decimator,,,115000,LthrC.BlangoTail x2; Lthr Pelagus Plt x2; Blk Rajang Pelt+ x5; Hvy Rajang Fang x2,,,,,,,,,,,
5,blademaster_weapon,608,Master Blaze,great-sword,9,vallode,9,,9,,Y,1440,4.8,300,0%,1,,,"16,3,2,9,5","16,3,2,9,7,3",Lacerator Blade,,,95000,HvyRathalosShl x7; HrdFireWyvernClw x5; Eltalite Ore x10; ThickNargaScale x5,,,,,,,,,,,
5,blademaster_weapon,609,Decider,great-sword,9,vallode,9,,,,Y,1104,4.8,230,0%,0,,,"5,3,9,14,4","5,3,9,14,6,3",Carbalite Sword+,75000,Eltalite Ore x10; Union Ore x10; Emperor Cricket x10; Monster Essence x2,75000,Eltalite Ore x5; Carbalite Ore x20; Emperor Cricket x5; RobustWyvernBone x3,,Punisher; Igneous Blade; Liquid Fire Blade,,,,,,,,,
5,blademaster_weapon,610,Punisher,great-sword,9,vallode,9,,9,,Y,1296,4.8,270,0%,2,,,"8,3,11,10,6,2","8,3,11,10,6,5,2",Decider,,,115000,Mellanje Ore x5; Eltalite Ore x10; PhantomButterfly x5; Massive Bone x3,,,,,,,,,,,
5,blademaster_weapon,611,Igneous Blade,great-sword,9,vallode,9,,,,Y,1200,4.8,250,10%,1,Fire 200,Fire 20,"18,2,7,7,1","18,2,7,7,4,2",Decider,100000,SpecLavasioFin+ x3; HvyLavasiothShl x5; Monster Essence x3; Firecell Stone x3,100000,ThckLavasiothScl x2; SpecLavasioFin+ x2; Monster Broth x5,,Igneous Sword; Liquid Fire Blade,,,,,,,,,
5,blademaster_weapon,612,Igneous Sword,great-sword,10,vallode,10,,9,,Y,1344,4.8,280,20%,1,Fire 220,Fire 22,"18,2,7,7,4,2","18,2,7,7,4,4,3",Igneous Blade,,,120000,HvyLavasiothFang x5; HvyLavasiothShl x6; FireWyvrn BrnStm x3; HvnlyBlkGraviShl x1,,,,,,,,,,,
5,blademaster_weapon,613,Liquid Fire Blade,long-sword,9,vallode,9,,,,Y,1200,4.8,250,15%,1,Fire 200,Fire 20,"18,2,7,7,1","18,2,7,7,4,2",Igneous Blade; Decider,100000,ThckLavasiothScl x8; HvyLavasiothShl x6; Carbalite Ore x10,100000,SpecLavasioFin+ x2; HvyLavasiothFang x2; Dragonite Ore x12; Union Ore x5,,Divine Fire Blade,,,,,,,,,
5,blademaster_weapon,614,Divine Fire Blade,long-sword,10,vallode,10,,10,,Y,1296,4.8,270,20%,1,Fire 220,Fire 22,"18,2,7,7,4,2","18,2,7,7,4,4,3",Liquid Fire Blade,,,120000,HvyLavasiothShl x8; HvyLavasiothFang x2; Carbalite Ore x12; HvnlyGraviosShl x1,,,,,,,,,,,
5,blademaster_weapon,615,GrtDemnHalberdRaksha,long-sword,10,vallode,10,,10,,Y,1248,4.8,260,25%,1,Thunder 250,Thunder 25,"18,2,7,7,4,2","18,2,7,7,4,4,3",Great Demon Halberd,,,130000,Hvy Rajang Fang x4; Blk Rajang Pelt+ x5; GoldRajangPelt+ x1; YamaTsukamiFluid x3,,,,,,,,,,,
5,blademaster_weapon,616,Gaoren Cleaver,great-sword,10,vallode,10,,10,,Y,1440,4.8,300,0%,0,,,"8,3,11,10,6,2","8,3,11,10,6,5,2",Gaoren Coin,,,130000,Hvy Gaoren Spine x3; Lao-Shan'sHvyShl x5; Giant Blk Pearl x3; HvnlyGaorenShell x1,,,,,,,,,,,
5,blademaster_weapon,617,Aqua Guardian,long-sword,9,vallode,9,,,,Y,1104,4.8,230,0%,2,Water 300,Water 30,"4,3,9,14,5","4,3,9,14,5,3",Imperial Sword,90000,Purecrystal x5; Union Ore x20; Basarios Tears x3; Eltalite Ore x12,90000,Purecrystal x2; Novacrystal x15; Eltalite Ore x10; HvyPiscineFang x3,,Atlantica; Edelweiss Ice Blade,,,,,,,,,
5,blademaster_weapon,618,Atlantica,long-sword,9,vallode,9,,9,,Y,1296,4.8,270,0%,2,Water 350,Water 35,"4,3,9,14,5,4","4,3,9,14,5,4,3",Aqua Guardian,,,115000,Mellanje Ore x10; SpecPlesiothFin+ x4; StrBasariosWing x2; Big Wyvern Stone x1,,,,,,,,,,,
5,blademaster_weapon,619,Edelweiss Ice Blade,long-sword,9,vallode,9,,,,Y,1104,4.8,230,0%,1,Ice 150,Ice 15,"4,3,9,14,5","4,3,9,14,5,3",Aqua Guardian,,,75000,Eltalite Ore x15; Purecrystal x1; Ice Crystal x20; Blangonga Fang+ x10,,Edelweiss Ice Blade+,,,,,,,,,
5,blademaster_weapon,620,Edelweiss Ice Blade+,long-sword,9,vallode,9,,9,,Y,1104,4.8,230,0%,1,Ice 150,Ice 15,"4,3,9,14,5","4,3,9,14,5,3",Aqua Guardian,,,75000,Eltalite Ore x15; Purecrystal x1; Ice Crystal x20; Blangonga Fang+ x10,,Edelweiss Ice Blade+,,,,,,,,,
5,blademaster_weapon,621,Alveblade,great-sword,9,vallode,9,,,,Y,1200,4.8,250,0%,2,Dragon 240,Dragon 24,"13,1,6,13,4,3","13,1,6,13,4,6,2",Blushing Dame; Pael Keizah,,,105000,ThckAzurRthlsScl x5; ThckPnkRathnScl x5; Rathalos Ruby x1; Rathian Ruby x1,,Brünhild,,,,,,,,,
5,blademaster_weapon,622,Brünhild,great-sword,10,vallode,10,,10,,Y,1296,4.8,270,0%,2,Dragon 250,Dragon 25,"9,4,11,7,6,3","9,4,11,7,6,4,4",Alveblade,,,125000,HvyAzurRthlsShl x5; HvyPnkRathianShl x5; LthrAzrRthlsTail x2; GoldRathianThorn x1,,,,,,,,,,,
5,blademaster_weapon,623,Plesioth Wave Sword,great-sword,9,vallode,9,,,,Y,1056,4.8,220,0%,1,Water 400,Water 40,"5,3,9,14,4","5,3,9,14,6,3",Plesioth Azureblade,,,90000,ThckPlesiothScl x5; ThckGrnPlesioScl x5; HvyPiscineFang x5; Coral Cphlos Scl x5,,Plesioth Wave Blade,,,,,,,,,
5,blademaster_weapon,624,Plesioth Wave Blade,great-sword,9,vallode,9,,9,,Y,1296,4.8,270,0%,1,Water 470,Water 47,"13,1,6,13,4,3","13,1,6,13,4,6,2",Plesioth Wave Sword,,,110000,SpecPlesiothFin+ x3; SpecGrnPlesioFn+ x3; SpecLavasioFin+ x3; Coral Cphlos Fin x5,,,,,,,,,,,
5,blademaster_weapon,625,Hermitaur Slicer,long-sword,9,vallode,9,,,,Y,1104,4.8,230,0%,2,,,"16,3,2,9,5","16,3,2,9,7,3",Daimyo Cutter,,,85000,PlumD.HermitrClw x2; PlumD.HermitrShl x5; Piercing Claw x8,,Hermitaur Slasher,,,,,,,,,
5,blademaster_weapon,626,Hermitaur Slasher,long-sword,9,vallode,9,,9,,Y,1296,4.8,270,0%,2,,,"9,4,11,7,6,3","9,4,11,7,6,4,4",Hermitaur Slicer,,,115000,PlumD.HermitrClw x3; TerraCeanatrClaw x2; Giant Blk Pearl x2; PhantomButterfly x4,,,,,,,,,,,
5,blademaster_weapon,627,Violet Pincer,great-sword,9,vallode,9,,,,Y,1104,4.8,230,0%,1,,,"16,3,2,9,5","16,3,2,9,7,3",Daimyo Cutter; Killer's Scythe,85000,PlumD.HermitrShl x6; PlumD.HermitrClw x4; HrdHermitaurClaw x4; Giant Blk Pearl x3,85000,PlumD.HermitrShl x4; PlumD.HermitrClw x2; Hvy Monster Bone x2,,Grand Pincer,,,,,,,,,
5,blademaster_weapon,628,Grand Pincer,great-sword,9,vallode,9,,9,,Y,1296,4.8,270,0%,1,,,"9,4,11,7,6,3","9,4,11,7,6,4,4",Violet Pincer,,,115000,PlumD.HermitrClw x3; HvyHermitaurShl x4; TerraCeanatrShl x4; HvyCeanataurLeg x2,,,,,,,,,,,
5,blademaster_weapon,629,Shogun Cutter,long-sword,9,vallode,9,,,,Y,1200,4.8,250,0%,1,,,"12,11,5,4,8,3,2","12,11,5,4,8,3,2",Daimyo Cutter; Killer's Scythe,,,85000,HrdCeanataurClaw x2; HvyCeanataurShl x5; Ceanataur Pincer x5,,Killer's Sickle,,,,,,,,,
5,blademaster_weapon,630,Killer's Sickle,long-sword,10,vallode,10,,10,,Y,1248,4.8,260,0%,1,,,"5,3,9,14,6,5,3","5,3,9,14,6,5,3",Shogun Cutter,,,115000,HrdCeanataurClaw x3; HvyCeanataurLeg x5; Hard Gaoren Claw x2; Giant Blk Pearl x3,,,,,,,,,,,
5,blademaster_weapon,631,Carmine Blade,great-sword,9,vallode,9,,,,Y,1200,4.8,250,0%,1,,,"12,11,5,4,8,3,2","12,11,5,4,8,3,2",Killer's Scythe,85000,TerraCeanatrClaw x5; HrdCeanataurClaw x3; HvyCeanataurLeg x3; Ancient Fish x10,85000,TerraCeanatrClaw x2; TerraCeanatrShl x5; HvyCeanataurLeg x3,,Killer's Carver,,,,,,,,,
5,blademaster_weapon,632,Killer's Carver,great-sword,10,vallode,10,,9,,Y,1248,4.8,260,0%,1,,,"5,3,9,14,6,5,3","5,3,9,14,6,5,3",Carmine Blade,,,115000,TerraCeanatrClaw x3; HrdCeanataurClaw x3; HvyBlkGraviosShl x4,,,,,,,,,,,
5,blademaster_weapon,633,Pickaxe Blade,great-sword,6,vallode,6,,,,N,672,4.8,140,0%,0,Sleep 150,Sleep 15,"5,3,9,13","5,3,9,14,4",Rooster Decapitator,50000,Hypno Beak x2; OrangeHypnoPelt x8; Hypno Bezoar x1; Sleep Sac x5,50000,Top-GrdHypnoClaw x5; OrangeHypnoPelt x3; King Scarab x5; Sleepyfish x5,,Pickaxe Blade+,,,,,,,,,
5,blademaster_weapon,634,Pickaxe Blade+,great-sword,6,vallode,6,,,,N,672,4.8,140,0%,0,Sleep 150,Sleep 15,"5,3,9,13","5,3,9,14,4",Rooster Decapitator,50000,Hypno Beak x2; OrangeHypnoPelt x8; Hypno Bezoar x1; Sleep Sac x5,50000,Top-GrdHypnoClaw x5; OrangeHypnoPelt x3; King Scarab x5; Sleepyfish x5,,Pickaxe Blade+,,,,,,,,,
5,blademaster_weapon,635,Sleep Sword Zantoma,great-sword,9,vallode,9,,9,,Y,1056,4.8,220,0%,2,Sleep 220,Sleep 22,"13,1,6,13,4,3","13,1,6,13,4,6,2",Pickaxe Blade+,,,105000,Hypno Claw+ x5; RainbowTailFeath x5; Hypno Bezoar+ x1; Coma Sac x3,,,,,,,,,,,
5,blademaster_weapon,636,Slaughter,great-sword,6,vallode,6,,,,N,816,4.8,170,15%,0,Poison 420,Poison 42,"18,2,7,7,1","18,2,7,7,4,2",Rooster Decapitator,65000,Rubbery Hide+ x5; Pur Gypceros Wng x5; Hrd Monster Bone x10; Gypceros Head x2,65000,Rubbery Hide+ x3; Pur Gypceros Wng x3; Toxin Sac x5,,Slaughter+,,,,,,,,,
5,blademaster_weapon,637,Slaughter+,great-sword,6,vallode,6,,,,N,816,4.8,170,15%,0,Poison 420,Poison 42,"18,2,7,7,1","18,2,7,7,4,2",Rooster Decapitator,65000,Rubbery Hide+ x5; Pur Gypceros Wng x5; Hrd Monster Bone x10; Gypceros Head x2,65000,Rubbery Hide+ x3; Pur Gypceros Wng x3; Toxin Sac x5,,Slaughter+,,,,,,,,,
5,blademaster_weapon,638,Poison King,great-sword,9,vallode,9,,9,,Y,1296,4.8,270,20%,0,Poison 470,Poison 47,"18,2,7,7,4,2","18,2,7,7,4,4,3",Slaughter+,,,115000,HardGypcerosHead x1; RobustWyvernBone x5; Purecrystal x2; SpecChameleHide+ x3,,,,,,,,,,,
5,blademaster_weapon,639,Sentoryu Crow,great-sword,9,vallode,9,,9,,Y,1248,4.8,260,40%,3,,,"9,4,11,7,6,3","9,4,11,7,6,4,4",Sentoryu Wolf,,,105000,Str Garuga Wing x2; Hvy Garuga Shell x5; LethrGarugaTail x1; Hvy Monster Bone x2,,,,,,,,,,,
5,blademaster_weapon,640,Daito Wolf,long-sword,7,vallode,7,,,,N,1008,4.8,210,15%,0,Poison 100,Poison 10,"8,3,11,10,3","8,3,11,10,6,2",Sentoryu Wolf,,,65000,Rejuvenated Beak x1; Long Garuga Ear x2; Garuga Mane x4,,Daito Crow,,,,,,,,,
5,blademaster_weapon,641,Daito Crow,long-sword,9,vallode,9,,9,,Y,1296,4.8,270,20%,0,Poison 120,Poison 12,"8,3,11,10,6,2","8,3,11,10,6,5,2",Daito Wolf,,,105000,SilverGarugaPelt x3; ThickGarugaScale x4; Garuga Carapace x8; Eltalite Ore x10,,,,,,,,,,,
5,blademaster_weapon,642,Hellish Slasher,long-sword,10,vallode,10,,10,,Y,1440,4.8,300,0%,1,,,"8,3,11,10,6,2","8,3,11,10,6,5,2",Divine Slasher,,,150000,Str Fatalis Wng x2; StrFatlisCrmWing x2; StrWhtFatalisWng x2; BigEDragonJewel x3,,,,,,,,,,,
5,blademaster_weapon,643,Knockout Dragonsword,long-sword,10,vallode,10,,10,,Y,1056,4.8,220,0%,1,Dragon 540,Dragon 54,"16,3,2,9,7,3","16,3,2,9,7,6,2",Smolder Dragonsword,,,140000,Azure LaoS Horn x3; Lao-Shan'sThkScl x4; Lao-ShanHvnlyScl x1; Commendation S x1,,,,,,,,,,,
5,blademaster_weapon,644,"WyvernBlade""Silver""",long-sword,9,vallode,9,,,,Y,1152,4.8,240,0%,2,Fire 400,Fire 40,"13,1,6,13,4,3","13,1,6,13,4,6,2","Wyvern Blade ""Maple""; Wyvern Blade ""Holly""",105000,StrRathalosWing x3; HrdFireWyvernClw x5; Slvr Rthlos Cpc x8; Rathalos Ruby x1,105000,StrRathalosWing x1; HvyRathalosShl x2; Slvr Rthlos Scl+ x5; FireWyvrn BrnStm x1,,"WyvrnBlade""Camellia""",,,,,,,,,
5,blademaster_weapon,645,"WyvrnBlade""Camellia""",long-sword,10,vallode,10,,10,,Y,1248,4.8,260,0%,2,Fire 450,Fire 45,"5,3,9,14,6,3","5,3,9,14,6,5,3","WyvernBlade""Silver""",,,125000,HvySlvrRthlsShl x3; ThckSlvrRthlsScl x3; Blazing Fire Sac x3; HvnlyRathalosScl x1,,,,,,,,,,,
5,blademaster_weapon,646,Lost Black Katana,long-sword,9,vallode,9,,,,Y,1008,4.8,210,20%,2,,,"5,3,9,14,6,5,3","5,3,9,14,6,5,3",Black Katana Mk.III,80000,Hornet Razorwing x10; Vspoid Razorwing x10; Monster Broth x10; Emperor Cricket x8,80000,Hornet Razorwing x5; HornetaurInnrWng x8; Emperor Cricket x8,,Final Black Katana,,,,,,,,,
5,blademaster_weapon,647,Final Black Katana,long-sword,9,vallode,9,,9,,Y,1152,4.8,240,25%,3,,,"9,4,11,7,6,4,4","9,4,11,7,6,4,4",Lost Black Katana,,,105000,Hornet Razorwing x10; VespoidQn'sCrown x5; Monster Essence x5; PhantomButterfly x10,,,,,,,,,,,
5,blademaster_weapon,648,ImperialThundersword,great-sword,10,vallode,10,,10,,Y,1152,4.8,240,0%,0,Thunder 640,Thunder 64,"5,3,9,14,6,3","5,3,9,14,6,5,3",King Thundersword,,,100000,Kirin Azure Horn x5; Platinum Mane x4; LthrKirinThndrTl x2; Purecrystal x2,,,,,,,,,,,
5,blademaster_weapon,649,King Atillart Sword,great-sword,10,vallode,10,,9,,Y,1488,4.8,310,-15%,0,,,"9,4,11,7,6,3","9,4,11,7,6,4,4",Diablo Destroyer,,,115000,StoutWarpedHorn x2; StoutBlkTwstdHrn x2; HvyDiablosSpine x5; HvyBlkBlosSpine x5,,,,,,,,,,,
5,blademaster_weapon,650,Great Demon Hot Rod,great-sword,10,vallode,10,,10,,Y,1248,4.8,260,25%,0,Thunder 400,Thunder 40,"18,2,7,7,4,2","18,2,7,7,4,4,3",Great Demon Rod,,,130000,Hard Rajang Horn x3; Blk Rajang Pelt+ x4; Hvy Rajang Fang x4; GoldRajangPelt+ x1,,,,,,,,,,,
5,blademaster_weapon,651,Last Gaelic Flame,long-sword,10,vallode,10,,10,,Y,1392,4.8,290,20%,2,,,"13,1,6,13,4,3","13,1,6,13,4,6,2",Gaelic Flame,,,135000,HvyRathalosShl x5; Hvy Daora Shell x5; StrRathalosWing x2; Str Daora Wing x2,,,,,,,,,,,
5,blademaster_weapon,652,Eternal Destroyer,great-sword,10,vallode,10,,10,,Y,1008,4.8,210,0%,1,Dragon 860,Dragon 86,"13,1,6,13,4,3","13,1,6,13,4,6,2",Eternal Eradicator,,,105000,ThckFatalisScale x5; ThckFatlisCrmScl x5; ThckWhtFatlisScl x5; Fatalis Evil Eye x1,,,,,,,,,,,
5,blademaster_weapon,653,Black Fatalis Blade,great-sword,10,vallode,10,,10,,Y,1344,4.8,280,0%,1,Dragon 270,Dragon 27,"16,3,2,9,5","16,3,2,9,7,3",Fatalis Blade,,,150000,Hvy Fatalis Shl x5; HardFatalisHorn x2; BigEDragonJewel x1,,,,,,,,,,,
5,blademaster_weapon,654,Fatalis Legacy,great-sword,10,vallode,10,,10,,Y,1200,4.8,250,0%,0,Dragon 400,Dragon 40,"18,2,7,7,4,2","18,2,7,7,4,4,3",Fatalis Ancestor,,,150000,ThckWhtFatlisScl x6; HrdWhtFatlisHorn x3; Fatalis Evil Eye x2; BigEDragonJewel x3,,,,,,,,,,,
5,blademaster_weapon,655,Black Scythe,long-sword,5,vallode,5,,,,N,720,4.8,150,0%,0,Dragon 100,Dragon 10,"16,3,2,4","16,3,2,9",,15000,Dark Stone x1; Dark Piece x4; Pokke Ticket x1,,,,Fatalis Sickle,,,,,,,,,
5,blademaster_weapon,656,Fatalis Sickle,long-sword,8,vallode,8,,,,N,1008,4.8,210,0%,0,Dragon 200,Dragon 20,"3,7,18,4,3","3,7,18,4,4,4",Black Scythe,,,100000,Fatalis Shell x5; Fatalis Webbing x3; Fire Drgn Jwl x1,,LgndaryFatalisSickle,,,,,,,,,
5,blademaster_weapon,657,LgndaryFatalisSickle,long-sword,10,vallode,10,,10,,Y,1248,4.8,260,0%,0,Dragon 300,Dragon 30,"3,7,18,4,4,4","3,7,18,4,4,4,5",Fatalis Sickle,,,150000,Hvy Fatalis Shl x5; Str Fatalis Wng x3; BigEDragonJewel x1,,,,,,,,,,,
5,blademaster_weapon,658,Great Hornfly Saber,long-sword,6,vallode,6,,6,,N,864,4.8,180,0%,3,,,"16,3,2,9,5","16,3,2,9,7,3",,40000,King Scarab x2; Great Hornfly x2; Vespoid InnrWing x5; Monster Broth x5,,,,ExceptnlHornflySaber,,,,,,,,,
5,blademaster_weapon,659,ExceptnlHornflySaber,long-sword,9,vallode,9,,,,Y,1248,4.8,260,0%,3,,,"16,3,2,9,7,3","16,3,2,9,7,6,2",Great Hornfly Saber,,,80,Emperor Cricket x3; Great Hornfly x5; VespoidQn'sCrown x2; PhantomButterfly x10,,,,,,,,,,,
5,blademaster_weapon,660,AncientDragonwoodLS,long-sword,9,vallode,9,,,,Y,960,4.8,200,0%,2,Paralysis 250,Paralysis 25,"18,2,7,7,4,2","18,2,7,7,4,4,3",Fanatic Dragonwd LS,120000,AncientDrgnwood x5; AncientDrgnmoss x3; YamaTsukaFillet x3; Thunderbug Jelly x10,120000,AncientDrgnwood x3; YamatsukamiFluid x2; Thunderbug Juice x15,,AncientSlayrDrgnwdLS,,,,,,,,,
5,blademaster_weapon,661,AncientSlayrDrgnwdLS,long-sword,10,vallode,10,,10,,Y,1104,4.8,230,0%,2,Paralysis 270,Paralysis 27,"9,4,11,7,6,3","9,4,11,7,6,4,4",AncientDragonwoodLS,,,145000,AncientDrgnmoss x3; YamatsukaFillet x3; Dragonwood+ x10; Commendation S x1,,,,,,,,,,,
5,blademaster_weapon,662,Daora's Tughril Beg,great-sword,10,vallode,10,,10,,Y,1296,4.8,270,0%,0,Ice 450,Ice 45,"16,3,2,9,7,3","16,3,2,9,7,6,2",Daora's Decimator,,,130000,Str Daora Wing x2; ThckDaoraDrgnScl x10; Hvy Daora Shell x3; BigEDragonJewel x1,,,,,,,,,,,
5,blademaster_weapon,663,Icesteel Blade,long-sword,8,vallode,8,,,,N,1008,4.8,210,0%,1,Ice 150,Ice 15,"16,3,2,9,5","16,3,2,9,6,3",Steel Ice Blade+,90000,Daora Sharp Claw x5; Daora Carapace x10; Daora Jewel x1; Commendation G x2,90000,Daora Sharp Claw x3; Daora Tail x3; Daora Jewel x1,,Daora's Raid,,,,,,,,,
5,blademaster_weapon,664,Daora's Raid,long-sword,10,vallode,10,,10,,Y,1296,4.8,270,0%,1,Ice 320,Ice 32,"16,3,2,9,7,3","16,3,2,9,7,6,2",Icesteel Blade,,,130000,Lthr Daora Tail x2; ThckDaoraDrgnScl x8; Hard Daora Horn x2; BigEDragonJewel x1,,,,,,,,,,,
5,blademaster_weapon,665,Epitaph Eternal,great-sword,9,vallode,9,,9,,Y,1152,4.8,240,-20%,0,Dragon 100,Dragon 10,"18,2,7,7,4,2","18,2,7,7,4,4,3",Epitaph Blade,,,100000,Purecrystal x8; ElderDragonBlood x10; Commendation G x1,,,,,,,,,,,
5,blademaster_weapon,666,Teostra del Sol,great-sword,10,vallode,10,,10,,Y,1248,4.8,260,0%,0,Fire 650,Fire 65,"5,3,9,14,6,3","5,3,9,14,6,5,3",King Teostra Blade,,,130000,HardTeostraHorn x3; HvyTeostraShell x5; BigEDragonJewel x1,,,,,,,,,,,
5,blademaster_weapon,667,"10,000 Gavas Great Fan",,9,daigo,,,9,,Y,,,,,,,,,,,,,,,,,,,,,,,,,dummy
5,blademaster_weapon,668,Tigrex Supreme Sword,great-sword,10,vallode,10,,10,,Y,1392,4.8,290,-30%,0,,,"18,2,7,7,4,4,3","18,2,7,7,4,4,3",Tigrex Great Sword,,,125000,Hvy Tigrex Fang x5; ThickTigrexScale x8; HvnlyTigrexScale x1,,,,,,,,,,,
5,blademaster_weapon,669,Hidden Blaze,great-sword,7,vallode,7,,7,,N,912,4.8,190,50%,1,,,"8,3,11,10,6,2","8,3,11,10,6,5,2",Tiger Agito,80000,NargaCuttingWing x7; Black Narga Pelt x10; Narga Brain Stem x1; Hrd Monster Bone x5,80000,NargaCuttingWing x5; Black Narga Pelt x5; Narga Scale+ x8,,Darkness Darkblade,,,,,,,,,
5,blademaster_weapon,670,Darkness Darkblade,great-sword,10,vallode,10,,9,,Y,1152,4.8,240,50%,2,,,"8,3,11,10,6,5,2","8,3,11,10,6,5,2",Hidden Blaze,120000,StrNargaCttngWng x7; ThickNargaScale x10; HvnlyNargaScale x1; Mellanje Ore x10,120000,StrNargaCttngWng x5; BlackNargaPelt+ x8; Narga Brain Stem x2; Eltalite Ore x10,,,,,,,,,,,
5,blademaster_weapon,671,Tigrex Great Katana,long-sword,10,vallode,10,,10,,Y,1392,4.8,290,-25%,0,,,"18,2,7,7,4,4,3","18,2,7,7,4,4,3",Tigrex Katana,,,125000,Hard Tigrex Claw x5; Hvy Tigrex Shell x6; HvnlyTigrexScale x1,,,,,,,,,,,
5,blademaster_weapon,672,Hidden Saber,long-sword,7,vallode,7,,,,N,912,4.8,190,50%,1,,,"8,3,11,10,6,2","8,3,11,10,6,5,2",Tigrex Tooth,80000,NargaCuttingWing x5; Black Narga Pelt x5; Narga Brain Stem x1; Carbalite Ore x5,80000,NargaCuttingWing x3; Black Narga Pelt x8; Narga Tail Spike x5,,Shadow of the Moon,,,,,,,,,
5,blademaster_weapon,673,Shadow of the Moon,long-sword,10,vallode,10,,10,,Y,1152,4.8,240,50%,2,,,"8,3,11,10,6,5,2","8,3,11,10,6,5,2",Hidden Saber,120000,StrNargaCttngWng x5; BlackNargaPelt+ x10; HvnlyNargaScale x1; Eltalite Ore x15,120000,StrNargaCttngWng x3; BlackNargaPelt+ x8; HvyNargaTailSpik x5; Narga Brain Stem x2,,,,,,,,,,,
5,blademaster_weapon,674,Akantor Broadsword,great-sword,8,vallode,8,,8,,N,1248,4.8,260,50%,0,,,"8,3,9","8,3,11,3",,100000,Akantor Shell x5; Akantor Tail x3; Akantor Claw x4; Firecell Stone x8,,,,Akantor Broadsword+,,,,,,,,,
5,blademaster_weapon,675,Akantor Broadsword+,great-sword,8,vallode,8,,10,,N,1248,4.8,260,50%,0,,,"8,3,9","8,3,11,3",,100000,Akantor Shell x5; Akantor Tail x3; Akantor Claw x4; Firecell Stone x8,,,,Akantor Broadsword+,,,,,,,,,
5,blademaster_weapon,676,Akantor Broadswrd S,long-sword,10,vallode,10,,10,,Y,1584,4.8,330,40%,0,,,"9,4,11,6","9,4,11,7,4",Akantor Katana,,,145000,Ukanlos Stone x1; Big Wyvern Stone x3; Akantor Spike x5; Akantor Shell x4,,,,,,,,,,,
5,blademaster_weapon,677,Ukanlos Destructor,great-sword,10,vallode,10,,10,,Y,1680,4.8,350,-30%,0,Ice 120,Ice 12,"18,2,7,7,1","18,2,7,7,4,2",,150000,UkanlosShovelJaw x1; UkanlosUnderscl x5; HvyUkanlosShell x3; Ukanlos Stone x1,,,,,,,,,,,,,
5,blademaster_weapon,678,Ukanlos Slicer,long-sword,10,vallode,10,,10,,Y,1680,4.8,350,-30%,1,Ice 120,Ice 12,"18,2,7,7,1","18,2,7,7,4,2",,150000,StrongUkanlosFin x4; Hvy Ukanlos Tail x3; UkanlosShovelJaw x2; Ukanlos Stone x1,,,,,,,,,,,,,
5,blademaster_weapon,679,Buster Blade G,great-sword,9,vallode,9,,,Y,Y,1344,4.8,280,0%,0,,,"9,4,11,7,6,3","9,4,11,7,6,4,4",,100000,Commendation G x1; Iron Ore x40; Dragonite Ore x20; Eltalite Ore x10,,,,,,,,,,,,,
5,blademaster_weapon,680,Ravager Blade G,great-sword,9,vallode,9,,,Y,Y,1344,4.8,280,0%,0,,,"9,4,11,7,6,3","9,4,11,7,6,4,4",,100000,Commendation G x1; Earth Crystal x40; Machalite Ore x30; Mellanje Ore x5,,,,,,,,,,,,,
5,blademaster_weapon,681,Chrome Razor G,great-sword,9,vallode,9,,9,Y,Y,1152,4.8,240,0%,0,Poison 500,Poison 50,"16,3,2,9,7,3","16,3,2,9,7,6,2",,100000,Commendation S x1; Rathian Plate x2; Rathalos Plate x2; HardTeostraHorn x1,,,,,,,,,,,,,
5,blademaster_weapon,682,Tactical Blade G,great-sword,9,vallode,9,,,Y,Y,1296,4.8,270,0%,2,,,"5,3,9,14,6,3","5,3,9,14,6,5,3",,100000,Commendation S x1; HvyRathalosShl x10; HrdFireWyvernClw x10; Sharp Claw x25,,,,,,,,,,,,,
5,blademaster_weapon,683,Cat's Soul G,great-sword,9,vallode,9,,,Y,Y,1104,4.8,230,0%,1,Paralysis 450,Paralysis 45,"8,3,11,8","8,3,11,10,3",,100,Commendation G x1; FlynMealPassPlus x10; Pawprint Stamp x10; Eltalite Ore x10,,,,,,,,,,,,,
5,blademaster_weapon,684,Sentinel G,great-sword,9,vallode,9,,,Y,Y,1296,4.8,270,0%,0,,,"3,7,18,4,4,4","3,7,18,4,4,4,5",,100000,Commendation G x1; Disk Stone x30; Carbalite Ore x10; Hvy Gaoren Spine x5,,,,,,,,,,,,,
5,blademaster_weapon,685,Barbaroi Blade G,great-sword,9,vallode,9,,9,Y,Y,1248,4.8,260,0%,1,Fire 500,Fire 50,"9,4,11,7,4","9,4,11,7,6,3",,2150,Commendation G x1; Master's Skull x5; Eltalite Ore x10; Blazing Fire Sac x5,,,,,,,,,,,,,
5,blademaster_weapon,686,Judgment G,great-sword,9,vallode,9,,,Y,Y,1440,4.8,300,0%,0,,,"12,11,5,4,3","12,11,5,4,8",,100000,Commendation G x1; BigEDragonBone x5; King Scarab x10; Dragonite Ore x20,,,,,,,,,,,,,
5,blademaster_weapon,687,GoldnSerpentblade G,great-sword,9,vallode,9,,,Y,Y,1152,4.8,240,0%,2,Ice 400,Ice 40,"5,3,9,14,6,3","5,3,9,14,6,5,3",,100000,Commendation G x1; Giadrome Claw+ x8; Giaprey Hide+ x10; RobustWyvernBone x10,,,,,,,,,,,,,
5,blademaster_weapon,688,Great Serpentblade G,great-sword,9,vallode,9,,9,Y,Y,1248,4.8,260,0%,3,,,"5,3,9,14,6,3","5,3,9,14,6,5,3",,100000,Commendation G x1; Velocidrome Clw+ x8; Velocidrome Claw x12; RobustWyvernBone x10,,,,,,,,,,,,,
5,blademaster_weapon,689,PoisnSerpentblade G,great-sword,9,vallode,9,,,Y,Y,1248,4.8,260,0%,2,Poison 380,Poison 38,"13,1,6,13,4,3","13,1,6,13,4,6,2",,100000,Commendation G x1; Remobra Skin+ x10; SpecRemobraSkin+ x5; Remobra Skull x5,,,,,,,,,,,,,
5,blademaster_weapon,690,Carbalite Sword G,great-sword,9,vallode,9,,,Y,Y,1344,4.8,280,0%,0,,,"8,3,11,10,6,2","8,3,11,10,6,5,2",,100000,Commendation G x1; Carbalite Ore x30; Mellanje Ore x10; Iron Ore x50,,,,,,,,,,,,,
5,blademaster_weapon,691,Iron Katana G,long-sword,9,vallode,9,,,Y,Y,1344,4.8,280,0%,0,,,"13,1,6,13,4,3","13,1,6,13,4,6,2",,100000,Commendation G x1; Iron Ore x30; Whetstone x20; Eltalite Ore x10,,,,,,,,,,,,,
5,blademaster_weapon,692,Eager Cleaver G,long-sword,9,vallode,9,,,Y,Y,1104,4.8,230,0%,0,Thunder 520,Thunder 52,"16,3,2,9,7,3","16,3,2,9,7,6,2",,10000,Commendation G x1; Dragonite Ore x20; Electro Sac x20; Lightning Sac x8,,,,,,,,,,,,,
5,blademaster_weapon,693,Saber G,long-sword,10,vallode,10,,,Y,Y,1152,4.8,240,0%,0,Fire 480,Fire 48,"9,4,11,7,6,3","9,4,11,7,6,4,4",,100000,Commendation S x1; LunastraCarapace x12; Lunastra Spike x2; BigEDragonJewel x1,,,,,,,,,,,,,
5,blademaster_weapon,694,Tormentor G,long-sword,9,vallode,9,,,Y,Y,1488,4.8,310,-10%,0,,,"18,2,7,7,1","18,2,7,7,4,2",,100000,Commendation G x1; Unknown Skull x10; HvyPiscineFang x8; LthrBlkBlosTail x2,,,,,,,,,,,,,
5,blademaster_weapon,695,Crimson Scythe G,long-sword,9,vallode,9,,,Y,Y,1200,4.8,250,0%,2,Fire 240,Fire 24,"8,3,11,10,6,2","8,3,11,10,6,5,2",,100000,Commendation G x1; Top-GrdRedHorn x3; MonoblosCarapace x8; Blazing Fire Sac x7,,,,,,,,,,,,,
5,blademaster_weapon,696,Frost Ripper G,long-sword,9,vallode,9,,,Y,Y,1248,4.8,260,0%,0,Water 260,Water 26,"18,2,7,7,4,2","18,2,7,7,4,4,3",,100000,Commendation S x1; Top-GrdPlatHorn x3; Wht Monoblos Cpc x8; Gt Lobstershell x2,,,,,,,,,,,,,
5,blademaster_weapon,697,Blango Destroyer G,long-sword,9,vallode,9,,,Y,Y,1248,4.8,260,15%,0,Ice 200,Ice 20,"18,2,7,7,4,2","18,2,7,7,4,4,3",,100000,Commendation G x1; Blango Pelt+ x10; Sharp Claw x20; Piercing Claw x8,,,,,,,,,,,,,
5,blademaster_weapon,698,Blango Destructor G,long-sword,9,vallode,9,,,Y,Y,1200,4.8,250,20%,0,Ice 350,Ice 35,"8,3,11,10,6,2","8,3,11,10,6,5,2",,100000,Commendation S x1; HrdBlangongaPlt+ x5; LeathrBlangoTail x3; Ice Crystal x20,,,,,,,,,,,,,
5,blademaster_weapon,699,Imperial Sword G,long-sword,9,vallode,9,,,Y,Y,1248,4.8,260,20%,3,,,"5,3,9,14,6,3","5,3,9,14,6,5,3",,100000,Commendation G x1; Purecrystal x3; Union Ore x15; StrBasariosWing x3,,,,,,,,,,,,,
5,blademaster_weapon,700,Bone Blade G,great-sword,9,vallode,9,,,Y,Y,1344,4.8,280,0%,0,,,"9,4,11,7,6,3","9,4,11,7,6,4,4",,100000,Commendation G x1; Sm Monster Bone x30; Hvy Monster Bone x10; Carpenterbug x30,,,,,,,,,,,,,
5,blademaster_weapon,701,Golem Blade G,great-sword,9,vallode,9,,9,Y,Y,1296,4.8,270,0%,2,,,"5,3,9,14,6,3","5,3,9,14,6,5,3",,100000,Commendation G x1; Piscine Fang x15; Piercing Claw x5; Monster Essence x10,,,,,,,,,,,,,
5,blademaster_weapon,702,Siegmund G,great-sword,10,vallode,10,,,Y,Y,1296,4.8,270,20%,1,,,"13,1,6,13,4,3","13,1,6,13,4,6,2",,100000,Commendation S x1; Hrd Rathalos Scl x5; HvnlyRathalosScl x1; Top-GrdRedHorn x1,,,,,,,,,,,,,
5,blademaster_weapon,703,Sieglinde G,great-sword,10,vallode,10,,,Y,Y,1296,4.8,270,0%,2,,,"16,3,2,9,7,3","16,3,2,9,7,6,2",,100000,Commendation S x1; ThckRathianScl x5; HvnlyRathianScl x1; Top-GrdPlatHorn x1,,,,,,,,,,,,,
5,blademaster_weapon,704,Pael Keizah G,great-sword,10,vallode,10,,,Y,Y,1248,4.8,260,0%,1,Dragon 230,Dragon 23,"13,1,6,13,4,3","13,1,6,13,4,6,2",,100000,Commendation S x1; ThckAzurRthlsScl x3; Azur Rthlos Tail x12; Rathalos Ruby x3,,,,,,,,,,,,,
5,blademaster_weapon,705,Blushing Dame G,great-sword,10,vallode,10,,,Y,Y,1200,4.8,250,0%,2,Dragon 220,Dragon 22,"9,4,11,7,6,3","9,4,11,7,6,4,4",,100000,Commendation S x1; ThckPnkRathnScl x3; Rathian Spike x8; Rathian Ruby x3,,,,,,,,,,,,,
5,blademaster_weapon,706,Executioner G,great-sword,9,vallode,9,,,Y,Y,1392,4.8,290,0%,1,,,"18,2,7,7,1","18,2,7,7,4,2",,100000,Commendation G x1; Lg Monster Bone x15; HvyDiablosSpine x5; Hercudrome x20,,,,,,,,,,,,,
5,blademaster_weapon,707,Enforcer's Axe G,great-sword,10,vallode,10,,,Y,Y,1440,4.8,300,-5%,1,,,"8,3,11,10,3","8,3,11,10,6,2",,100000,Commendation G x1; HvyRathianShell x5; HvyDiablosShell x3; WhtMonoblosThora x5,,,,,,,,,,,,,
5,blademaster_weapon,708,Plesioth Waterswd G,great-sword,9,vallode,9,,,Y,Y,1200,4.8,250,0%,0,Water 390,Water 39,"13,1,6,13,4,3","13,1,6,13,4,6,2",,100000,Commendation S x1; SpecPlesiothFin+ x5; ThckPlesiothScl x7; Mega Demondrug x5,,,,,,,,,,,,,
5,blademaster_weapon,709,Plesioth Crystaswd G,great-sword,9,vallode,9,,,Y,Y,1104,4.8,230,0%,0,Water 620,Water 62,"13,1,6,13,4,3","13,1,6,13,4,6,2",,100000,Commendation S x1; SpecGrnPlesioFn+ x5; ThckGrnPlesioScl x7; Mega Demondrug x5,,,,,,,,,,,,,
5,blademaster_weapon,710,Red Stripe G,great-sword,9,vallode,9,,,Y,Y,1392,4.8,290,0%,0,,,"3,7,18,4,3","3,7,18,4,4,4",,100000,Commendation G x1; Sm Hermitaur Shl x20; Piercing Claw x8; Giant Blk Pearl x2,,,,,,,,,,,,,
5,blademaster_weapon,711,Great Pincer G,great-sword,9,vallode,9,,,Y,Y,1248,4.8,260,0%,2,,,"3,7,18,4,4,4","3,7,18,4,4,4,5",,100000,Commendation G x1; HrdHermitaurClaw x2; HvyHermitaurShl x3; Black Pearl x10,,,,,,,,,,,,,
5,blademaster_weapon,712,Daimyo Cutter G,long-sword,9,vallode,9,,,Y,Y,1296,4.8,270,0%,2,,,"9,4,11,7,6,3","9,4,11,7,6,4,4",,100000,Commendation G x1; Hermitaur Claw x15; Hermitaur Claw+ x6; HrdHermitaurClaw x2,,,,,,,,,,,,,
5,blademaster_weapon,713,Killer's Scythe G,great-sword,9,vallode,9,,,Y,Y,1200,4.8,250,0%,1,,,"5,3,9,14,6,5,3","5,3,9,14,6,5,3",,100000,Commendation G x1; HrdCeanataurClaw x2; HvyCeanataurShl x6; Sm Ceanataur Shl x20,,,,,,,,,,,,,
5,blademaster_weapon,714,Decapitator G,great-sword,9,vallode,9,,,Y,Y,1248,4.8,260,30%,0,,,"5,3,9,14,6,3","5,3,9,14,6,5,3",,100000,Commendation G x1; Str Kut-Ku Wing x5; Kut-Ku Carapace x8; Thick Kut-Ku Scl x8,,,,,,,,,,,,,
5,blademaster_weapon,715,Rathalos Firesword G,great-sword,10,vallode,10,,9,Y,Y,1200,4.8,250,0%,1,Fire 420,Fire 42,"8,3,11,10,6,2","8,3,11,10,6,5,2",,100000,Commendation S x1; StrRathalosWing x2; HrdFireWyvernClw x5; FireWyvrn BrnStm x3,,,,,,,,,,,,,
5,blademaster_weapon,716,ShinyRathalosSwd G,great-sword,10,vallode,10,,,Y,Y,1152,4.8,240,0%,2,Fire 520,Fire 52,"9,4,11,7,6,3","9,4,11,7,6,4,4",,100000,Commendation S x1; HvyAzurRthlsShl x3; Azur Rthlos Wing x8; Rathalos Ruby x3,,,,,,,,,,,,,
5,blademaster_weapon,717,Wyvern Agito G,great-sword,9,vallode,9,,,Y,Y,1344,4.8,280,0%,0,,,"9,4,11,7,6,3","9,4,11,7,6,4,4",,100000,Commendation G x1; HvyPiscineFang x8; Cephalos Scale+ x10; Hvy Monster Bone x8,,,,,,,,,,,,,
5,blademaster_weapon,718,True Dragon's Jaw G,great-sword,9,vallode,9,,,Y,Y,1296,4.8,270,0%,2,,,"9,4,11,7,6,3","9,4,11,7,6,4,4",,100000,Commendation S x1; HvyPnkRathianShl x5; HrdCongalalaClw+ x5; Coral Cphlos Fin x5,,,,,,,,,,,,,
5,blademaster_weapon,719,Bone G,long-sword,9,vallode,9,,,Y,Y,1392,4.8,290,0%,0,,,"3,7,18,4,3","3,7,18,4,4,4",,100000,Commendation G x1; Mystery Bone x20; Brute Bone x40; Massive Bone x5,,,,,,,,,,,,,
5,blademaster_weapon,720,"BoneKatan""Dragon"" G",long-sword,9,vallode,9,,,Y,Y,1344,4.8,280,0%,0,,,"8,3,11,10,6,2","8,3,11,10,6,5,2",,100000,Commendation G x1; Eltalite Ore x10; Wyvern Fang x20; Velociprey Hide+ x20,,,,,,,,,,,,,
5,blademaster_weapon,721,Red Dragonsword G,long-sword,10,vallode,10,,,Y,Y,1152,4.8,240,0%,1,Dragon 450,Dragon 45,"16,3,2,9,7,3","16,3,2,9,7,6,2",,100000,Commedation S x1; Lao-Shan's Horn x3; Lao-Shan'sThkScl x5; Lao-Shan's Ruby x3,,,,,,,,,,,,,
5,blademaster_weapon,722,"WyvernBlade""Maple""G",long-sword,10,vallode,10,,,,Y,1200,4.8,250,0%,0,Fire 340,Fire 34,"5,3,9,14,6,3","5,3,9,14,6,5,3",,100000,Commendation S x1; HvyRathalosShl x3; Blazing Fire Sac x3; HvnlyRathalosScl x1,,,,,,,,,,,,,
5,blademaster_weapon,723,"WyvernBlade""Holly""G",long-sword,10,vallode,10,,10,,Y,1200,4.8,250,0%,1,Poison 400,Poison 40,"13,1,6,13,4,3","13,1,6,13,4,6,2",,100000,Commendation S x1; HvyRathianShell x3; DeadlyPoisonSac x3; HvnlyRathianScl x1,,,,,,,,,,,,,
5,blademaster_weapon,724,Black Katana G,long-sword,9,vallode,9,,,Y,Y,1200,4.8,250,15%,2,,,"5,3,9,14,6,5,3","5,3,9,14,6,5,3",,100000,Commendation G x1; Hornetaur Wing x30; HornetaurInnrWng x20; Hornet Razorwing x10,,,,,,,,,,,,,
5,blademaster_weapon,725,Susano Blade G,long-sword,10,vallode,10,,,Y,Y,1248,4.8,260,20%,1,Fire 170,Fire 17,"9,4,11,7,6,3","9,4,11,7,6,4,4",,100000,Commendation S x1; Hard Gaoren Claw x3; Azure LaoS Claw x3; HrdFireDrgnClaw x3,,,,,,,,,,,,,
5,blademaster_weapon,726,FanaticDragonwdLS G,long-sword,10,vallode,10,,,Y,Y,1104,4.8,230,0%,2,Paralysis 240,Paralysis 24,"3,7,18,4,4,4","3,7,18,4,4,4,5",,100000,Commendation G x1; Dragonmoss+ x10; Thunderbug Jelly x15; Chaos Mushroom x10,,,,,,,,,,,,,
5,blademaster_weapon,727,EternlAnnihilator G,great-sword,10,vallode,10,,9,Y,Y,1104,4.8,230,0%,1,Dragon 520,Dragon 52,"13,1,6,13,4,3","13,1,6,13,4,6,2",,100000,Commendation S x1; Lao-Shan's Ruby x1; Rathalos Ruby x3; Rathian Ruby x3,,,,,,,,,,,,,
5,blademaster_weapon,728,Crystallized Tuna G,great-sword,9,vallode,9,,,Y,Y,816,4.8,170,0%,0,Ice 700,Ice 70,"18,2,7,7,4,4,3","18,2,7,7,4,4,3",,100000,Commendation G x1; Speartuna x10; Ancient Fish x10; FlynMealPassPlus x20,,,,,,,,,,,,,
5,blademaster_weapon,729,Black Belt Blade G,great-sword,9,vallode,9,,,Y,Y,1296,4.8,270,0%,2,,,"5,3,9,14,6,3","5,3,9,14,6,5,3",,100000,Commendation G x1; Blackbelt Ticket x10; Rajang Coin x5; Legend Coin G x1,,,,,,,,,,,,,
5,blademaster_weapon,730,Warrior's Blade,great-sword,10,vallode,10,,9,,Y,1344,4.8,280,0%,3,,,"8,3,11,10,6,2","8,3,11,10,6,5,2",Expert Blade,,,75000,ThckGldRathnScl x3; Expert Coin G x6; BlackBeltCoinG x8; Commendation G x1,,,,,,,,,,,
5,blademaster_weapon,731,TarnishdGreatSwd G,great-sword,9,vallode,9,,,Y,Y,1536,4.8,320,0%,0,,,"18,2,5","18,2,7,3",,100000,Commendation G x1; Flat Ruststone x5,,,,,,,,,,,,,
5,blademaster_weapon,732,Ancient P G,great-sword,9,vallode,9,,,Y,Y,1344,4.8,280,-20%,0,Dragon 100,Dragon 10,"16,3,2,9,7,3","16,3,2,9,7,6,2",,100000,Commendation S x1; AncientFlatstone x3; ElderDragonBlood x10; Big Wyvern Stone x1,,,,,,,,,,,,,
5,blademaster_weapon,733,Red Lobster Blade,,9,daigo,,,9,,Y,,,,,,,,,,,,,,,,,,,,,,,,,dummy
5,blademaster_weapon,734,Jolly Roger Saber,,9,daigo,,,9,,Y,,,,,,,,,,,,,,,,,,,,,,,,,dummy
5,blademaster_weapon,735,Tigrex Slasher,,9,daigo,,,9,,Y,,,,,,,,,,,,,,,,,,,,,,,,,dummy
5,blademaster_weapon,736,G Blade,great-sword,9,vallode,9,,9,,Y,1344,4.8,280,0%,0,,,"9,4,11,7,4","9,4,11,7,6,3",,100000,Great Stone x5; Machalite Ore x35; Hvy Monster Bone x5; Big Wyvern Stone x1,,,,,,,,,,,,,
5,blademaster_weapon,737,SanctionedDrillLance,lance,9,vallode,9,,,,Y,529,2.3,230,0%,0,,,"3,7,4,16,5","3,7,4,16,7,3",Roaring Wyvern,80000,Eltalite Ore x10; Union Ore x10; Thunder Sac x8; Monster Essence x5,80000,Eltalite Ore x5; Carbalite Ore x15; DaoraDragonScal+ x5; Piercing Claw x6,,Gravedigger,,,,,,,,,
5,blademaster_weapon,738,Gravedigger,lance,9,vallode,9,,9,,Y,644,2.3,280,0%,1,,,"5,5,9,13,5,3","5,5,9,13,5,5,3",SanctionedDrillLance,,,105000,Mellanje Ore x10; Eltalite Ore x20; Lightning Sac x5; StrBasariosWing x2,,,,,,,,,,,
5,blademaster_weapon,739,OuroborosSerpntblade,lance,9,vallode,9,,,,Y,506,2.3,220,20%,2,Poison 470,Poison 47,"16,5,4,9,4,2","16,5,4,9,4,5,2",Devta Serpentblade,,,90000,SpecRemobraSkin+ x3; DeadlyPoisonSac x5; Eltalite Ore x10; Novacrystal x5,,,,,,,,,,,
5,blademaster_weapon,740,Gravios Lance,lance,9,vallode,9,,,,Y,552,2.3,240,0%,2,Fire 380,Fire 38,"9,5,9,10,5,2","9,5,9,10,5,5,2",Gravios Venom Spear; Void Gravios Spear,,,95000,HvyGraviosShell x3; HvyBlkGraviosShl x6; Gravios Skl Shl x5; Tigrex Scale+ x3,,Gravios Fire Lance,,,,,,,,,
5,blademaster_weapon,741,Gravios Fire Lance,lance,10,vallode,10,,10,,Y,598,2.3,260,0%,2,Fire 400,Fire 40,"5,5,9,13,5,3","5,5,9,13,5,5,3",Gravios Lance,,,110000,HvnlyGraviosShl x1; HvnlyBlkGraviShl x1; Blazing Fire Sac x5,,,,,,,,,,,
5,blademaster_weapon,742,Naar Thunderlance,lance,10,vallode,10,,10,,Y,575,2.3,250,0%,0,Thunder 520,Thunder 52,"3,7,4,16,7,3","3,7,4,16,7,5,3",Thunderlance,,,100000,Platinum Mane x3; SpecialKirinHide x5; Thunderbug Jelly x8,,,,,,,,,,,
5,blademaster_weapon,743,Gun Chariot+,gunlance,8,vallode,8,,,,N,437,2.3,190,0%,2,Dragon 320,Dragon 32,"5,7,5,16,2","5,7,5,16,5,2",Silver Rook,,,75000,Slvr Rthlos Tail x3; Slvr Rthlos Wing x1; Rathalos Ruby x1; FireWyvrn Marrow x10,,Gun Chariot+,,,,,,,,,
5,blademaster_weapon,744,World's End,gunlance,10,vallode,10,,10,,Y,575,2.3,250,0%,2,Dragon 370,Dragon 37,"5,7,5,16,5,2","5,7,5,16,5,5,2",Gun Chariot+,,,125000,HvySlvrRthlsShl x5; LthrSlvrRthlsTal x3; HvnlyRathalosScl x1; HvnlyGraviosShl x2,,,,,,,,,,,
5,blademaster_weapon,745,Luna's Sun,gunlance,10,vallode,10,,,,Y,575,2.3,250,0%,0,Fire 500,Fire 50,"2,4,16,7,5,4","2,4,16,7,5,6,5",Luna's Flare,,,130000,LunastraCarapace x5; LthrTeostraTail x2; ThckFireDrgnScl x8; BigEDragonJewel x1,,,,,,,,,,,
5,blademaster_weapon,746,Black Gore Buster,gunlance,10,vallode,10,,,,Y,690,2.3,300,0%,1,,,"9,5,9,10,4,2","9,5,9,10,4,6,2",Black Gore Cannon,,,115000,HvyBlkGraviosShl x5; HvnlyBlkGraviShl x1; Big Wyvern Stone x3,,,,,,,,,,,
5,blademaster_weapon,747,Sea God Leviathan,gunlance,9,vallode,9,,,,Y,506,2.3,220,0%,0,Water 370,Water 37,"9,5,9,10,4,2","9,5,9,10,4,6,2",Sea King Gunlance,,,90000,SpecGrnPlesioFn+ x3; ThckGrnPlesioScl x4; HvyPiscineFang x5,,Sea Abyss,,,,,,,,,
5,blademaster_weapon,748,Sea Abyss,gunlance,10,vallode,10,,,,Y,575,2.3,250,0%,1,Water 400,Water 40,"5,5,9,13,5,3","5,5,9,13,5,5,3",Sea God Leviathan,,,110000,ThckGrnPlesioScl x5; ThckPlesiothScl x5; LeatherNargaTail x2; Big Wyvern Stone x3,,,,,,,,,,,
5,blademaster_weapon,749,Volcano Gunlance,gunlance,9,vallode,9,,,,Y,598,2.3,260,0%,2,Fire 200,Fire 20,"5,5,9,13,3","5,5,9,13,5,3",Sea King Gunlance,100000,ThckLavasiothScl x8; HvyLavasiothShl x6; HvyLavasiothFang x3; Wyvern Stone x2,100000,ThckLavasiothScl x3; HvyLavasiothShl x4; Firecell Stone x3,,Lavasioth Gunlance,,,,,,,,,
5,blademaster_weapon,750,Lavasioth Gunlance,gunlance,10,vallode,10,,,,Y,644,2.3,280,0%,2,Fire 240,Fire 24,"5,5,9,13,5,3","5,5,9,13,5,5,3",Volcano Gunlance,,,120000,HvyLavasiothFang x5; SpecLavasioFin+ x3; Firecell Stone x10; HvnlyBlkGraviShl x1,,,,,,,,,,,
5,blademaster_weapon,751,Lost Babel,lance,10,vallode,10,,10,,Y,667,2.3,290,0%,2,,,"9,5,9,10,5,2","9,5,9,10,5,5,2",Babel Spear,,,110000,ThckGldRathnScl x5; Eltalite Ore x10; GoldRajangPelt+ x1,,,,,,,,,,,
5,blademaster_weapon,752,Sadalsuud,lance,9,vallode,9,,,,Y,506,2.3,220,0%,0,Water 220,Water 22,"9,5,9,10,2","9,5,9,10,5,2",Babel Spear,75000,Eltalite Ore x15; Purecrystal x3; Rathian Scale+ x15; Earth Crystal x40,75000,Eltalite Ore x10; Purecrystal x1; HvyHermitaurShl x3,,Sadalmelek,,,,,,,,,
5,blademaster_weapon,753,Sadalmelek,lance,9,vallode,9,,,,Y,575,2.3,250,0%,0,Water 250,Water 25,"9,5,9,10,5,2","9,5,9,10,5,5,2",Sadalsuud,,,95000,HvyBasariosShell x3; HvyCeanataurShl x3; Mellanje Ore x5,,Aquarius,,,,,,,,,
5,blademaster_weapon,754,Aquarius,lance,10,vallode,10,,10,,Y,621,2.3,270,0%,1,Water 270,Water 27,"5,5,9,13,5,3","5,5,9,13,5,5,3",Sadalmelek,,,115000,Purecrystal x3; HvygaorenShell x3; HvyBlkGraviosShl x3,,,,,,,,,,,
5,blademaster_weapon,755,Ancient Destroyer,gunlance,9,vallode,9,,,,Y,552,2.3,240,0%,1,,,"7,4,7,9,2","7,4,7,9,4,2",Babel Spear,80000,Eltalite Ore x10; Iron Ore x80; Blazing Fire Sac x5; Lightning Sac x5,80000,Eltalite Ore x8; Blazing Fire Sac x3; Lightning Sac x3,,Genesis,,,,,,,,,
5,blademaster_weapon,756,Genesis,gunlance,10,vallode,10,,,,Y,621,2.3,270,0%,3,,,"18,4,3,10,3,2","18,4,3,10,3,5,2",Ancient Destroyer,,,115000,Mellanje Ore x10; Iron Ore x30; LthrRathalosTail x5; Thunderbug Jelly x10,,,,,,,,,,,
5,blademaster_weapon,757,Spark Plug,lance,9,vallode,9,,,,Y,506,2.3,220,0%,2,Thunder 250,Thunder 25,"11,8,5,8,3","11,8,5,8,5,3",Babel Spear,90000,Eltalite Ore x15; HrdPuGypcerosWng x8; Thunderbug Juice x10; Thunderbug x20,90000,Thunderbug Jelly x5; Eltalite Ore x10; HrdPuGypcerosWng x5,,ThunderbugShockLance,,,,,,,,,
5,blademaster_weapon,758,ThunderbugShockLance,lance,9,vallode,9,,,,Y,598,2.3,260,0%,3,Thunder 270,Thunder 27,"16,5,4,9,4,2","16,5,4,9,4,5,2",Spark Plug,,,110000,Eltalite Ore x10; LthrKirinThndrTl x2; Hard Rajang Horn x1; Thunderbug Jelly x10,,,,,,,,,,,
5,blademaster_weapon,759,Cold Icicle,lance,6,vallode,6,,,,N,414,2.3,180,0%,2,Ice 120,Ice 12,"3,7,4,11","3,7,4,16",Knight Lance,40000,Blangonga Fang+ x3; Carbalite Ore x10; Ice Crystal x15; Rubbery Hide+ x5,40000,Carbalite Ore x5; Ice Crystal x10; Rubbery Hide x8; Blangonga Pelt+ x10,,Frost Icicle,,,,,,,,,
5,blademaster_weapon,760,Frost Icicle,lance,6,vallode,6,,,,N,483,2.3,210,0%,2,Ice 150,Ice 15,"5,7,5,16,2","5,7,5,16,5,2",Cold Icicle,,,65000,Ice Crystal x20; Machalite Ore x20; Daora Sharp Claw x5; Blangonga Fang+ x5,,Icicle Blizzard,,,,,,,,,
5,blademaster_weapon,761,Icicle Blizzard,lance,9,vallode,9,,,,Y,575,2.3,250,0%,2,Ice 180,Ice 18,"5,7,5,16,5,2","5,7,5,16,5,5,2",Frost Icicle,,,100000,Ice Crystal x20; Eltalite Ore x10; HvyBlangongaFang x5,,,,,,,,,,,
5,blademaster_weapon,762,Feather Gunlance,gunlance,6,vallode,6,,,,N,368,2.3,160,0%,0,Sleep 100,Sleep 10,"7,4,8,6","7,4,8,9,2",Knight Lance,50000,Top-GrdHypnoClaw x5; OrangeHypnoPelt x6; Killer Beetle x20; Sleep Sac x3,50000,Hypno Beak x1; OrangeHypnoPelt x4; Sleep Sac x2,,Feather Gunlance+,,,,,,,,,
5,blademaster_weapon,763,Feather Gunlance+,gunlance,6,vallode,6,,,,N,368,2.3,160,0%,0,Sleep 100,Sleep 10,"7,4,8,6","7,4,8,9,2",Knight Lance,50000,Top-GrdHypnoClaw x5; OrangeHypnoPelt x6; Killer Beetle x20; Sleep Sac x3,50000,Hypno Beak x1; OrangeHypnoPelt x4; Sleep Sac x2,,Feather Gunlance+,,,,,,,,,
5,blademaster_weapon,764,Hypno Cannon,gunlance,9,vallode,9,,,,Y,506,2.3,220,0%,2,Sleep 140,Sleep 14,"9,5,9,10,5,2","9,5,9,10,5,5,2",Feather Gunlance+,,,105000,Hypno Claw+ x5; Hypno Bezoar+ x1; Coma Sac x3,,,,,,,,,,,
5,blademaster_weapon,765,Dragoon's Gáe Bulg,lance,10,vallode,10,,,,Y,690,2.3,300,0%,0,,,"5,7,5,16,5,2","5,7,5,16,5,5,2",Dragon Rider Spear,,,115000,Mellanje Ore x10; Daora Sharp Claw x5; Hvy Daora Shell x5; PhantomButterfly x5,,,,,,,,,,,
5,blademaster_weapon,766,Incessant Crow,lance,9,vallode,9,,9,,Y,621,2.3,270,0%,1,Poison 160,Poison 16,"3,4,17,7,5,4","3,4,17,7,5,5,4",Incessant Wolf,,,105000,LethrGarugaTail x2; Str Garuga Wing x2; ThickGarugaScale x5; DeadlyPoisonSac x2,,,,,,,,,,,
5,blademaster_weapon,767,Crimson War Pike+,lance,4,vallode,4,,,,N,368,2.3,160,0%,0,Fire 280,Fire 28,"11,8,5,6","11,8,5,8,3",Crimson Lance,,,6350,Monoblos Heart x1; Blood Red Horn x2; Monoblos Shell x6,,Crimson War Pike+,,,,,,,,,
5,blademaster_weapon,768,White Catastrophe,lance,7,vallode,7,,,,N,460,2.3,200,15%,2,Water 240,Water 24,"3,7,4,16,5","3,7,4,16,7,3",White Disaster,,,85000,Top-GrdPlatHorn x2; Wht Monoblos Cpc x5; Monoblos Heart x1,,,,,,,,,,,
5,blademaster_weapon,769,Rising Tempest,lance,10,vallode,10,,10,,Y,736,2.3,320,-20%,1,,,"11,8,5,8,5,3","11,8,5,8,5,4,4",Black Tempest,,,115000,StoutBlkTwstdHrn x2; HvyBlkBlosSpine x4; HvyBlkBlosShell x8; Big Wyvern Stone x1,,,,,,,,,,,
5,blademaster_weapon,770,Violet Cannon,gunlance,9,vallode,9,,9,,Y,529,2.3,230,0%,2,,,"3,7,4,16,5","3,7,4,15,7,3",Scissor Cannon,85000,PlumD.HermitrClw x4; PlumD.HermitrShl x8; Giant Blk Pearl x3; Fire Wyvern BrnStm x2,85000,PlumD.HermitrClw x2; PlumD.HermitrShl x5; Blazing Fire Sac x2,,Violet Buster,,,,,,,,,
5,blademaster_weapon,771,Violet Buster,gunlance,9,vallode,9,,,,Y,621,2.3,270,0%,2,,,"5,7,5,16,5,2","5,7,5,16,5,5,2",Violet Cannon,,,115000,PlumD.HermitrClw x5; PlumD.HermitrShl x10; HvyLavasiothFang x4,,,,,,,,,,,
5,blademaster_weapon,772,Shell Claw Lance,lance,9,vallode,9,,,,Y,529,2.3,230,0%,2,,,"9,5,9,10,2","9,5,9,10,5,2",Ceanataur Piercer; Scissor Cannon,85000,PlumD.HermitrShl x8; PlumD.HermitrClaw x2; Giant Blk Pearl x3; Monster Broth x10,85000,PlumD.HermitrShl x5; PlumD.HermitrClw x1; Piercing Claw x5,,GiantHermitaurLance,,,,,,,,,
5,blademaster_weapon,773,GiantHermitaurLance,lance,9,vallode,9,,,,Y,621,2.3,270,0%,2,,,"9,5,9,10,5,2","9,5,9,10,5,5,2",Shell Claw Lance,,,115000,PlumD.HermitrClw x2; PlumD.HermitrShl x8; HvyCeanataurLeg x3; Giant Blk Pearl x2,,,,,,,,,,,
5,blademaster_weapon,774,Carmine Stinger,lance,9,vallode,9,,9,,Y,575,2.3,250,0%,1,,,"16,5,4,9,4,5,2","16,5,4,9,4,5,2",Ceanataur Piercer,85000,TerraCeanatrClaw x4; TerraCeanatrShl x8; Ceanataur Leg x15; Emperor Cricket x5,85000,TerraCeanatrClaw x2; TerraCeanatrShl x5; HrdHermitaurClaw x5,,Shish Kabob Stick,,,,,,,,,
5,blademaster_weapon,775,Shish Kabob Stick,lance,10,vallode,10,,10,,Y,598,2.3,260,0%,1,,,"5,5,9,13,5,5,3","5,5,9,13,5,5,3",Carmine Stinger,,,115000,TerraCeanatrClaw x3; HvyCeanataurLeg x5; Giant Blk Pearl x2; HvyGaorenShell x3,,,,,,,,,,,
5,blademaster_weapon,776,Darkness,lance,9,vallode,9,,9,,Y,506,2.3,220,0%,2,Paralysis 250,Paralysis 25,"3,4,17,7,5,5,4","3,4,17,7,5,5,4",Dark,,,100000,Hornet RazorWing x5; Vespoid RazorWing x5; Hornetaur Crapce x10; Monster Essence x3,,,,,,,,,,,
5,blademaster_weapon,777,Prominence Soul,lance,10,vallode,10,,,,Y,575,2.3,250,0%,1,Fire 480,Fire 48,"9,5,9,10,5,2","9,5,9,10,5,5,2",Blue Prominence,,,120000,LthrAzrRthlsTail x2; HvyAzurRthlsShl x5; HvnlyRathalosScl x1,,,,,,,,,,,
5,blademaster_weapon,778,Demonic Blizzard,gunlance,10,vallode,10,,,,Y,575,2.3,250,25%,2,Ice 340,Ice 34,"2,4,16,7,5,5","2,4,16,7,5,6,5",Hellstinger,,,90000,HvyBlangongaFang x4; Lthr Pelagus Plt x2; HrdBlangongaPlt+ x8,,,,,,,,,,,
5,blademaster_weapon,779,Desert Slingshot,gunlance,9,vallode,9,,,,Y,644,2.3,280,-20%,0,,,"16,5,4,9,4,2","16,5,4,9,4,5,2",Hellstinger,,,95000,HvyC.BlangoFang x2; Blangonga Pelt+ x4; HvyNargacugaFang x4,,Desert Slingshoter,,,,,,,,,
5,blademaster_weapon,780,Desert Slinger,,10,daigo,,,10,,Y,,,,,,,,,,,,,,,,,,,,,,,,,
5,blademaster_weapon,781,Triple Crown,gunlance,9,vallode,9,,,,Y,506,2.3,220,0%,3,Poison 400,Poison 40,"4,4,9,12,3","4,4,9,12,4,2",Big Slugger,,,105000,SpecRubberyHide+ x5; HrdGypcerosHead x1; DeadlyPoisonSac x5; Purecrystal x1,,,,,,,,,,,
5,blademaster_weapon,782,Venomous Cologne,gunlance,8,vallode,8,,,,N,483,2.3,210,0%,1,Poison 160,Poison 16,"8,4,7,10,2","8,4,7,10,3,2",Big Slugger,90000,Chameleos Hide+ x5; Novacrystal x5; Chameleos Spike x2; Firecell Stone x5,90000,Chameleos Hide+ x3; Novacrystal x3; Inferno Sac x5,,Venomous Attar,,,,,,,,,
5,blademaster_weapon,783,Venomous Attar,gunlance,9,vallode,9,,,,Y,575,2.3,250,0%,1,Poison 200,Poison 20,"18,5,3,9,3,2","18,5,3,9,3,5,2",Venomous Cologne,,,110000,Chameleos Hide+ x5; Purecrystal x2; DeadlyPoisonSac x5; LethrGarugaTail x2,,Venomous Perfume,,,,,,,,,
5,blademaster_weapon,784,Venomous Perfume,gunlance,10,vallode,10,,,,Y,644,2.3,280,0%,1,Poison 240,Poison 24,"5,5,9,13,5,3","5,5,9,13,5,5,3",Venomous Attar,,,130000,SpecChameleHide+ x5; StrChameleosWing x2; Purecrystal x3; Chameleos Jewel x3,,,,,,,,,,,
5,blademaster_weapon,785,Giant Tusk,lance,9,vallode,9,,,,Y,552,2.3,240,0%,2,,,"11,8,5,8,3","11,8,5,8,5,3",Barbarian Tusk,,,75000,Hvy Monster Bone x2; Massive Bone x2; Monster Essence x5,,Brutal Tusk,,,,,,,,,
5,blademaster_weapon,786,Brutal Tusk,lance,9,vallode,9,,,,Y,598,2.3,260,20%,2,,,"11,8,5,8,5,3","11,8,5,8,5,4,4",Giant Tusk,,,100000,BigEDragonBone x3; Hvy Monster Bone x5; Massive Bone x5,,,,,,,,,,,
5,blademaster_weapon,787,Heavy Bone Gunlance,gunlance,9,vallode,9,,,,Y,506,2.3,220,0%,1,,,"11,9,4,9,3","11,9,4,9,4,3",Barbarian Tusk,75000,Hvy Monster Bone x5; Blazing Fire Sac x2; Eltalite Ore x5; Rajang Horn x1,75000,Massive Bone x3; RobustWyvernBone x4; Firecell Stone x4; Rajang Horn x1,,Hard Bone Cannon,,,,,,,,,
5,blademaster_weapon,788,Hard Bone Cannon,gunlance,9,vallode,9,,,,Y,598,2.3,260,0%,2,,,"11,9,4,9,4,3","11,9,4,9,4,4,4",Heavy Bone Gunlance,,,100000,BigEDragonBone x3; Blazing Fire Sac x5; Emperor Cricket x10,,,,,,,,,,,
5,blademaster_weapon,789,Full Voltage,gunlance,7,vallode,7,,,,N,460,2.3,200,0%,1,Thunder 180,Thunder 18,"11,9,4,6","11,9,4,9,2",Hard Bone Lance+,50000,Khezu Hide - Tan x8; Thunder Sac x5; Carbalite Ore x10; Rubbery Hide+ x5,50000,Khezu Hide - Tan x5; Thunder Sac x3; Rubbery Hide+ x3,,Full Generator,,,,,,,,,
5,blademaster_weapon,790,Full Generator,gunlance,9,vallode,9,,,,Y,529,2.3,230,0%,1,Thunder 220,Thunder 22,"11,9,4,9,2","11,9,4,9,4,3",Full Voltage,,,85000,KhezuHide-Cream x5; Lightning Sac x3; Pale Khezu Steak x1,,High Volt Gunlance,,,,,,,,,
5,blademaster_weapon,791,High Volt Gunlance,gunlance,9,vallode,9,,9,,Y,644,2.3,280,0%,1,Thunder 260,Thunder 26,"11,9,4,9,4,2","11,9,4,9,4,4,4",Full Generator,,,120000,KhezuHide-Cream x5; KhezuSpecialCut x1; SpecRubberyHide+ x5; LthrKirinThndrTl x2,,,,,,,,,,,
5,blademaster_weapon,792,Demonlance Rajang,lance,10,vallode,10,,10,,Y,621,2.3,270,30%,0,Thunder 230,Thunder 23,"9,5,9,10,5,2","9,5,9,10,5,5,2",Great Demon Lance,,,130000,Hard Rajang Horn x2; Blk Rajang Pelt+ x3; Hard Rajang Claw x4; GoldRajangPelt+ x1,,,,,,,,,,,
5,blademaster_weapon,793,"DragonSealer""Virtue""",lance,9,vallode,9,,,,Y,529,2.3,230,20%,0,Dragon 320,Dragon 32,"5,5,9,13,5,3","5,5,9,13,5,5,3",Sealed Dragonlance,,,120000,Lao-ShanCarapace x3; Lao Shan'sThkScl x6; Gaoren Thoracic x4,,"DragonSealer""Null""",,,,,,,,,
5,blademaster_weapon,794,"DragonSealer""Null""",lance,10,vallode,10,,10,,Y,575,2.3,250,25%,0,Dragon 340,Dragon 34,"3,7,4,16,7,3","3,7,4,16,7,5,3","DragonSealer""Virtue""",,,140000,Lao-ShanHvnlyScl x1; Azure LaoS Claw x4; Hard Gaoren Claw x4; Commendation S x1,,,,,,,,,,,
5,blademaster_weapon,795,Pop Corn,gunlance,6,vallode,6,,,,N,414,2.3,180,0%,3,,,"3,7,4,16","3,7,4,16,5",,40000,Giant Corn x2; Inferno Sac x5; Ivy x10; Commendation G x1,,,,Large Pop Corn,,,,,,,,,
5,blademaster_weapon,796,Large Pop Corn,gunlance,9,vallode,9,,9,,Y,598,2.3,260,0%,3,,,"3,7,4,16,5","3,7,4,16,7,3",Pop Corn,,,75000,Giant Corn x5; Blazing Fire Sac x3; AncientDrgnwood x1; Eltalite Ore x10,,,,,,,,,,,
5,blademaster_weapon,797,True Blk Dragon Spr,lance,10,vallode,10,,,,Y,644,2.3,280,-10%,1,Dragon 360,Dragon 36,"11,8,5,8,3","11,8,5,8,5,3",Black Dragon Spear,,,150000,HardFatalisHorn x4; Fatalis Evil Eye x2; BigEDragonJewel x1,,,,,,,,,,,
5,blademaster_weapon,798,True Blk Dragon Spr+,lance,10,vallode,10,,,,Y,644,2.3,280,-10%,1,Dragon 360,Dragon 36,"11,8,5,8,3","11,8,5,8,5,3",Black Dragon Spear,,,150000,HardFatalisHorn x4; Fatalis Evil Eye x2; BigEDragonJewel x1,,,,,,,,,,,
5,blademaster_weapon,799,Black Smoke Gunlance,gunlance,5,vallode,5,,,,N,345,2.3,150,0%,0,Dragon 250,Dragon 25,"5,5,9,7","5,5,9,10",,15000,Dark Stone x1; Dark Piece x4; Pokke Ticket x1,,,,BlackDragonGunlance,,,,,,,,,
5,blademaster_weapon,800,BlackDragonGunlance,gunlance,8,vallode,8,,,,N,460,2.3,200,-20%,0,Dragon 310,Dragon 31,"11,7,4,7,3","11,7,4,7,5,2",Black Smoke Gunlance,,,100000,Fatalis Eye x1; Fatalis Horn x2; Fatalis Shell x4; Daora Jewel x1,,TrueBlkDrgnGunlance,,,,,,,,,
5,blademaster_weapon,801,TrueBlkDrgnGunlance,gunlance,10,vallode,10,,10,,Y,621,2.3,270,-20%,0,Dragon 380,Dragon 38,"18,5,3,9,3,2","18,5,3,9,3,5,2",BlackDragonGunlance,,,150000,Fatalis Evil Eye x1; HardFatalisHorn x2; Hvy Fatalis Shl x4; BigEDragonJewel x1,,,,,,,,,,,
5,blademaster_weapon,802,AncientDrgnwoodLance,gunlance,9,vallode,9,,,,Y,460,2.3,200,0%,2,Paralysis 250,Paralysis 25,"15,5,4,9,3,2","15,5,4,9,3,6,3",Gld Dragonwd GLance,120000,AncientDrgnwood x5; YamaTsukaFillet x2; Thunderbug Jelly x10; Fire Dragon Pwdr x3,120000,AncientDrgnwood x3; AncientDrgnmoss x3; Fire Dragon Pwdr x1,,AncientDrgnwoodLanc+,,,,,,,,,
5,blademaster_weapon,803,AncientDrgnwoodLanc+,gunlance,10,vallode,10,,,,Y,529,2.3,230,0%,2,Paralysis 270,Paralysis 27,"9,5,9,10,5,2","9,5,9,10,5,5,2",AncientDrgnwoodLance,,,145000,YamaTsukamiHide x5; YamaTsukamiFluid x5; ThckFireDrgnScl x3; Commendation S x1,,,,,,,,,,,
5,blademaster_weapon,804,Daora's Regulus,lance,10,vallode,10,,10,,Y,621,2.3,270,0%,0,Ice 320,Ice 32,"11,8,5,8,5,3","11,8,5,8,5,4,4",Daora's Fang,,,135000,Lthr Daora Tail x1; Hvy Daora Shell x7; Hard Daora Horn x2; BigEDragonJewel x1,,,,,,,,,,,
5,blademaster_weapon,805,Sky Scraper,lance,9,vallode,9,,,,Y,598,2.3,260,-15%,2,,,"16,5,4,9,4,2","16,5,4,9,4,5,2",Matenro,,,100000,Purecrystal x8; ElderDragonBlood x10; Commendation G x1,,,,,,,,,,,
5,blademaster_weapon,806,Teostra's Fire,lance,10,vallode,10,,,,Y,621,2.3,270,15%,0,Fire 220,Fire 22,"11,8,5,8,5,3","11,8,5,8,5,4,4",Teostra's Roar,,,130000,HardTeostraHorn x2; LthrTeostraTail x4; BigEDragonJewel x1,,,,,,,,,,,
5,blademaster_weapon,807,Great Tigrex Lance,lance,10,vallode,10,,,,Y,667,2.3,290,-30%,0,,,"9,5,9,10,5,5,2","9,5,9,10,5,5,2",Tigrex Lance,,,125000,LeathrTigrexTail x1; ThickTigrexScale x6; Hard Tigrex Claw x5; HvnlyTigrexScale x1,,,,,,,,,,,
5,blademaster_weapon,808,Hidden Stinger,lance,7,vallode,7,,,,N,437,2.3,190,50%,1,,,"5,5,9,13,5,3","5,5,9,13,5,5,3",Tiger Stinger,80000,Nargacuga Tail x3; NargaCuttingWing x5; Nargacuga Fang+ x1; Narga Brain Stem x1,80000,Nargacuga Tail x1; NargaCuttingWing x3; Nargacuga Fang+ x6,,Black Rain Darklance,,,,,,,,,
5,blademaster_weapon,809,Black Rain Darklance,lance,10,vallode,10,,10,,Y,552,2.3,240,50%,2,,,"5,5,9,13,5,5,3","5,5,9,13,5,5,3",Hidden Stinger,120000,LeatherNargaTail x3; StrNargaCttngWing x7; ThickNargaScale x10; HvnlyNargaScale x1,120000,LeatherNargaTail x1; StrNargaCttngWing x5; HvyNargacugaFang x6; Narga Brain stem x2,,,,,,,,,,,
5,blademaster_weapon,810,GreatTigrexGunlance,gunlance,10,vallode,10,,,,Y,667,2.3,290,-30%,0,,,"9,5,9,10,4,6,2","9,5,9,10,4,6,2",Tigrex Gunlance,,,125000,Hvy Tigrex Fang x4; Hard Tigrex Claw x5; HvnlyTigrexScale x1,,,,,,,,,,,
5,blademaster_weapon,811,Hidden Gunlance,gunlance,7,vallode,7,,,,N,437,2.3,190,50%,1,,,"5,5,9,13,5,3","5,5,9,13,5,5,3",Rex Blast,80000,NargaCuttingWing x4; Nargacuga Tail x3; Narga Brain Stem x1; Hrd Monster Bone x5,80000,NargaCuttingWing x2; Nargacuga Tail x1; Narga Scale+ x10,,WanningMoonDarklance,,,,,,,,,
5,blademaster_weapon,812,WanningMoonDarklance,gunlance,10,vallode,10,,10,,Y,552,2.3,240,50%,2,,,"5,5,9,13,5,5,3","5,5,9,13,5,5,3",Hidden Gunlance,120000,LeatherNargaTail x4; ThickNargaScale x10; HvnlyNargaScale x1; LeathrTigrexTail x2,120000,StrNargaCttngWng x4; LeatherNargaTail x2; Narga Brain Stem x2; Hvy Monster Bone x5,,,,,,,,,,,
5,blademaster_weapon,813,AkantorNoirGunlance,gunlance,10,vallode,10,,,,Y,759,2.3,330,40%,1,,,"4,7,4,8","4,7,4,14",Akantor Gunlance,,,145000,Ukanlos Stone x1; Big Wyvern Stone x3; Akantor Fang x4; Akantor Shell x7,,,,,,,,,,,
5,blademaster_weapon,814,Ukanlos Calamity,lance,10,vallode,10,,10,,Y,805,2.3,350,-30%,0,Ice 120,Ice 12,"16,5,4,9,1","16,5,4,9,4,2",,150000,UkanlosUnderscl x8; HvyUkanlosShell x4; Hvy Ukanlos Tail x2; Ukanlos Stone x1,,,,,,,,,,,,,
5,blademaster_weapon,815,UkanlosBlazeGunlance,gunlance,10,vallode,10,,10,,Y,805,2.3,350,-30%,0,Ice 120,Ice 12,"16,5,4,9,1","16,5,4,9,4,2",,150000,UkanlosShovelJaw x2; StrongUkanlosFin x4; HvyUkanlosShell x5; Ukanlos Stone x1,,,,,,,,,,,,,
5,blademaster_weapon,816,Iron Lance G,lance,9,vallode,9,,,Y,Y,644,2.3,280,0%,0,,,"5,5,9,13,5,3","5,5,9,13,5,5,3",,100000,Commendation G x1; Iron Ore x40; Disk Stone x25; Eltalite Ore x10,,,,,,,,,,,,,
5,blademaster_weapon,817,Rampart G,lance,9,vallode,9,,,Y,Y,621,2.3,270,0%,1,,,"5,7,5,16,5,2","5,7,5,16,5,5,2",,100000,Commendation G x1; Lightcrystal x10; Machalite Ore x20; Mellanje Ore x5,,,,,,,,,,,,,
5,blademaster_weapon,818,Roaring Wyvern G,lance,9,vallode,9,,,Y,Y,598,2.3,260,0%,1,Dragon 100,Dragon 10,"5,7,5,16,5,2","5,7,5,16,5,5,2",,100000,Commendation S x1; Dragonite Ore x15; Union Ore x10; HvyBlkGraviosShl x10,,,,,,,,,,,,,
5,blademaster_weapon,819,Gatling Lance G,lance,9,vallode,9,,,Y,Y,598,2.3,260,0%,1,Fire 160,Fire 16,"5,7,5,16,5,2","5,7,5,16,5,5,2",,100000,Commendation G x1; Eltalite Ore x15; Gunpowder x20; FireWyvrn BrnStm x5,,,,,,,,,,,,,
5,blademaster_weapon,820,SanctionedGunlance G,lance,10,vallode,10,,10,Y,Y,575,2.3,250,0%,2,Fire 250,Fire 25,"5,7,5,16,5,2","5,7,5,16,5,5,2",,100000,Commendation S x1; Firecell Stone x10; FireWyvrn Marrow x10; Blazing Fire Sac x5,,,,,,,,,,,,,
5,blademaster_weapon,821,Valhalla G,lance,9,vallode,9,,,Y,Y,598,2.3,260,0%,3,,,"3,7,4,16,7,3","3,7,4,16,7,5,3",,100000,Commendation G x1; Purecrystal x5; Dragonite Ore x20; Ice Crystal x20,,,,,,,,,,,,,
5,blademaster_weapon,822,Spiked Spear G,lance,9,vallode,9,,9,Y,Y,644,2.3,280,0%,0,,,"3,7,4,16,7,3","3,7,4,16,7,5,3",,100000,Commendation G x1; Eltalite Ore x10; Hvy Monster Bone x10; Killer Beetle x20,,,,,,,,,,,,,
5,blademaster_weapon,823,Requiem Spear G,lance,9,vallode,9,,,Y,Y,529,2.3,230,0%,2,Sleep 260,Sleep 26,"3,7,4,16,7,3","3,7,4,16,7,5,3",,100000,Commendation G x1; Sleep Sac x15; SpecPlesiothFin+ x8; Sleepyfish x10,,,,,,,,,,,,,
5,blademaster_weapon,824,Trident G,lance,9,vallode,9,,,Y,Y,506,2.3,220,0%,0,Paralysis 300,Paralysis 30,"16,5,4,9,4,2","16,5,4,9,4,5,2",,100000,Commendation G x1; Thunder Sac x10; SpecRubberyHide+ x7; Thunderbug x20,,,,,,,,,,,,,
5,blademaster_weapon,825,Venom Lance G,lance,9,vallode,9,,9,Y,Y,598,2.3,260,0%,0,Poison 200,Poison 20,"5,5,9,13,5,3","5,5,9,13,5,5,3",,100000,Commendation G x1; Basarios Tears x5; HvyBasariosShell x8; DeadlyPoisonSac x8,,,,,,,,,,,,,
5,blademaster_weapon,826,Gravios Spear G,lance,10,vallode,10,,10,Y,Y,575,2.3,250,0%,0,Poison 270,Poison 27,"5,5,9,13,5,3","5,5,9,13,5,5,3",,100000,Commendation S x1; HvyGraviosShell x8; Poison Sac x20; Gravios BrainStm x5,,,,,,,,,,,,,
5,blademaster_weapon,827,BlackGraviousSpear G,lance,10,vallode,10,,,Y,Y,552,2.3,240,0%,1,Fire 360,Fire 36,"9,5,9,10,5,2","9,5,9,10,5,5,2",,100000,Commendation S x1; HvyBlkGraviosShl x8; Firecell Stone x15; Gravios BrainStm x5,,,,,,,,,,,,,
5,blademaster_weapon,828,Iron Gunlance G,gunlance,9,vallode,9,,9,Y,Y,644,2.3,280,0%,1,,,"5,7,5,16,5,2","5,7,5,16,5,5,2",,100000,Commendation G x1; Gunpowder x20; Eltalite Ore x10; Blazing Fire Sac x5,,,,,,,,,,,,,
5,blademaster_weapon,829,Imperial Gunlance G,gunlance,9,vallode,9,,,Y,Y,621,2.3,270,0%,2,,,"3,7,4,16,7,3","3,7,4,16,7,5,3",,100000,Commendation G x1; Firestone x20; Mellanje Ore x5; Purecrystal x2,,,,,,,,,,,,,
5,blademaster_weapon,830,White Cannon G,gunlance,10,vallode,10,,,Y,Y,621,2.3,270,0%,1,,,"5,5,9,13,5,3","5,5,9,13,5,5,3",,100000,Commendation S x1; Gravios Skl Shl x3; HvyGraviosShell x5; Flame Sac x20,,,,,,,,,,,,,
5,blademaster_weapon,831,Marine Fisher G,gunlance,9,vallode,9,,9,Y,Y,598,2.3,260,0%,0,Water 200,Water 20,"5,5,9,13,5,3","5,5,9,13,5,5,3",,100000,Commendation S x1; SpecPlesiothFin+ x4; ThckPlesiothScl x5; Cephalos Fin+ x5,,,,,,,,,,,,,
5,blademaster_weapon,832,Blizzard Gunlance G,gunlance,9,vallode,9,,9,Y,Y,598,2.3,260,0%,0,Ice 150,Ice 15,"5,5,9,13,5,3","5,5,9,13,5,5,3",,100000,Commendation G x1; Giadrome Claw+ x10; Giaprey Hide+ x10; Blazing Fire Sac x8,,,,,,,,,,,,,
5,blademaster_weapon,833,Knight Spear G,lance,9,vallode,9,,,Y,Y,621,2.3,270,0%,2,,,"3,7,4,16,7,3","3,7,4,16,7,5,3",,100000,Commendation G x1; Carbalite Ore x15; Eltalite Ore x7; Velociprey Hide+ x10,,,,,,,,,,,,,
5,blademaster_weapon,834,Aqua Spear G,lance,9,vallode,9,,,Y,Y,552,2.3,240,0%,1,Water 400,Water 40,"5,7,5,16,5,2","5,7,5,16,5,5,2",,100000,Commendation G x1; SpecPlesiothFin+ x6; Plesioth Scale+ x10; Plesioth Fin x15,,,,,,,,,,,,,
5,blademaster_weapon,835,Emerald Spear G,lance,9,vallode,9,,,Y,Y,529,2.3,230,0%,3,Water 450,Water 45,"5,7,5,16,5,2","5,7,5,16,5,5,2",,100000,Commendation G x1; SpecGrnPlesioFn+ x4; Grn Plsioth Scl+ x10; Grn Plesioth Fin+ x15,,,,,,,,,,,,,
5,blademaster_weapon,836,Grayburg Javelin G,lance,10,vallode,10,,,Y,Y,644,2.3,280,0%,0,,,"3,7,4,16,7,3","3,7,4,16,7,5,3",,100000,Commendation S x1; ThckDaoraDrgnScl x5; Carbalite Ore x15; Firestone x10,,,,,,,,,,,,,
5,blademaster_weapon,837,Long Tusk G,lance,9,vallode,9,,,Y,Y,644,2.3,280,0%,0,,,"9,5,9,10,5,2","9,5,9,10,5,5,2",,100000,Commendation G x1; Lg Monster Bone x20; Bone x50; Hvy Monster Bone x10,,,,,,,,,,,,,
5,blademaster_weapon,838,Great Ogre Tusk G,lance,9,vallode,9,,,Y,Y,644,2.3,280,0%,0,,,"7,4,15,6,4,4","7,4,15,6,4,6,3",,100000,Commendation G x1; Hvy Monster Bone x8; Monster Bone+ x15; Ioprey Hide+ x10,,,,,,,,,,,,,
5,blademaster_weapon,839,Crimson War Pike G,lance,9,vallode,9,,,Y,Y,575,2.3,250,0%,0,Fire 300,Fire 30,"11,8,5,8,5,3","11,8,5,8,5,4,4",,100000,Commendation S x1; Top-GrdRedHorn x3; MonoblosThoracic x5; Eltalite Ore x15,,,,,,,,,,,,,
5,blademaster_weapon,840,Ceramic Blos Lance G,lance,10,vallode,10,,,Y,Y,575,2.3,250,20%,2,Water 240,Water 24,"3,4,17,7,5,4","3,4,17,7,5,5,4",,100000,Commendation S x1; Top-GrdPlatHorn x3; WhtMonoblosThora x5; HvyDiablosSpine x3,,,,,,,,,,,,,
5,blademaster_weapon,841,Diablo Spear G,lance,9,vallode,9,,,Y,Y,667,2.3,290,-10%,0,,,"9,5,9,10,5,2","9,5,9,10,5,5,2",,100000,Commendation S x1; StoutWarpedHorn x2; HvyDiablosSpine x4; Big Wyvern Stone x1,,,,,,,,,,,,,
5,blademaster_weapon,842,Bone Claw Lance G,lance,9,vallode,9,,9,Y,Y,621,2.3,270,0%,1,,,"9,5,9,10,5,2","9,5,9,10,5,5,2",,100000,Commendation G x1; HrdHermitaurClaw x3; Hermitaur Claw+ x6; Piercing Claw x8,,,,,,,,,,,,,
5,blademaster_weapon,843,Scissor Cannon G,gunlance,9,vallode,9,,9,Y,Y,598,2.3,260,0%,3,,,"5,7,5,16,5,2","5,7,5,16,5,5,2",,100000,Commendation G x1; HrdHermitaurClaw x2; HvyHermitaurShl x4; Inferno Sac x10,,,,,,,,,,,,,
5,blademaster_weapon,844,Ceanataur Piercer G,lance,10,vallode,10,,10,Y,Y,575,2.3,250,15%,1,,,"5,7,5,16,5,5,2","5,7,5,16,5,5,2",,100000,Commendation G x1; HrdCeanataurClaw x3; Ceanataur Claw+ x6; Ceanataur Leg x8,,,,,,,,,,,,,
5,blademaster_weapon,845,Dark Spear G,lance,9,vallode,9,,,Y,Y,529,2.3,230,0%,1,Paralysis 200,Paralysis 20,"5,5,9,13,5,5,3","5,5,9,13,5,5,3",,100000,Commendation G x1; Hornet Razorwing x5; Hornetaur Head x5; VespoidQn'sCrown x2,,,,,,,,,,,,,
5,blademaster_weapon,846,Bulldrome Spear G,lance,9,vallode,9,,,Y,Y,690,2.3,300,0%,2,,,"3,4,17,7,4","3,4,17,7,5,4",,100000,Commendation G x1; Bullfango Head x5; Bulldrome Hide+ x8; ThkBullfangoPelt x5,,,,,,,,,,,,,
5,blademaster_weapon,847,SpearOfProminence G,lance,10,vallode,10,,,Y,Y,529,2.3,230,0%,2,Fire 460,Fire 46,"5,5,9,13,5,3","5,5,9,13,5,5,3",,100000,Commendation S x1; LthrRathalosTail x3; HvyRathalosShl x5; Rathalos Plate x5,,,,,,,,,,,,,
5,blademaster_weapon,848,Fragrance G,lance,9,vallode,9,,,Y,Y,621,2.3,270,0%,3,,,"3,7,4,16,5","3,7,4,16,7,3",,100000,Commendation G x1; Dosbiscus x10; Giant Corn x5; AncientDrgnmoss x5,,,,,,,,,,,,,
5,blademaster_weapon,849,Noble Fragrance G,lance,9,vallode,9,,,Y,Y,598,2.3,260,0%,3,,,"3,7,4,16,7,3","3,7,4,16,7,5,3",,100000,Commendation G x1; Dosbiscus x10; Eltalite Ore x8; HrdCongalalaPlt+ x5,,,,,,,,,,,,,
5,blademaster_weapon,850,WyvernBoneGunlance G,gunlance,9,vallode,9,,9,Y,Y,644,2.3,280,0%,0,,,"3,4,17,7,5,4","3,4,17,7,5,5,4",,100000,Commendation G x1; Hrd Monster Bone x8; Massive Bone x5; Burst Arrowana x10,,,,,,,,,,,,,
5,blademaster_weapon,851,Grand Slam G,gunlance,9,vallode,9,,9,Y,Y,621,2.3,270,0%,1,Poison 240,Poison 24,"7,4,15,6,3","7,4,15,6,4,4",,100000,Commendation S x1; Gypceros Head x3; HrdPuGypcerosWng x4; DeadlyPoisonSac x5,,,,,,,,,,,,,
5,blademaster_weapon,852,Hard Bone Lance G,lance,9,vallode,9,,,Y,Y,667,2.3,290,0%,0,,,"9,5,9,10,2","9,5,9,10,5,2",,100000,Commendation G x1; Massive Bone x7; Mellanje Ore x7; Giant Bone x20,,,,,,,,,,,,,
5,blademaster_weapon,853,Barbarian Tusk G,lance,9,vallode,9,,,Y,Y,644,2.3,280,0%,1,,,"16,5,4,9,4,2","16,5,4,9,4,5,2",,100000,Commendation G x1; Stout Bone x10; HvyDiablosSpine x3; PhantomButterfly x5,,,,,,,,,,,,,
5,blademaster_weapon,854,Sealed Dragonlance G,lance,10,vallode,10,,,Y,Y,552,2.3,240,20%,0,Dragon 300,Dragon 30,"5,5,9,13,5,3","5,5,9,13,5,5,3",,100000,Commendation S x1; Lao-Shan's Shell x7; Lao-Shan'sHvyShl x3; HvyGaorenShell x3,,,,,,,,,,,,,
5,blademaster_weapon,855,Hyper Vacuum G,lance,9,vallode,9,,9,Y,Y,368,2.3,160,0%,2,Water 340,Water 34,"9,5,9,10,5,5,2","9,5,9,10,5,5,2",,100000,Commendation G x1; KhezuSpecialCut x2; AncientDrgnwood x2; FlynMealPassPlus x10,,,,,,,,,,,,,
5,blademaster_weapon,856,Native Spear G,lance,9,vallode,9,,,Y,Y,391,2.3,170,0%,2,Poison 450,Poison 45,"16,5,4,9,4,5,2","16,5,4,9,4,5,2",,100000,Commendation G x1; Master's Skull x3; Iodrome Skull x5; DeadlyPoisonSac x10,,,,,,,,,,,,,
5,blademaster_weapon,857,Black Belt Lance G,lance,9,vallode,9,,,Y,Y,621,2.3,270,0%,2,,,"5,5,9,13,5,3","5,5,9,13,5,5,3",,100000,Commendation G x1; Expert Ticket x10; Kirin Coin x6; Legend Coin G x1,,,,,,,,,,,,,
5,blademaster_weapon,858,Warrior's Lance,lance,10,vallode,10,,,,Y,598,2.3,260,0%,3,Poison 80,Poison 8,"5,5,9,13,5,3","5,5,9,13,5,5,3",Expert Lance,,,75000,LthrSlvrRthlsTal x2; Warrior Coin G x4; Expert Coin G x5; Commendation G x1,,,,,,,,,,,
5,blademaster_weapon,859,GldDragonwdGLance G,gunlance,10,vallode,10,,,Y,Y,506,2.3,220,0%,2,Paralysis 230,Paralysis 23,"7,4,15,6,4,4","7,4,15,6,4,6,3",,100000,Commendation G x1; Dragonwood+ x10; Sinister Cloth x10; ThckFireDrgnScl x2,,,,,,,,,,,,,
5,blademaster_weapon,860,Tarnished Lance G,lance,9,vallode,9,,,Y,Y,736,2.3,320,0%,0,,,"16,5,4","16,5,4,5",,100000,Commendation G x1; Ruststone Rod x5,,,,,,,,,,,,,
5,blademaster_weapon,861,Undertaker G,lance,9,vallode,9,,,Y,Y,667,2.3,290,-20%,1,,,"16,5,4,9,4,2","16,5,4,9,4,5,2",,100000,Commendation S x1; Ancient StoneRod x3; ElderDragonBlood x10; Big Wyvern Stone x1,,,,,,,,,,,,,
5,blademaster_weapon,862,"Eldr Dgnlnce ""Emblem""",,9,daigo,,,9,,Y,,,,,,,,,,,,,,,,,,,,,,,,,dummy
5,blademaster_weapon,863,Crow Blade,sword-and-shield,9,vallode,9,,,,Y,364,1.4,260,35%,2,,,"10,9,8,3,4,6","10,9,8,3,4,7,4",Wolf Blade,,,105000,Long Garuga Ear x4; Str Garuga Wing x2; Rejuvenated Beak x1; Hvy Garuga Shell x7,,,,,,,,,,,
5,blademaster_weapon,864,Dual Battleaxe,dual-blades,6,vallode,6,,,,N,252,1.4,180,0%,1,Poison 100,Poison 10,"7,3,8,13,4","7,3,8,13,5,4",Upper Battleaxe,70000,Rubbery Hide+ x8; Hrd Monster Bone x6; Toxin Sac x6; Gypceros Head x2,70000,Rubbery Hide+ x4; Toxin Sac x4; Monster Bone+ x4,,Dual Battleaxe+,,,,,,,,,
5,blademaster_weapon,865,Dual Battleaxe+,dual-blades,6,vallode,6,,,,N,252,1.4,180,0%,1,Poison 100,Poison 10,"7,3,8,13,4","7,3,8,13,5,4",Upper Battleaxe,70000,Rubbery Hide+ x8; Hrd Monster Bone x6; Toxin Sac x6; Gypceros Head x2,70000,Rubbery Hide+ x4; Toxin Sac x4; Monster Bone+ x4,,Dual Battleaxe+,,,,,,,,,
5,blademaster_weapon,866,Final Battleaxe,dual-blades,10,vallode,10,,10,,Y,378,1.4,270,0%,1,Poison 160,Poison 16,"7,3,8,13,5,4","7,3,8,13,5,6,3",Dual Battleaxe+,,,110000,SpecRubberyHide+ x6; HardGypcerosHead x1; GoldRathianThorn x1,,,,,,,,,,,
5,blademaster_weapon,867,Snow Venom,dual-blades,4,vallode,4,,,,N,168,1.4,120,0%,0,Ice 120; Poison 80,Ice 12; Poison 8,"7,3,8,7","7,3,8,12",Giaprey Claws+,5080,Iodrome Hide x4; Giadrome Hide x4; Giadrome Claw x6; Poison Sac x4,5080,Iodrome Hide x2; Ioprey Fang x8; Giaprey Hide x4,,Snow Venom+,,,,,,,,,
5,blademaster_weapon,868,Snow Venom+,dual-blades,4,vallode,4,,,,N,168,1.4,120,0%,0,Ice 120; Poison 80,Ice 12; Poison 8,"7,3,8,7","7,3,8,12",Giaprey Claws+,5080,Iodrome Hide x4; Giadrome Hide x4; Giadrome Claw x6; Poison Sac x4,5080,Iodrome Hide x2; Ioprey Fang x8; Giaprey Hide x4,,Snow Venom+,,,,,,,,,
5,blademaster_weapon,869,Glacial Medusa,dual-blades,9,vallode,9,,,,Y,308,1.4,220,0%,2,Ice 200; Poison 220,Ice 20; Poison 22,"15,3,9,7,4,2","15,3,9,7,4,5,2",Snow Venom+,,,85000,RobustWyvernBone x6; Giadrome Claw+ x4; Ioprey Scale+ x3; Toxin Sac x2,,,,,,,,,,,
5,blademaster_weapon,870,Queen's Rose,sword-and-shield,9,vallode,9,,,,Y,322,1.4,230,15%,2,Poison 440,Poison 44,"19,1,3,11,5,1","19,1,3,11,5,4,2",Queen Rapier,95000,Rathian Thorn x2; HvyPnkRathianShl x6; DeadlyPoisonSac x5; Rathian Ruby x1,95000,Rathian Thorn x1; ThckPnkRathnScl x5; DeadlyPoisonSac x3,,Royal Rose,,,,,,,,,
5,blademaster_weapon,871,Royal Rose,sword-and-shield,10,vallode,10,,10,,Y,350,1.4,250,15%,1,Poison 450,Poison 45,"8,2,9,12,7,2","8,2,9,12,7,4,3",Queen's Rose,,,120000,GoldRathianThorn x1; HvyPnkRathianShl x5; ThckRathianScl x8,,,,,,,,,,,
5,blademaster_weapon,872,ChameleosDualBlades,dual-blades,10,vallode,10,,,,Y,350,1.4,250,0%,2,Poison 230,Poison 23,"15,3,9,7,4,2","15,3,9,7,4,5,2",Dual Chameleos,,,130000,LthrChameleoTail x2; HrdChameleosHorn x2; SpecChameleHide+ x4; BigEDragonJewel x1,,,,,,,,,,,
5,blademaster_weapon,873,Ice Fang,sword-and-shield,9,vallode,9,,,,Y,322,1.4,230,0%,2,Ice 500,Ice 50,"13,1,3,16,6,1","13,1,3,16,6,4,2",Hi Frost Edge,,,85000,Ice Crystal x20; Eltalite Ore x10; HvyBlangongaFang x2; DaoraDragonScal+ x4,,,,,,,,,,,
5,blademaster_weapon,874,Freezing Daggers,dual-blades,4,vallode,4,,,,N,196,1.4,140,0%,1,Ice 320,Ice 32,"7,3,8,2","7,3,8,7",Frost Edge+,3400,DaoraDragonScale x2; Ice Crystal x20; Iron Ore x10; Earth Crystal x5,3400,Ice Crystal x10; Blangonga Whiskr x2; Machalite Ore x2,,Icicle Daggers,,,,,,,,,
5,blademaster_weapon,875,Icicle Daggers,dual-blades,6,vallode,6,,,,N,252,1.4,180,0%,2,Ice 350,Ice 35,"7,3,8,12","7,3,8,13,4",Freezing Daggers,,,55000,Ice Crystal x20; Carbalite Ore x4; Stout Bone x3,,Frozen Death,,,,,,,,,
5,blademaster_weapon,876,Frozen Death,dual-blades,9,vallode,9,,,,Y,364,1.4,260,0%,2,Ice 370,Ice 37,"7,3,8,13,4","7,3,8,13,5,4",Icicle Daggers,,,90000,Mellanje Ore x5; LeathrBlangoTail x2; HrdBlangongaPlt+ x6; DaoraDragonScal+ x5,,,,,,,,,,,
5,blademaster_weapon,877,Master Sabers,dual-blades,9,vallode,9,,,,Y,308,1.4,220,0%,2,Water 250,Water 25,"15,3,9,7,4,2","15,3,9,7,4,5,2",Guild Knight Sabers,,,95000,Purecrystal x2; Eltalite Ore x10; Emperor Cricket x10,,Holy Guild Knight,,,,,,,,,
5,blademaster_weapon,878,Holy Guild Knight,dual-blades,10,vallode,10,,10,,Y,364,1.4,260,0%,2,Water 280,Water 28,"7,3,8,13,5,4","7,3,8,13,5,6,3",Master Sabers,,,110000,Purecrystal x5; Mellanje Ore x10; HrdCeanataurClaw x2; Giant Blk Pearl x5,,,,,,,,,,,
5,blademaster_weapon,879,Alated Insect,dual-blades,9,vallode,9,,,,Y,294,1.4,210,0%,2,,,"7,3,8,13,5,6,3","7,3,8,13,5,6,3",Insect Slicer,,,80000,Hornet Razorwing x5; Vespoid Razorwing x5; Emperor Cricket x10,,Insect Lord,,,,,,,,,
5,blademaster_weapon,880,Insect Lord,dual-blades,9,vallode,9,,,,Y,350,1.4,250,0%,2,,,"9,1,3,17,5,6,4","9,1,3,17,5,6,4",Alated Insect,,,105000,Hornet RazorWing x8; Vespoid RazorWing x8; PhantomButterfly x12; VespoidQn'sCrown x3,,,,,,,,,,,
5,blademaster_weapon,881,Master Odyssey,sword-and-shield,9,vallode,9,,9,,Y,350,1.4,250,0%,1,Water 370,Water 37,"8,2,9,13,6,2","8,2,9,13,6,4,3",Odyssey Blade,,,105000,StrBasariosWing x1; HrdCeanataurClaw x3; HvnlyRathianScl x1,,,,,,,,,,,
5,blademaster_weapon,882,Heavy Bang,sword-and-shield,9,vallode,9,,9,,Y,308,1.4,220,0%,3,,,"13,1,3,16,2","13,1,3,16,6,1",Odyssey Blade,7500,Eltalite Ore x10; Carbalite Ore x20; Machalite Ore x30; RobustWyvernBone x10,75000,Eltalite Ore x5; Union Ore x10; Carbalite Ore x15,,Master Bang,,,,,,,,,
5,blademaster_weapon,883,Master Bang,sword-and-shield,9,vallode,9,,,,Y,378,1.4,270,15%,3,,,"13,1,3,16,6,1","13,1,3,16,6,4,2",Heavy Bang,,,100000,Mellanje Ore x8; Eltalite Ore x10; PhantomButterfly x5; Monster Essence x3,,,,,,,,,,,
5,blademaster_weapon,884,Thunderblade Vajra,sword-and-shield,9,vallode,9,,,,Y,308,1.4,220,0%,2,Thunder 300,Thunder 30,"7,5,8,12,3","7,5,8,12,6,2",Odyssey Blade,90000,Lightning Sac x4; SpecRubberyHide+ x6; Kirin Azure Horn x3; Kirin Hide+ x3,90000,Lightning Sac x2; SpecRubberyHide+ x3; Kirin Azure Horn x1; Kirin Hide x5,,Thunderblade Vajra+,,,,,,,,,
5,blademaster_weapon,885,Thunderblade Vajra+,sword-and-shield,9,vallode,9,,,,Y,308,1.4,220,0%,2,Thunder 300,Thunder 30,"7,5,8,12,3","7,5,8,12,6,2",Odyssey Blade,90000,Lightning Sac x4; SpecRubberyHide+ x6; Kirin Azure Horn x3; Kirin Hide+ x3,90000,Lightning Sac x2; SpecRubberyHide+ x3; Kirin Azure Horn x1; Kirin Hide x5,,Thunderblade Vajra+,,,,,,,,,
5,blademaster_weapon,886,Tornado Tomahawks,dual-blades,9,vallode,9,,,,Y,322,1.4,230,0%,0,,,"12,5,5,10,8","12,5,5,10,8,3,2",Cyclone,7500,Eltalite Ore x8; Carbalite Ore x15; Antiseptic Stone x20; Monster Essence x5,75000,Eltalite Ore x5; Union Ore x10; RobustWyvernBone x8,,Typhoon; Firestorm,,,,,,,,,
5,blademaster_weapon,887,Typhoon,dual-blades,9,vallode,9,,,,Y,378,1.4,270,0%,2,,,"7,3,8,13,5,4","7,3,8,13,5,6,3",Tornado Tomahawks,,,100000,Mellanje Ore x5; Eltalite Ore x10; Purecrystal x2,,,,,,,,,,,
5,blademaster_weapon,888,Firestorm,dual-blades,9,vallode,9,,,,Y,322,1.4,230,0%,0,Fire 300; Water 300,Fire 30; Water 30,"7,3,8,13,4","7,3,8,13,5,4",Tornado Tomahawks,95000,SpecLavasioFin+ x3; SpecPlesiothFin+ x3; Hvy Monster Bone x8; HvyPiscineFang x6,95000,SpecLavasioFin+ x1; SpecPlesiothFin+ x1; ThckLavasiothScl x3; ThckPlesiothScl x3,,Volcanic Storm,,,,,,,,,
5,blademaster_weapon,889,Volcanic Storm,dual-blades,10,vallode,10,,,,Y,364,1.4,260,0%,0,Fire 350; Water 350,Fire 35; Water 35,"7,3,8,13,5,4","7,3,8,13,5,6,3",Firestorm,,,115000,SpecLavasioFin+ x4; SpecPlesiothFin+ x4; YamaTsukamiFluid x3; Big Wyvern Stone x2,,,,,,,,,,,
5,blademaster_weapon,890,Divine Power Saws,dual-blades,9,vallode,9,,9,,Y,364,1.4,260,0%,1,Thunder 220,Thunder 22,"7,5,5,16,5,2","7,5,5,16,5,5,2",Improved Power Saws,,,100000,Mellanje Ore x8; Lightning Sac x5; SpecRubberyHide+ x6; HvyBasariosShell x3,,,,,,,,,,,
5,blademaster_weapon,891,Black Curse,sword-and-shield,10,vallode,10,,,,Y,420,1.4,300,20%,2,,,"2,5,18,5,5","2,5,18,5,7,3",Cursed Spirit,,,115000,StoutBlkTwstdHrn x2; HvyBlkBlosSpine x3; HvyBlkBlosShell x4,,,,,,,,,,,
5,blademaster_weapon,892,Blos Doppelganger,dual-blades,9,vallode,9,,,,Y,406,1.4,290,-5%,1,,,"3,7,15,7,3","3,7,15,7,5,3",Dual Diablo+,,,70000,LthrBlkBlosTail x2; WhtMonoblosThora x4; HvyBlkBlosSpine x4,,Grand Blos,,,,,,,,,
5,blademaster_weapon,893,Grand Blos,dual-blades,10,vallode,10,,,,Y,434,1.4,310,-5%,2,,,"8,13,6,4,3,1","8,13,6,4,3,6",Blos Doppelganger,,,115000,StoutBlkTwstdHrn x2; Top-GrdPlatHorn x2; HvyBlkBlosShell x4; Big Wyvern Stone x1,,,,,,,,,,,
5,blademaster_weapon,894,Festive Fall Typhoon,dual-blades,8,vallode,8,,,,N,238,1.4,170,0%,1,Thunder 180; Paralysis 100,Thunder 18; Paralysis 10,"3,7,15,7,3","3,7,15,7,5,3",Kirin Bolts,75000,Kirin Azure Horn x3; Dragonwood+ x5; Carbalite Ore x10; Commendation G x2,75000,Kirin Azure Horn x1; Dragonwood+ x3; Dragonmoss+ x3,,FestiveRustlingRain,,,,,,,,,
5,blademaster_weapon,895,FestiveRustlingRain,dual-blades,10,vallode,10,,10,,Y,350,1.4,250,0%,1,Thunder 200; Paralysis 120,Thunder 20; Paralysis 12,"3,7,15,7,5,3","3,7,15,7,5,6,2",Festive Fall Typhoon,,,135000,AncientDrgnwood x3; YamaTsukamiHide x2; LthrKirinThndrTl x2; Platinum Mane x3,,,,,,,,,,,
5,blademaster_weapon,896,Golden Falchion+,sword-and-shield,8,vallode,8,,,,N,252,1.4,180,0%,2,Fire 480,Fire 48,"20,1,3,10,1","20,1,3,10,5,1",Corona,,,75000,Gld Rathian Scl+ x10; Gld Rathian Cpc x8; Rathian Ruby x1,,Golden Falchion+,,,,,,,,,
5,blademaster_weapon,897,Golden Eclipse,sword-and-shield,10,vallode,10,,10,,Y,336,1.4,240,0%,2,Fire 520,Fire 52,"7,5,9,11,6,2","7,5,9,11,6,4,3",Golden Falchion+,,,125000,ThckGldRathnScl x7; HvyGldRathianShl x5; GoldRathianThorn x2,,,,,,,,,,,
5,blademaster_weapon,898,Punishment Blades,dual-blades,10,vallode,10,,10,,Y,350,1.4,250,0%,1,Fire 400,Fire 40,"15,3,9,7,4,2","15,3,9,7,4,5,2",Corpse Blades,,,125000,ThckSlvrRthlsScl x5; ThckGldRathnScl x5; HvnlyRathalosScl x1; HvnlyRathianScl x1,,,,,,,,,,,
5,blademaster_weapon,899,Red Divine Flame,sword-and-shield,10,vallode,10,,10,,Y,392,1.4,280,-15%,2,Fire 300,Fire 30,"8,2,9,12,7,2","8,2,9,12,7,4,3",Black Doom Flame,,,115000,HvyGraviosShell x6; HvyBlkGraviosShl x6; Blazing Fire Sac x8; Gravios BrainStm x1,,,,,,,,,,,
5,blademaster_weapon,900,Carmine Edge,dual-blades,9,vallode,9,,,,Y,336,1.4,240,15%,2,,,"7,5,5,16,5,5,2","7,5,5,16,5,5,2",Limb Cutter,85000,TerraCeanatrClaw x2; TerraCeanatrShl x4; Piercing Claw x8; Emperor Cricket x10,85000,TerraCeanatrClaw x2; TerraCeanatrShl x4; HvyCeanataurLeg x3,,Red Rippers,,,,,,,,,
5,blademaster_weapon,901,Red Rippers,dual-blades,10,vallode,10,,,,Y,364,1.4,260,15%,2,,,"7,3,8,13,5,6,3","7,3,8,13,5,6,3",Carmine Edge,,,115000,TerraCeanatrClaw x4; Hard Gaoren Claw x2; HrdCeanataurClaw x4; Giant Blk Pearl x2,,,,,,,,,,,
5,blademaster_weapon,902,Dual Carapace,sword-and-shield,7,vallode,7,,,,N,294,1.4,210,0%,0,Water 120,Water 12,"5,3,13,12,2","5,3,13,12,6,1",Bladed Edge+,60000,Ceanataur Claw+ x3; Hermitaur Claw+ x3; Ceanataur Carpce x5; Hermitaur Carpce x5,60000,Ceanataur Claw+ x1; Hermitaur Claw+ x1; Hermitaur Carpce x3; Black Pearl x3,,Dual Carapace+,,,,,,,,,
5,blademaster_weapon,903,Dual Carapace+,sword-and-shield,7,vallode,7,,,,N,294,1.4,210,0%,0,Water 120,Water 12,"5,3,13,12,2","5,3,13,12,6,1",Bladed Edge+,60000,Ceanataur Claw+ x3; Hermitaur Claw+ x3; Ceanataur Carpce x5; Hermitaur Carpce x5,60000,Ceanataur Claw+ x1; Hermitaur Claw+ x1; Hermitaur Carpce x3; Black Pearl x3,,Dual Carapace+,,,,,,,,,
5,blademaster_weapon,904,Dual Scissors,sword-and-shield,10,vallode,10,,,,Y,378,1.4,270,0%,0,Water 250,Water 25,"8,2,8,13,7,2","8,2,8,13,7,3,2",Dual Carapace+,,,110000,HrdCeanataurClaw x2; HvyCeanataurShl x4; HvyHermitaurShl x2; Giant Blk Pearl x3,,,,,,,,,,,
5,blademaster_weapon,905,Twin Shells,sword-and-shield,9,vallode,9,,,,Y,336,1.4,240,0%,1,,,"20,1,3,10,5,4,2","20,1,3,10,5,4,2",Dual Carapace+,,,90000,TerraCeanatrClaw x2; PlumD.HermitrClw x2; TerraCeanatrShl x4; PlumD.HermitrShl x4,,Twin Shears,,,,,,,,,
5,blademaster_weapon,906,Twin Shears,sword-and-shield,10,vallode,10,,,,Y,364,1.4,260,0%,1,,,"7,5,8,12,6,4,3","7,5,8,12,6,4,3",Twin Shells,,,115000,TerraCeanatrClaw x4; PlumD.HermitrClw x4; Giant Blk Pearl x3; HvnlyGaorenShell x1,,,,,,,,,,,
5,blademaster_weapon,907,Crow Tessen,dual-blades,9,vallode,9,,9,,Y,364,1.4,260,35%,3,,,"9,1,3,17,5,5","9,1,3,17,5,6,4",Wolf Tessen,,,105000,ThickGarugaScale x4; SilverGarugaPelt x3; Long Garuga Ear x2; Hvy Monster Bone x4,,,,,,,,,,,
5,blademaster_weapon,908,Jungle Maracas,dual-blades,9,vallode,9,,,,Y,350,1.4,250,0%,2,,,"8,13,6,4,3,1","8,13,6,4,3,6",Funky Maracas,85000,Congalala Pelt+ x8; Lg Pelagus Fang x5; Vibrant Comb x1; Massive Bone x2,85000,Congalala Pelt+ x6; HrdE.CongaClaw x2; Piercing Claw x6,,Evergreen,,,,,,,,,
5,blademaster_weapon,909,Evergreen,dual-blades,9,vallode,9,,,,Y,392,1.4,280,0%,2,,,"3,7,15,7,5,3","3,7,15,7,5,6,2",Jungle Maracas,,,115000,Congalala Pelt+ x8; Lg Pelagus Fang x4; Vibrant Comb x2; LeathrBlangoTail x2,,,,,,,,,,,
5,blademaster_weapon,910,Binding Blade,sword-and-shield,9,vallode,9,,,,Y,322,1.4,230,0%,0,,,"5,3,13,12,2","5,3,13,12,6,1",Osteon Pick+,75000,Eltalite Ore x8; RobustWyvernBone x4; Monster Essence x2; Carbalite Ore x15,75000,Eltalite Ore x5; RobustWyvernBone x3; Eldr Dragon Bone x5,,Binding Blade+,,,,,,,,,
5,blademaster_weapon,911,Binding Blade+,sword-and-shield,9,vallode,9,,,,Y,322,1.4,230,0%,0,,,"5,3,13,12,2","5,3,13,12,6,1",Osteon Pick+,75000,Eltalite Ore x8; RobustWyvernBone x4; Monster Essence x2; Carbalite Ore x15,75000,Eltalite Ore x5; RobustWyvernBone x3; Eldr Dragon Bone x5,,Binding Blade+,,,,,,,,,
5,blademaster_weapon,912,Feather Knife,sword-and-shield,6,vallode,6,,,,N,266,1.4,190,0%,1,Sleep 150,Sleep 15,"5,3,13,9","5,3,13,12,2",Osteon Pick,50000,OrangeHypnoPelt x5; Top-GrdHypnoClaw x6; Sleep Sac x4; Novacrystal x1,50000,OrangeHypnoPelt x3; Carbalite Ore x4; Velocidrome Clw+ x5; Sleep Sac x2,,Feather Sword,,,,,,,,,
5,blademaster_weapon,913,Feather Sword,sword-and-shield,9,vallode,9,,,,Y,280,1.4,200,0%,2,Sleep 200,Sleep 20,"5,3,13,12,2","5,3,13,12,6,1",Feather Knife,80000,OrangeHypnoPelt+ x5; Eltalite Ore x10; Hypno Bezoar+ x1; Lg Pelagus Fang x2,80000,OrangeHypnoPelt+ x3; Hypno Claw+ x2; Hypno Bezoar x1; HrdCongalalaPlt+ x3,,Hi Feather Sword,,,,,,,,,
5,blademaster_weapon,914,Hi Feather Sword,sword-and-shield,9,vallode,9,,9,,Y,308,1.4,220,0%,2,Sleep 250,Sleep 25,"5,3,13,12,6,1","5,3,13,12,6,4,2",Feather Sword,,,105000,Hypno Claw+ x5; Hypno Bezoar+ x1; Coma Sac x3; Purecrystal x2,,,,,,,,,,,
5,blademaster_weapon,915,Melting Blazer,dual-blades,10,vallode,10,,,,Y,378,1.4,270,0%,2,Fire 200; Poison 200,Fire 20; Poison 20,"7,5,5,16,5,2","7,5,5,16,5,5,2",Melting Wail+,,,115000,HvyGraviosShell x4; HvyBlkGraviosShl x4; HvnlyGraviosShl x1; HvnlyBlkGraviShl x1,,,,,,,,,,,
5,blademaster_weapon,916,ForbiddenRajangClub,sword-and-shield,10,vallode,10,,10,,Y,392,1.4,280,-10%,1,Thunder 250,Thunder 25,"20,1,3,10,5,1","20,1,3,10,5,4,2",Taboo Rajang Club,,,130000,Hard Rajang Horn x2; Blk Rajang Pelt+ x5; GoldRajangPelt+ x1; Eltalite Ore x10,,,,,,,,,,,
5,blademaster_weapon,917,Hexed Shaka Hatchet,sword-and-shield,9,vallode,9,,,,Y,266,1.4,190,0%,2,Poison 480,Poison 48,"10,9,8,3,4,1","10,9,8,3,4,6",Shakalaka Saber,,,75000,ShakalakaTreasr+ x3; DeadlyPoisonSac x5; Machalite Ore x20; Commendation G x1,,Hexed Shaka Sword,,,,,,,,,
5,blademaster_weapon,918,Hexed Shaka Sword,sword-and-shield,9,vallode,9,,,,Y,280,1.4,200,0%,3,Poison 500,Poison 50,"20,1,3,10,5,1","20,1,3,10,5,4,2",Hexed Shaka Hatchet,,,95000,ShakalakaTreasr+ x5; LethrGarugatail x2; HardGypcerosHead x1; Remobra Skull x2,,,,,,,,,,,
5,blademaster_weapon,919,Demonic Flaming Pair,dual-blades,9,vallode,9,,,,Y,350,1.4,250,0%,0,Dragon 180,Dragon 18,"9,1,3,17,5","9,1,3,17,5,5",Crimson Lotus Blades,,,120000,Azure LaoS Horn x2; Azure LaoS Shell x6; Lao-Shan's Thick Scale x4,,Azure Dual Swords,,,,,,,,,
5,blademaster_weapon,920,Azure Dual Swords,dual-blades,10,vallode,10,,10,,Y,378,1.4,270,0%,0,Dragon 210,Dragon 21,"7,3,8,13,5,4","7,3,8,13,5,6,3",Demonic Flaming Pair,,,140000,Azure LaoS Horn x4; Azure LaoS Claw x2; Hvy Gaoren Spine x4; Lao-ShanHvnlyScl x1,,,,,,,,,,,
5,blademaster_weapon,921,Indigo Ogre Sword,sword-and-shield,10,vallode,10,,,,Y,196,1.4,140,0%,2,Dragon 520,Dragon 52,"1,2,3,25,7,2","1,2,3,25,7,5,2",Azure Ogre Sword,,,95000,Lao-Shan'sHvyShl x5; Azure LaoS Claw x2; Lao-ShanHvnlyScl x1; YamaTsukamiFluid x3,,,,,,,,,,,
5,blademaster_weapon,922,True Blk Dragon Swd,sword-and-shield,10,vallode,10,,,,Y,392,1.4,280,-10%,1,Dragon 280,Dragon 28,"7,5,9,11,3","7,5,9,11,6,2",Black Dragon Sword,,,150000,HardFatalisHorn x2; ThckFatalisScale x5; BigEDragonJewel x1,,,,,,,,,,,
5,blademaster_weapon,923,True Blk Ruiner Swd,sword-and-shield,10,vallode,10,,,,Y,350,1.4,250,-20%,1,Dragon 340,Dragon 34,"7,5,9,11,6,2","7,5,9,11,6,4,3",Black Ruiner Sword,,,150000,HrdFatlisCrmHorn x2; ThckFatlisCrmScl x6; BigEDragonJewel x2,,,,,,,,,,,
5,blademaster_weapon,924,Dual Dragon Ultimus+,dual-blades,7,vallode,7,,10,,N,266,1.4,190,0%,0,Dragon 270,Dragon 27,"8,5,5,8","8,5,5,12",Double Dragon,,,90000,Lao-ShanCarapace x5; Lao-Shan's Scale+ x7; Dark Stone x3,,Ultimus Heaven&Earth,,,,,,,,,
5,blademaster_weapon,925,Black Twin Daggers,dual-blades,5,vallode,5,,,,N,196,1.4,140,0%,0,Dragon 120,Dragon 12,"12,5,5,3","12,5,5,8",,15000,Dark Stone x1; Dark Piece x4; Pokke Ticket x1,,,,Fatalis Dual Blades; Ultimus Celestials,,,,,,,,,
5,blademaster_weapon,926,Fatalis Dual Blades,dual-blades,8,vallode,8,,,,N,294,1.4,210,-10%,0,Dragon 350,Dragon 35,"12,5,5,8","12,5,5,10,3",Black Twin Daggers,,,100000,Fatalis Horn x2; Fatalis Shell x4; Daora Jewel x1,,Fatalis Dual Sky,,,,,,,,,
5,blademaster_weapon,927,Fatalis Dual Sky,dual-blades,10,vallode,10,,,,Y,350,1.4,250,-20%,0,Dragon 380,Dragon 38,"9,8,8,7,3","9,8,8,7,4,4",Fatalis Dual Blades,,,150000,HardFatalisHorn x2; Hvy Fatalis Shl x4; BigEDragonJewel x1,,,,,,,,,,,
5,blademaster_weapon,928,Ultimus Celestials,dual-blades,8,vallode,8,,,,N,280,1.4,200,0%,0,Dragon 200; Thunder 200,Dragon 20; Thunder 20,"3,7,15,7,3","3,7,15,7,5,3",Black Twin Daggers,,,100000,Fatalis Horn x2; Wht Fatalis Horn x2; Fatalis DevilEye x2; Chameleos Jewel x3,,Ultimus Apocalypse,,,,,,,,,
5,blademaster_weapon,929,Ultimus Apocalypse,dual-blades,10,vallode,10,,,,Y,364,1.4,260,0%,0,Dragon 300; Thunder 300,Dragon 30; Thunder 30,"3,7,15,7,5,3","3,7,15,7,5,6,2",Ultimus Celestials,,,150000,HardFatalisHorn x2; HrdWhtFatlisHorn x2; Fatalis Evil Eye x2; BigEDragonJewel x3,,,,,,,,,,,
5,blademaster_weapon,930,Daora's Maelstrom,sword-and-shield,10,vallode,10,,,,Y,378,1.4,270,0%,1,Ice 350,Ice 35,"7,5,9,11,6,2","7,5,9,11,6,4,3",Daora's Razor,,,130000,Hard Daora Horn x2; Lthr Daora Tail x3; Hvy Daora Shell x5; BigEDragonJewel x1,,,,,,,,,,,
5,blademaster_weapon,931,Twin Nails,dual-blades,5,vallode,5,,,,N,238,1.4,170,0%,0,Ice 300; Fire 300,Ice 30; Fire 30,"3,7,15,5","3,7,15,7,3",Steel Ice Dagger+,50000,Daora Claw x2; Fire Dragon Claw x2; Teostra Mane x3; Commendation G x2,50000,Fire Dragon Claw x1; Daora Webbing x3; Fire Drgn Webbng x3,,Twin Nails+,,,,,,,,,
5,blademaster_weapon,932,Twin Nails+,dual-blades,5,vallode,5,,,,N,238,1.4,170,0%,0,Ice 300; Fire 300,Ice 30; Fire 30,"3,7,15,5","3,7,15,7,3",Steel Ice Dagger+,50000,Daora Claw x2; Fire Dragon Claw x2; Teostra Mane x3; Commendation G x2,50000,Fire Dragon Claw x1; Daora Webbing x3; Fire Drgn Webbng x3,,Twin Nails+,,,,,,,,,
5,blademaster_weapon,933,Fire and Ice,dual-blades,10,vallode,10,,,,Y,350,1.4,250,0%,0,Ice 450; Fire 450,Ice 45; Fire 45,"3,7,15,7,5,3","3,7,15,7,5,6,2",Twin Nails+,,,130000,HrdFireDrgnClaw x2; Daora Sharp Claw x3; ThckDaoraDrgnScl x5; BigEDragonJewel x2,,,,,,,,,,,
5,blademaster_weapon,934,Eternal Sacrifice,dual-blades,9,vallode,9,,9,,Y,182,1.4,130,0%,1,Dragon 510,Dragon 51,"7,3,8,13,4","7,3,8,13,5,4",Eternal Schism,,,140000,Purecrystal x15; ElderDragonBlood x10; Commendation G x1; Big Wyvern Stone x5,,,,,,,,,,,
5,blademaster_weapon,935,100 Gavas Twin Fans,,,,,,,,,,,,,,,,,,,,,,,,,,,,,,,,,dummy
5,blademaster_weapon,936,"10,000Gavas Twin Fans",,,,,,,,,,,,,,,,,,,,,,,,,,,,,,,,,dummy
5,blademaster_weapon,937,Tigrex Sword+,sword-and-shield,7,vallode,7,,,,N,308,1.4,220,-25%,0,,,"20,1,3,10,5,1","20,1,3,10,5,4,2",Rex Talon,,,80000,Tigrex Claw+ x4; Tigrex Claw x10; Tigrex Carapace x3,,Tigrex Sword+,,,,,,,,,
5,blademaster_weapon,938,Hidden Edge,sword-and-shield,7,vallode,7,,,,N,266,1.4,190,50%,1,,,"5,3,13,12,6,1","5,3,13,12,6,4,2",Rex Talon,80000,Narga Scale+ x6; Black Narga Pelt x8; Narga Tail Spike x8; Narga Brain Stem x1,80000,Black Narga Pelt x6; Narga Scale+ x4; Narga Tail Spike x4,,Midnight Blades,,,,,,,,,
5,blademaster_weapon,939,Midnight Blades,sword-and-shield,10,vallode,10,,10,,Y,336,1.4,240,50%,2,,,"5,3,13,12,6,4,2","5,3,13,12,6,4,2",Hidden Edge,120000,ThickNargaScale x6; HvyNargaTailSpik x10; StrNargaCttngWng x4; HvnlyNargaScale x1,120000,ThickNargaScale x4; HvyNargaTailSpik x8; BlackNargaPelt+ x4; Narga Brain Stem x2,,,,,,,,,,,
5,blademaster_weapon,940,Tigrex Claws+,dual-blades,7,vallode,7,,,,N,308,1.4,220,-25%,0,,,"15,3,9,7,4,2","15,3,9,7,4,5,2",Rex Slicers,,,80000,Tigrex Claw+ x6; Tigrex Fang+ x2; Tigrex Scale x10,,Tigrex Claws+,,,,,,,,,
5,blademaster_weapon,941,Hidden Ones,dual-blades,7,vallode,7,,,,N,266,1.4,190,50%,1,,,"8,5,5,15,5,2","8,5,5,15,5,5,2",Rex Slicers,80000,NargaCuttingWing x8; Narga Scale+ x4; Narga Brain Stem x1; Hrd Monster Bone x4,80000,NargaCuttingWing x4; Narga Scale+ x2; Nargacuga Fang+ x4,,Ebony Wings,,,,,,,,,
5,blademaster_weapon,942,Ebony Wings,dual-blades,10,vallode,10,,10,,Y,336,1.4,240,50%,2,,,"8,5,5,15,5,5,2","8,5,5,15,5,5,2",Hidden Ones,120000,StrNargaCttngWng x10; ThickNargaScale x6; HvyNargacugaFang x4; HvnlyNargaScale x1,120000,StrNargaCttngWng x8; ThickNargaScale x4; Narga Brain Stem x2; Hvy Monster bone x4,,,,,,,,,,,
5,blademaster_weapon,943,Akantor Shadow Claws,dual-blades,10,vallode,10,,10,,Y,462,1.4,330,35%,0,,,"7,5,5,8","7,5,5,13",Akantor Blades,,,145000,Ukanlos Stone x1; Big Wyvern Stone x3; Akantor Claw x5; Akantor Scale x7,,,,,,,,,,,
5,blademaster_weapon,944,Ukanlos Soul Hatchet,sword-and-shield,10,vallode,10,,10,,Y,490,1.4,350,-30%,0,Ice 120,Ice 12,"20,1,3,10,1","20,1,3,10,5,1",,150000,StrongUkanlosFin x2; UkanlosDiggngClw x3; HvyUkanlosShell x5; Ukanlos Stone x1,,,,,,,,,,,,,
5,blademaster_weapon,945,UkanlosRuinerBlades,dual-blades,10,vallode,10,,,,Y,490,1.4,350,-30%,0,Ice 120,Ice 12,"15,3,8,5,1","15,3,8,5,2,1",,150000,StrongUkanlosFin x4; UkanlosUnderscl x6; UkanlosShovelJaw x2; Ukanlos Stone x1,,,,,,,,,,,,,
5,blademaster_weapon,946,Hunter's Dagger G,sword-and-shield,9,vallode,9,,,Y,Y,392,1.4,280,0%,0,,,"8,2,9,12,7,2","8,2,9,12,7,4,3",,100000,Commendation G x1; Iron Ore x40; Machalite Ore x20; Eltalite Ore x10,,,,,,,,,,,,,
5,blademaster_weapon,947,Velocidrome Bite G,sword-and-shield,9,vallode,9,,,Y,Y,378,1.4,270,0%,2,,,"13,1,3,16,6,1","13,1,3,16,6,4,2",,100000,Commendation G x1; Velocidrome Clw+ x10; Velocidrome Hide x15; RobustWyvernBone x10,,,,,,,,,,,,,
5,blademaster_weapon,948,Thunderbane G,sword-and-shield,9,vallode,9,,,Y,Y,364,1.4,260,0%,1,Thunder 190,Thunder 19,"5,3,13,12,6,1","5,3,13,12,6,4,2",,100000,Commendation G x1; SpecRubberyHide+ x5; Eldr Dragon Bone x10; Lightning Sac x5,,,,,,,,,,,,,
5,blademaster_weapon,949,Kirin Bolt Indora G,sword-and-shield,9,vallode,9,,,Y,Y,350,1.4,250,0%,2,Thunder 200,Thunder 20,"5,3,13,12,6,1","5,3,13,12,6,4,2",,100000,Commendation S x1; HrdPuGypcerosWng x5; Thunder Sac x10; KhezuSpecialCut x1,,,,,,,,,,,,,
5,blademaster_weapon,950,Poison Battleaxe G,sword-and-shield,9,vallode,9,,,Y,Y,364,1.4,260,0%,0,Poison 240,Poison 24,"5,3,13,12,6,1","5,3,13,12,6,4,2",,100000,Commendation G x1; SpecRubberyHide+ x5; Med Monster Bone x20; Toxin Sac x10,,,,,,,,,,,,,
5,blademaster_weapon,951,Deadly Battleaxe G,sword-and-shield,9,vallode,9,,,Y,Y,350,1.4,250,0%,0,Poison 350,Poison 35,"5,3,13,12,6,1","5,3,13,12,6,4,2",,100000,Commendation S x1; Pur Gypceros Wng x10; HardGypcerosHead x1; Poison Sac x20,,,,,,,,,,,,,
5,blademaster_weapon,952,Millennium Knife G,sword-and-shield,9,vallode,9,,,Y,Y,308,1.4,220,20%,0,,,"13,1,3,16,6,1","13,1,3,16,6,4,2",,100000,Commendation G x1; Eltalite Ore x5; FlynMealPassPlus x10; Purecrystal x2,,,,,,,,,,,,,
5,blademaster_weapon,953,White Death G,dual-blades,9,vallode,9,,,Y,Y,350,1.4,250,0%,0,Ice 300,Ice 30,"7,3,8,13,5,4","7,3,8,13,5,6,3",,100000,Commendation G x1; Giadrome Claw+ x10; HvyBlangongaFang x3; Giadrome Skull x5,,,,,,,,,,,,,
5,blademaster_weapon,954,Velociprey Claws G,dual-blades,9,vallode,9,,,Y,Y,364,1.4,260,0%,3,,,"7,3,8,13,5,4","7,3,8,13,5,6,3",,100000,Commendation G x1; Velocidrome Clw+ x10; HrdFireWyvernClw x3; Velocidrome Head x5,,,,,,,,,,,,,
5,blademaster_weapon,955,Snake Bite G,sword-and-shield,9,vallode,9,,,Y,Y,392,1.4,280,0%,0,,,"5,3,13,12,6,1","5,3,13,12,6,4,2",,100000,Commendation G x1; Giaprey Scale+ x10; Giaprey Hide x50; RobustWyvernBone x10,,,,,,,,,,,,,
5,blademaster_weapon,956,Deathprize G,sword-and-shield,9,vallode,9,,,Y,Y,322,1.4,230,0%,2,Paralysis 260,Paralysis 26,"8,2,9,12,7,2","8,2,9,12,7,4,3",,100000,Commendation G x1; Genprey Scale+ x10; Genprey Fang x30; Thunderbug Jelly x8,,,,,,,,,,,,,
5,blademaster_weapon,957,Deadly Poison G,sword-and-shield,9,vallode,9,,,Y,Y,336,1.4,240,0%,1,Poison 360,Poison 36,"13,1,3,16,6,1","13,1,3,16,6,4,2",,100000,Commendation G x1; Ioprey Scale+ x10; Ioprey Fang x30; DeadlyPoisonSac x8,,,,,,,,,,,,,
5,blademaster_weapon,958,Queen Rapier G,sword-and-shield,10,vallode,10,,10,Y,Y,322,1.4,230,15%,2,Poison 420,Poison 42,"8,2,9,12,7,2","8,2,9,12,7,4,3",,100000,Commendation S x1; Rathian Carapace x8; Rathian Spike+ x5; DeadlyPoisonSac x5,,,,,,,,,,,,,
5,blademaster_weapon,959,Hi Frost Edge G,sword-and-shield,9,vallode,9,,,Y,Y,322,1.4,230,0%,2,Ice 420,Ice 42,"5,3,13,12,6,4,2","5,3,13,12,6,4,2",,100000,Commendation G x1; Ice Crystal x20; Purecrystal x2; HvyBlangongaFang x4,,,,,,,,,,,,,
5,blademaster_weapon,960,Dual Tomahawk G,dual-blades,9,vallode,9,,,Y,Y,420,1.4,300,0%,0,,,"3,7,15,7,3","3,7,15,7,5,3",,100000,Commendation G x1; Antiseptic Stone x10; Dragonite Ore x15; Eltalite Ore x10,,,,,,,,,,,,,
5,blademaster_weapon,961,Holy Saber G,dual-blades,9,vallode,9,,,Y,Y,364,1.4,260,0%,1,Water 190,Water 19,"7,3,8,13,5,4","7,3,8,13,5,6,3",,100000,Commendation G x1; Purecrystal x4; Carbalite Ore x15; Killer Beetle x25,,,,,,,,,,,,,
5,blademaster_weapon,962,Hi Ninja Sword G,sword-and-shield,10,vallode,10,,,Y,Y,336,1.4,240,40%,0,,,"1,2,3,25,7,2","1,2,3,25,7,5,2",,100000,Commendation S x1; Hard Daora Horn x2; SpecRemobraSkin+ x10; Commendation x10,,,,,,,,,,,,,
5,blademaster_weapon,963,Insector G,dual-blades,9,vallode,9,,,Y,Y,350,1.4,250,0%,0,,,"7,5,5,16,5,5,2","7,5,5,16,5,5,2",,100000,Commendation G x1; Vespoid Razorwing x8; Vespoid Carapace x15; HornetaurInnrWng x20,,,,,,,,,,,,,
5,blademaster_weapon,964,Glutton's Set G,dual-blades,9,vallode,9,,,Y,Y,322,1.4,230,20%,2,,,"15,3,9,7,4,5,2","15,3,9,7,4,5,2",,100000,Commendation G x1; FlynMealPassReg x10; Mellanje Ore x8; StrBasariosWing x2,,,,,,,,,,,,,
5,blademaster_weapon,965,Spatula Set G,dual-blades,9,vallode,9,,,Y,Y,336,1.4,240,0%,3,,,"15,3,9,7,4,2","15,3,9,7,4,5,2",,100000,Commendation G x1; FlynMealPassPlus x10; Eltalite Ore x10; HvyBasariosShell x6,,,,,,,,,,,,,
5,blademaster_weapon,966,Odyssey G,sword-and-shield,9,vallode,9,,,Y,Y,336,1.4,240,0%,1,Water 300,Water 30,"20,1,3,10,5,1","20,1,3,10,5,4,2",,100000,Commendation G x1; Eltalite Ore x5; HvyGraviosShell x8; Rathian Plate x5,,,,,,,,,,,,,
5,blademaster_weapon,967,Serpent Bite G,sword-and-shield,9,vallode,9,,9,Y,Y,364,1.4,260,0%,3,,,"5,3,13,12,6,1","5,3,13,12,6,4,2",,100000,Commendation G x1; Velociprey Scle+ x10; Velociprey Fang x30; RobustWyvernBone x10,,,,,,,,,,,,,
5,blademaster_weapon,968,Cyclone G,dual-blades,9,vallode,9,,,Y,Y,378,1.4,270,0%,2,,,"7,5,5,16,5,2","7,5,5,16,5,5,2",,100000,Commendation G x1; Earth Crystal x35; Carbalite Ore x20; Mellanje Ore x10,,,,,,,,,,,,,
5,blademaster_weapon,969,PrototypeSaw-Slicr G,dual-blades,9,vallode,9,,,Y,Y,364,1.4,260,0%,0,Thunder 100,Thunder 10,"9,1,3,17,5,5","9,1,3,17,5,6,4",,100000,Commendation G x1; Kirin Azure Horn x5; Rubbery Hide+ x20; Lightning Sac x8,,,,,,,,,,,,,
5,blademaster_weapon,970,Chief Kris G,sword-and-shield,9,vallode,9,,,Y,Y,392,1.4,280,0%,0,,,"5,3,13,12,6,1","5,3,13,12,6,4,2",,100000,Commendation G x1; Sm Monster Bone x20; Stout Bone x10; RobustWyvernBone x8,,,,,,,,,,,,,
5,blademaster_weapon,971,Monoblos Club G,sword-and-shield,9,vallode,9,,,Y,Y,378,1.4,270,20%,0,,,"13,1,3,16,6,1","13,1,3,16,6,4,2",,100000,Commendation G x1; Top-GrdRedHorn x2; MonoblosThoracic x4; Hvy Monster Bone x8,,,,,,,,,,,,,
5,blademaster_weapon,972,Spiked Bat G,sword-and-shield,9,vallode,9,,,Y,Y,378,1.4,270,20%,1,,,"8,2,9,12,7,2","8,2,9,12,7,4,3",,100000,Commendation G x1; StoutWarpedHorn x2; HvyDiablosSpine x3; Blos Fang x15,,,,,,,,,,,,,
5,blademaster_weapon,973,Dual Diablo G,dual-blades,9,vallode,9,,,Y,Y,406,1.4,290,-5%,2,,,"12,5,5,10,8","12,5,5,10,8,3,2",,100000,Commendation G x1; Majestic Horn x4; MonoblosCarapace x8; LthrDiablosTail x3,,,,,,,,,,,,,
5,blademaster_weapon,974,Kirin Bolt G,sword-and-shield,9,vallode,9,,,Y,Y,364,1.4,260,0%,0,Thunder 230,Thunder 23,"2,5,18,5,7,3","2,5,18,5,7,4,4",,100000,Commendation G x1; Kirin Horn x3; Kirin Mane x15; SpecRubberyHide+ x5,,,,,,,,,,,,,
5,blademaster_weapon,975,Kirin Bolt+ G,sword-and-shield,9,vallode,9,,,Y,Y,364,1.4,260,0%,0,Thunder 230,Thunder 23,"2,5,18,5,7,3","2,5,18,5,7,4,4",,100000,Commendation G x1; Kirin Horn x3; Kirin Mane x15; SpecRubberyHide+ x5,,,,,,,,,,,,,
5,blademaster_weapon,976,Thor's Dagger G,sword-and-shield,10,vallode,10,,,Y,Y,336,1.4,240,0%,2,Thunder 390,Thunder 39,"5,3,13,12,6,1","5,3,13,12,6,4,2",,100000,Commendation S x1; Kirin Azure Horn x3; SpecialKirinHide x5; HrdPuGypcerosWng x5,,,,,,,,,,,,,
5,blademaster_weapon,977,Kirin Bolts G,dual-blades,10,vallode,10,,,Y,Y,336,1.4,240,0%,1,Thunder 250,Thunder 25,"3,7,15,7,5,3","3,7,15,7,5,6,2",,100000,Commendation G x1; Kirin Azure Horn x3; Kirin Horn x3; LthrKirinThndrTl x5,,,,,,,,,,,,,
5,blademaster_weapon,978,Sandman Finsword G,sword-and-shield,9,vallode,9,,,Y,Y,294,1.4,210,0%,1,Sleep 230,Sleep 23,"7,5,9,11,6,2","7,5,9,11,6,4,3",,100000,Commendation G x1; SpecPlesiothFin+ x5; Cephalos Fin+ x5; Sleepyfish x10,,,,,,,,,,,,,
5,blademaster_weapon,979,High Sandman Spike G,sword-and-shield,9,vallode,9,,,Y,Y,280,1.4,200,0%,2,Sleep 320,Sleep 32,"7,5,9,11,6,2","7,5,9,11,6,4,3",,100000,Commendation S x1; SpecGrnPlesioFn+ x5; Coral Cphlos Fin x5; Coma Sac x5,,,,,,,,,,,,,
5,blademaster_weapon,980,Djinn G,sword-and-shield,9,vallode,9,,,Y,Y,350,1.4,250,0%,0,Fire 310,Fire 31,"8,2,9,12,7,2","8,2,9,12,7,4,3",,100000,Commendation S x1; FireWyvern Fluid x20; Hrd Rathalos Scl x5; Rathalos Ruby x1,,,,,,,,,,,,,
5,blademaster_weapon,981,Blazing Falchion G,sword-and-shield,10,vallode,10,,,Y,Y,336,1.4,240,0%,2,Fire 380,Fire 38,"7,5,9,11,6,2","7,5,9,11,6,4,3",,100000,Commendation S x1; StrRathalosWing x2; HvyRathalosShl x5; FireWyvrn Marrow x5,,,,,,,,,,,,,
5,blademaster_weapon,982,Corona G,sword-and-shield,10,vallode,10,,,Y,Y,322,1.4,230,0%,1,Fire 440,Fire 44,"7,5,9,11,6,2","7,5,9,11,6,4,3",,100000,Commendation S x1; Hrd Rathalos Scl x8; Blazing Fire Sac x5; Rathalos Plate x5,,,,,,,,,,,,,
5,blademaster_weapon,983,Gradios Ultimus G,dual-blades,10,vallode,10,,,Y,Y,336,1.4,240,0%,1,Fire 350,Fire 35,"9,8,8,7,4,4","9,8,8,7,4,6,3",,100000,Commendation G x1; StrRathalosWing x3; Rathian Thorn x3; FireWyvrn BrnStm x5,,,,,,,,,,,,,
5,blademaster_weapon,984,Bone Scythe G,dual-blades,9,vallode,9,,,Y,Y,392,1.4,280,0%,1,,,"7,3,8,13,5,4","7,3,8,13,5,6,3",,100000,Commendation G x1; Brute Bone x30; Piercing Claw x8,,,,,,,,,,,,,
5,blademaster_weapon,985,Limb Cutter G,dual-blades,9,vallode,9,,,Y,Y,336,1.4,240,20%,2,,,"12,5,5,10,8,3,2","12,5,5,10,8,3,2",,100000,Commendation G x1; HrdCeanataurClaw x4; HvyCeanataurLeg x2; Ceanataur Carpce x10,,,,,,,,,,,,,
5,blademaster_weapon,986,Cutlass G,dual-blades,9,vallode,9,,,Y,Y,350,1.4,250,0%,2,Water 230,Water 23,"7,3,8,13,5,4","7,3,8,13,5,6,3",,100000,Commendation G x1; ThckPlesiothScl x7; Plesioth Fin+ x10; Cephalos Scale+ x15,,,,,,,,,,,,,
5,blademaster_weapon,987,Dual Kut-Ku G,dual-blades,9,vallode,9,,,Y,Y,364,1.4,260,0%,2,Fire 150,Fire 15,"3,7,15,7,5,3","3,7,15,7,5,6,2",,100000,Commendation G x1; Lucky Kut-Ku Ear x4; Kut-Ku Scale+ x10; Blazing Fire Sac x4,,,,,,,,,,,,,
5,blademaster_weapon,988,Funky Maracas G,dual-blades,9,vallode,9,,,Y,Y,378,1.4,270,0%,2,,,"3,7,15,7,5,3","3,7,15,7,5,6,2",,100000,Commendation G x1; HrdCongalalaPlt+ x8; Lg Pelagus Fang x4; Conga Pelt+ x16,,,,,,,,,,,,,
5,blademaster_weapon,989,Osteon Pick G,sword-and-shield,9,vallode,9,,9,Y,Y,378,1.4,270,0%,2,,,"2,5,18,5,7,3","2,5,18,5,7,4,4",,100000,Commendation G x1; Brute Bone x50; Monster Bone+ x10; Massive Bone x8,,,,,,,,,,,,,
5,blademaster_weapon,990,Catburglar G,sword-and-shield,9,vallode,9,,,Y,Y,294,1.4,210,0%,0,Paralysis 300,Paralysis 30,"8,2,9,12,4","8,2,9,12,7,2",,100000,Commendation G x1; Pawprint Stamp x10; Barrel Lid x5; Thunderbug Jelly x15,,,,,,,,,,,,,
5,blademaster_weapon,991,Melynx Tool G,sword-and-shield,10,vallode,10,,10,Y,Y,280,1.4,200,0%,1,Paralysis 380,Paralysis 38,"5,3,13,12,2","5,3,13,12,6,1",,100000,Commendation G x1; FlynMealPassPlus x10; Felyne Fur Ruby x5; YamaTsukamiFluid x3,,,,,,,,,,,,,
5,blademaster_weapon,992,Shakalaka Saber G,sword-and-shield,10,vallode,10,,,Y,Y,280,1.4,200,0%,2,Poison 450,Poison 45,"10,9,8,3,4,1","10,9,8,3,4,6",,100000,Commendation G x1; ShakaInheritance x10; ShakalakaTreasr+ x3; DeadlyPoisonSac x5,,,,,,,,,,,,,
5,blademaster_weapon,993,CrimsonLotusBlades G,dual-blades,10,vallode,10,,,Y,Y,364,1.4,260,0%,0,Dragon 150,Dragon 15,"7,3,8,13,5,4","7,3,8,13,5,6,3",,100000,Commendation G x1; Lao-Shan's Horn x2; Lao-Shan'sHvyShl x6; ThckFireDrgnScl x6,,,,,,,,,,,,,
5,blademaster_weapon,994,Master's Blade G,sword-and-shield,10,vallode,10,,,Y,Y,364,1.4,260,40%,2,,,"1,2,3,25,7,2","1,2,3,25,7,5,2",,100000,Commendation S x1; Commendation G x5; Monoblos Heart x3; Ukanlos Stone x1,,,,,,,,,,,,,
5,blademaster_weapon,995,Legendary Blades G,dual-blades,10,vallode,10,,,Y,Y,392,1.4,280,0%,2,,,"9,1,3,17,5,5","9,1,3,17,5,6,4",,100000,Commendation G x1; Commendation S x5; ElderDragonBlood x10; Ukanlos Stone x1,,,,,,,,,,,,,
5,blademaster_weapon,996,Eternal Treasure G,sword-and-shield,10,vallode,10,,,Y,Y,350,1.4,250,0%,3,Dragon 120,Dragon 12,"5,3,13,12,6,1","5,3,13,12,6,4,2",,100000,Commendation S x1; Commendation G x5; Purecrystal x5; Lao-ShanHvnlyScl x1,,,,,,,,,,,,,
5,blademaster_weapon,997,DualDragonUltimus G,dual-blades,10,vallode,10,,,Y,Y,350,1.4,250,0%,1,Dragon 270,Dragon 27,"7,5,5,16,5,2","7,5,5,16,5,5,2",,100000,Commendation G x1; Lao-Shan'sThkScl x5; ThckFatalisScale x5; Dark Stone x10,,,,,,,,,,,,,
5,blademaster_weapon,998,Warrior's Sword,sword-and-shield,10,vallode,10,,,,Y,336,1.4,240,0%,3,Paralysis 140,Paralysis 14,"13,1,3,16,6,1","13,1,3,16,6,4,2",Expert Sword,,,75000,Hvy Monster Bone x4; Legend Coin G x2; BlackBeltCoinG x8; Commendation G x1,,,,,,,,,,,
5,blademaster_weapon,999,Tarnished Sword G,sword-and-shield,9,vallode,9,,,Y,Y,448,1.4,320,0%,0,,,"10,9,6","10,9,8,3",,100000,Commendation G x1; Small Ruststone x5,,,,,,,,,,,,,
5,blademaster_weapon,1000,Worn Blades G,dual-blades,9,vallode,9,,,Y,Y,448,1.4,320,0%,0,,,"9,8,8","9,8,8,5",,100000,Commendation G x1; Sm Ancient Stone x3,,,,,,,,,,,,,
5,blademaster_weapon,1001,Eternal Strife G,sword-and-shield,9,vallode,9,,,Y,Y,196,1.4,140,0%,0,Dragon 520,Dragon 52,"5,3,13,12,2","5,3,13,12,6,1",,100000,Commendation S x1; Sm Ancient Stone x3; ElderDragonBlood x10; Big Wyvern Stone x3,,,,,,,,,,,,,
5,blademaster_weapon,1002,Silhouette Sabers G,dual-blades,10,vallode,10,,10,Y,Y,336,1.4,240,0%,3,Ice 400,Ice 40,"3,7,15,7,5,3","3,7,15,7,5,6,2",,100000,Commendation G x1; ThckDaoraDrgnScl x5; Eltalite Ore x10; ElderDragonBlood x10,,,,,,,,,,,,,
5,blademaster_weapon,1003,ShiningWyvernBlade G,sword-and-shield,10,vallode,10,,10,Y,Y,406,1.4,290,0%,0,,,"2,5,18,5,7,3","2,5,18,5,7,4,4",,100000,Commendation S x1; HvyGldRathianShl x10; HvySlvrRthlsShl x10; Big Wyvern Stone x5,,,,,,,,,,,,,
5,blademaster_weapon,1004,Red Lobster Claws,,9,daigo,,,9,,Y,,,,,,,,,,,,,,,,,,,,,,,,,dummy
5,blademaster_weapon,1005,Blacksmith,hammer,9,vallode,9,,,,Y,1196,5.2,230,0%,2,,,"3,2,17,12,4,2","3,2,17,12,4,5,2",Onslaught Hammer,75000,Eltalite Ore x10; Union Ore x10; Piercing Claw x4; RobustWyvernBone x5,75000,Eltalite Ore x5; Carbalite Ore x20; Emperor Cricket x7,,Juggernaut; Lava Alphorn,,,,,,,,,
5,blademaster_weapon,1006,Juggernaut,hammer,9,vallode,9,,9,,Y,1404,5.2,270,0%,2,,,"6,4,8,12,6,4","6,4,8,12,6,5,4",Blacksmith,,,100000,Mellanje Ore x5; RobustWyvernBone x8; PhantomButterfly x5,,,,,,,,,,,
5,blademaster_weapon,1007,Lava Alphorn,hunting-horn,9,vallode,9,,,,Y,1248,5.2,240,-5%,1,Fire 270,Fire 27,"5,4,14,10,2","5,4,14,10,4,3",Blacksmith,100000,ThckLavasiothScl x8; HvyLavasiothShl x6; Hvy Monster Bone x8; Screamer x8,100000,ThckLavasiothScl x4; SpecLavasioFin+ x2; Screamer x4,,Volcano Alphorn,,,,,,,,,
5,blademaster_weapon,1008,Volcano Alphorn,hunting-horn,10,vallode,10,,10,,Y,1404,5.2,270,-10%,1,Fire 300,Fire 30,"5,4,14,10,4,3","5,4,14,10,4,6,2",Lava Alphorn,,,120000,Eltalite Ore x5; SpecLavasioFin+ x4; PhantomButterfly x3; HvyGraviosShell x2,,,,,,,,,,,
5,blademaster_weapon,1009,Gaoren Zhong,hunting-horn,10,vallode,10,,10,,Y,1560,5.2,300,0%,1,,,"9,2,13,7,5,4","9,2,13,7,5,6,3",Gaoren Bell,,,130000,Hard Gaoren Claw x2; Hvy Gaoren Spine x4; HvyGaorenShell x6; HvnlyGaorenShell x1,,,,,,,,,,,
5,blademaster_weapon,1010,Gold Recorder+,hunting-horn,8,vallode,8,,,,N,988,5.2,190,0%,1,Dragon 380,Dragon 38,"3,2,17,12,1","3,2,17,12,4,2",Sakura Recorder+,,,75000,Gld Rathian Scl+ x6; Gld Rathian Cpc x4; Small Goldenfish x20,,Gold Recorder+,,,,,,,,,
5,blademaster_weapon,1011,Lunar Recorder,hunting-horn,10,vallode,10,,,,Y,1300,5.2,250,0%,2,Dragon 420,Dragon 42,"10,1,3,17,6,3","10,1,3,17,6,5,3",Gold Recorder+,,,125000,ThckGldRathnScl x7; HvyGldRathianShl x5; HvnlyRathianScl x1,,,,,,,,,,,
5,blademaster_weapon,1012,Regulation GunHammer,hammer,9,vallode,9,,,,Y,1092,5.2,210,0%,2,Fire 520,Fire 52,"8,7,7,11,5,2","8,7,7,11,5,5,2",Sanctioned Gunhammer,95000,Eltalite Ore x10; Blazing Fire Sac x6; Firecell Stone x10; FireWyvrn BrnStm x2,95000,Eltalite Ore x5; Blazing Fire Sac x4; Monster Essence x2,,ImperialGunHmmrSpark,,,,,,,,,
5,blademaster_weapon,1013,ImperialGunHmmrSpark,hammer,10,vallode,10,,10,,Y,1248,5.2,240,0%,2,Fire 540,Fire 54,"10,1,3,17,6,3","10,1,3,17,6,5,3",Regulation GunHammer,,,120000,Eltalite Ore x20; ThickNargaScale x5; HvnlyBlkGraviShl x5; Wyvern Stone x3,,,,,,,,,,,
5,blademaster_weapon,1014,Ceanataur Head Axe,hammer,7,vallode,7,,,,N,1144,5.2,220,0%,0,,,"6,4,8,12,5","6,4,8,12,6,4",Bone Great Axe,60000,Ceanataur Carpce x6; Ceanataur Claw+ x4; Ceanataur Leg x2; Carbalite Ore x10,60000,Ceanataur Carpce x4; Ceanataur Pincer x2; Carbalite Ore x6; King Scarab x4,,Big Blue Chopper; Carmine Axe,,,,,,,,,
5,blademaster_weapon,1015,Big Blue Chopper,hammer,10,vallode,10,,10,,Y,1300,5.2,250,0%,1,,,"6,4,8,12,6,5,4","6,4,8,12,6,5,4",Ceanataur Head Axe,,,110000,HvyCeanataurShl x4; HrdCeanataurClaw x2; HvyCeanataurLeg x3; Eltalite Ore x4,,,,,,,,,,,
5,blademaster_weapon,1016,Carmine Axe,hammer,9,vallode,9,,,,Y,1196,5.2,230,15%,0,Water 280,Water 28,"14,4,6,7,4,5","14,4,6,7,4,6,4",Ceanataur Head Axe,85000,TerraCeanatrShl x6; TerraCeanatrClaw x4; Ceanataur Pincer x10; Eltalite Ore x10,85000,TerraCeanatrShl x4; TerraCeanatrClaw x2; HvyCeanataurLeg x2,,The Great Divider,,,,,,,,,
5,blademaster_weapon,1017,The Great Divider,hammer,10,vallode,10,,10,,Y,1248,5.2,240,15%,0,Water 300,Water 30,"3,2,17,12,4,5,2","3,2,17,12,4,5,2",Carmine Axe,,,115000,TerraCeanatrShl x2; HvyBlkGraviosShl x1; Hard Gaoren Claw x2; Giant Blk Pearl x2,,,,,,,,,,,
5,blademaster_weapon,1018,Heavy Bagpipe,hunting-horn,6,vallode,6,,,,N,1040,5.2,200,-5%,1,,,"3,2,17,8","3,2,17,12,1",Great Bagpipe,,,40000,Carbalite Ore x10; Dragonite Ore x15; Basarios Shell x6,,Heavy Bagpipe+,,,,,,,,,
5,blademaster_weapon,1019,Heavy Bagpipe+,hunting-horn,6,vallode,6,,,,N,1040,5.2,200,-5%,1,,,"3,2,17,8","3,2,17,12,1",Great Bagpipe,,,40000,Carbalite Ore x10; Dragonite Ore x15; Basarios Shell x6,,Heavy Bagpipe+,,,,,,,,,
5,blademaster_weapon,1020,Master Bagpipe,hunting-horn,9,vallode,9,,,,Y,1404,5.2,270,-5%,1,,,"8,7,7,11,2","8,7,7,11,5,2",Heavy Bagpipe+,,,85000,Eltalite Ore x5; HvyBasariosShell x6; Narga Brain Stem x1,,Sforzando,,,,,,,,,
5,blademaster_weapon,1021,Sforzando,hunting-horn,9,vallode,9,,9,,Y,1508,5.2,290,-5%,1,,,"3,2,17,12,4,2","3,2,17,12,4,5,2",Master Bagpipe,,,110000,Eltalite Ore x10; StrBasariosWing x1; HvyGraviosShell x4,,,,,,,,,,,
5,blademaster_weapon,1022,Super Nova,hammer,9,vallode,9,,9,,Y,1352,5.2,260,0%,2,Thunder 450,Thunder 45,"8,7,7,11,5,2","8,7,7,11,5,5,2",Great Nova,,,100000,Purecrystal x3; Lightning Sac x5; LthrKirinThndrTl x2; StrBasariosWing x2,,,,,,,,,,,
5,blademaster_weapon,1023,VenomousCraterMaker,hammer,9,vallode,9,,,,Y,1300,5.2,250,0%,2,Poison 220,Poison 22,"8,7,7,11,5,2","8,7,7,11,5,5,2",Crater Maker,,,90000,HvyBlkGraviosShl x5; HvyGraviosShell x2; LethrGarugaTail x4; DeadlyPoisonSac x5,,Glasya-Labolas,,,,,,,,,
5,blademaster_weapon,1024,Glasya-Labolas,hammer,10,vallode,10,,10,,Y,1404,5.2,270,0%,2,Poison 240,Poison 24,"14,4,6,7,4,5","14,4,6,7,4,6,4",VenomousCraterMaker,,,115000,HvyBlkGraviosShl x10; SpecChameleHide+ x3; StrBasariosWing x2; HvnlyBlkGraviShl x1,,,,,,,,,,,
5,blademaster_weapon,1025,Volcanic Gig,hunting-horn,9,vallode,9,,9,,Y,1300,5.2,250,0%,2,Fire 400,Fire 40,"8,7,7,11,5,2","8,7,7,11,5,5,2",Volcanic Rock,,,95000,HvyBasariosShell x5; StrBasariosWing x1; Blazing Fire Sac x8; Machalite Ore x50,,,,,,,,,,,
5,blademaster_weapon,1026,Devil Masher+,hammer,8,vallode,8,,,,N,1040,5.2,200,0%,1,Paralysis 140,Paralysis 14,"6,4,8,12","6,4,8,12,5",Great Demon Hammer,,,55000,Gendrome Skull x3; Vespoid Abdomen x3; Gld Rathian Cpc x3,,Devil Masher+,,,,,,,,,
5,blademaster_weapon,1027,Iron Devil's Soul,hammer,9,vallode,9,,9,,Y,1300,5.2,250,0%,1,Paralysis 170,Paralysis 17,"6,4,8,12,6,4","6,4,8,12,6,5,4",Devil Masher+,,,105000,Eltalite Ore x10; HvyGldRathianShl x5; YamaTsukamiFluid x2,,,,,,,,,,,
5,blademaster_weapon,1028,Iron Repellant,hammer,9,vallode,9,,9,,Y,1456,5.2,280,0%,3,,,"6,4,8,12,5","6,4,8,12,6,4",Iron Impact,,,85000,Mellanje Ore x10; Iron Ore x90; HvyLavasiothShl x5; Rainbow Ore x10,,,,,,,,,,,
5,blademaster_weapon,1029,Icy Impact,hammer,9,vallode,9,,,,Y,1196,5.2,230,0%,2,Ice 240,Ice 24,"5,4,14,10,2","5,4,14,10,4,3",Iron Impact,75000,Eltalite Ore x12; Ice Crystal x20; Blangonga Pelt+ x20; Monster Essence x5,75000,Ice Crystal x10; Eltalite Ore x8; Emperor Cricket x10; DaoraDragonScal+ x5,,Axion,,,,,,,,,
5,blademaster_weapon,1030,Axion,hammer,9,vallode,9,,9,,Y,1352,5.2,260,0%,2,Ice 280,Ice 28,"5,4,14,10,4,3","5,4,14,10,4,6,2",Icy Impact,,,100000,Ice Crystal x20; Purecrystal x2; HrdBlangongaPlt+ x10; HvyBasariosShell x3,,,,,,,,,,,
5,blademaster_weapon,1031,Foolhardy Stone Fist,hammer,10,vallode,10,,10,,Y,1664,5.2,320,-20%,2,,,"8,7,7,8","8,7,7,11,2",Fist of Fury,,,110000,Mellanje Ore x10; Gaoren Carapace x10; Lao-Shan'sHvyShl x5,,,,,,,,,,,
5,blademaster_weapon,1032,Feather Whistle,hunting-horn,6,vallode,6,,,,N,780,5.2,150,0%,1,Sleep 120,Sleep 12,"3,2,17,8","3,2,17,12,1",Kut-Ku Pick,50000,Top-GrdHypnoClaw x10; OrangeHypnoPelt x8; Earth Crystal x20; Carbalite Ore x10,50000,Top-GrdHypnoClaw x5; OrangeHypnoPelt x3; Dragonite Ore x8,,Hypno Whistle,,,,,,,,,
5,blademaster_weapon,1033,Hypno Whistle,hunting-horn,9,vallode,9,,,,Y,884,5.2,170,0%,1,Sleep 150,Sleep 15,"3,2,17,12,1","3,2,17,12,4,2",Feather Whistle,80000,OrangeHypnoPelt+ x8; Hypno Claw+ x16; Eltalite Ore x15; Hypno Bezoar+ x1,80000,Top-GrdHypnoClaw x12; OrangeHypnoPelt+ x5; Eltalite Ore x10; Hypno Bezoar x1,,Hypno Slide Whistle,,,,,,,,,
5,blademaster_weapon,1034,Hypno Slide Whistle,hunting-horn,9,vallode,9,,,,Y,1040,5.2,200,0%,1,Sleep 180,Sleep 18,"3,2,17,12,4,2","3,2,17,12,4,5,2",Hypno Whistle,,,105000,Hypno Claw+ x8; RainbowTailFeath x5; Hypno Bezoar+ x1; Coma sac x3,,,,,,,,,,,
5,blademaster_weapon,1035,Crow Torrent,hammer,9,vallode,9,,9,,Y,1352,5.2,260,40%,2,,,"14,4,6,7,4,5","14,4,6,7,4,6,4",Wolf Torrent,,,105000,Rejuvenated Beak x2; SilverGarugaPelt x5; ThickGarugaScale x5; Hvy Monster Bone x2,,,,,,,,,,,
5,blademaster_weapon,1036,Wolf Shamisen,hunting-horn,7,vallode,7,,,,N,1040,5.2,200,0%,0,Poison 150,Poison 15,"8,7,7,11,2","8,7,7,11,5,2",Wolf Torrent,65000,Garuga Scale+ x8; Garuga Carapace x3; Garuga Tail x2; Garuga Wing x4,65000,Garuga Scale+ x4; Garuga Tail x1; Garuga Wing x2; Garuga Mane x4,,Crow Shamisen,,,,,,,,,
5,blademaster_weapon,1037,Crow Shamisen,hunting-horn,9,vallode,9,,,,Y,1404,5.2,270,0%,0,Poison 180,Poison 18,"8,7,7,11,5,2","8,7,7,11,5,5,2",Wolf Shamisen,,,105000,LethrGarugaTail x2; Str Garuga Wing x2; SilverGarugaPelt x2; ThickGarugaScale x8,,,,,,,,,,,
5,blademaster_weapon,1038,Mysterious Jaw,hammer,9,vallode,9,,9,,Y,1144,5.2,220,30%,2,,,"19,2,5,7,4,3","19,2,5,7,4,5,3",Violence Hammer,,,80000,Splendid Beak x2; ThkBlueKut-KuScl x4; HvyBlueKut-KuShl x6; Lucky Kut-Ku Ear x2,,,,,,,,,,,
5,blademaster_weapon,1039,Purple Mace,hammer,9,vallode,9,,,,Y,1092,5.2,210,15%,1,Poison 380,Poison 38,"19,2,5,7,4,3","19,2,5,7,4,5,3",Death Venom Hammer,,,85000,HrdPuGypcerosWng x5; DeadlyPoisonSac x5; Pur Gypceros Wng x7,,Pitohui Bird Mace,,,,,,,,,
5,blademaster_weapon,1040,Pitohui Bird Mace,hammer,9,vallode,9,,9,,Y,1248,5.2,240,15%,1,Poison 400,Poison 40,"9,2,13,7,5,4","9,2,13,7,5,6,3",Purple Mace,,,110000,HrdPuGypcerosWng x5; HardGypcerosHead x1; LethrGarugaTail x2; Rejuvenated Beak x3,,,,,,,,,,,
5,blademaster_weapon,1041,Blood Flute+,hunting-horn,7,vallode,7,,,,N,988,5.2,190,0%,1,Thunder 380,Thunder 38,"14,4,6,7,4","14,4,6,7,4,5",Blood Horn,,,50000,Alluring Webbing x6; Wyvern Stone x2; Thunder Sac x5,,Blood Flute+,,,,,,,,,
5,blademaster_weapon,1042,Brute Flute,hunting-horn,9,vallode,9,,,,Y,1300,5.2,250,0%,1,Thunder 420,Thunder 42,"14,4,6,7,4,5","14,4,6,7,4,6,4",Blood Flute+,,,115000,StrAlluringWing x6; KhezuSpecialCut x1; BigEDragonBone x2,,,,,,,,,,,
5,blademaster_weapon,1043,Purse Bop,hammer,7,vallode,7,,,,N,1040,5.2,200,0%,0,Thunder 200,Thunder 20,"5,4,14,10,2","5,4,14,10,4,3",Khezu Horn+,50000,Khezu Hide - Tan x8; Carbalite Ore x10; Thunder Sac x5; Pale Bone x2,50000,Khezu Hide - Tan x5; Dragonite Ore x10; Thunder Sac x3; Thunderbug x20,,Purse Bop+,,,,,,,,,
5,blademaster_weapon,1044,Purse Bop+,hammer,7,vallode,7,,,,N,1040,5.2,200,0%,0,Thunder 200,Thunder 20,"5,4,14,10,2","5,4,14,10,4,3",Khezu Horn+,50000,Khezu Hide - Tan x8; Carbalite Ore x10; Thunder Sac x5; Pale Bone x2,50000,Khezu Hide - Tan x5; Dragonite Ore x10; Thunder Sac x3; Thunderbug x20,,Purse Bop+,,,,,,,,,
5,blademaster_weapon,1045,Khezu Thunder,hammer,10,vallode,10,,10,,Y,1456,5.2,280,0%,1,Thunder 250,Thunder 25,"9,2,13,7,5,4","9,2,13,7,5,6,3",Purse Bop+,,,120000,KhezuHide-Cream x8; Thunderbug Jelly x5; KhezuSpecialCut x1; YamaTsukamiFluid x2,,,,,,,,,,,
5,blademaster_weapon,1046,Shell Castanet,hunting-horn,7,vallode,7,,,,N,1040,5.2,200,0%,0,Water 220,Water 22,"10,1,3,17,4","10,1,3,17,6,3",Ancient Relic,50000,Hermitaur Carpce x6; Ceanataur Carpce x3; Hermitaur Claw+ x2; Rubbery Hide+ x4,50000,Hermitaur Carpce x4; Ceanataur Carpce x2; Hermitaur Claw+ x1,,Shell Castanet+; Crabby Castanet,,,,,,,,,
5,blademaster_weapon,1047,Shell Castanet+,hunting-horn,7,vallode,7,,,,N,1040,5.2,200,0%,0,Water 220,Water 22,"10,1,3,17,4","10,1,3,17,6,3",Ancient Relic,50000,Hermitaur Carpce x6; Ceanataur Carpce x3; Hermitaur Claw+ x2; Rubbery Hide+ x4,50000,Hermitaur Carpce x4; Ceanataur Carpce x2; Hermitaur Claw+ x1,,Shell Castanet+; Crabby Castanet,,,,,,,,,
5,blademaster_weapon,1048,Bi-Colored Castanet,hunting-horn,10,vallode,10,,,,Y,1404,5.2,270,0%,0,Water 260,Water 26,"6,4,8,12,6,4","6,4,8,12,6,5,4",Shell Castanet+,,,115000,HvyHermitaurShl x2; HvyCeanataurShl x4; HrdCeanataurClaw x2; Giant Blk Pearl x2,,,,,,,,,,,
5,blademaster_weapon,1049,Crabby Castanet,hunting-horn,9,vallode,9,,,,Y,1300,5.2,250,0%,0,,,"5,4,14,10,4,6,2","5,4,14,10,4,6,2",Shell Castanet,,,90000,PlumD.HermitrShl x4; TerraCeanatrShl x2; PlumD.HermitrClw x1,,Klick-Klack,,,,,,,,,
5,blademaster_weapon,1050,Klick-Klack,hunting-horn,10,vallode,10,,10,,Y,1352,5.2,260,0%,0,,,"9,2,13,7,5,6,3","9,2,13,7,5,6,3",Crabby Castanet,,,120000,PlumD.HermitrShl x6; TerraCeanatrShl x4; Hard Gaoren Claw x2; HvnlyGaorenShell x1,,,,,,,,,,,
5,blademaster_weapon,1051,Glass Royale,hunting-horn,9,vallode,9,,,,Y,1092,5.2,210,0%,1,Ice 250,Ice 25,"8,7,7,11,5,5,2","8,7,7,11,5,5,2",Glass Queen,80000,Purecrystal x2; Vspoid Razorwing x15; Hornet Razorwing x15; VespoidQn'sCrown x2,80000,Purecrystal x1; Vspoid Razorwing x8; Hornet Razorwing x8,,Queen's Flute,,,,,,,,,
5,blademaster_weapon,1052,Queen's Flute,hunting-horn,9,vallode,9,,,,Y,1248,5.2,240,0%,1,Ice 300,Ice 30,"5,4,14,10,4,6,2","5,4,14,10,4,6,2",Glass Royale,,,105000,Vspoid Razorwing x5; Hornet Razorwing x5; Monster Essence x10; PhantomButterfly x10,,,,,,,,,,,
5,blademaster_weapon,1053,Desert Cone,hammer,9,vallode,9,,,,Y,1456,5.2,280,-10%,1,,,"3,2,17,12,4,2","3,2,17,12,4,5,2",Great Cone,95000,Blangonga Pelt+ x10; HvyC.BlangoFang x4; LthrC.BlangoTail x1; Massive Bone x1,115000,C.BlangongaPelt+ x5; Lthr Pelagus Plt x3; Massive Bone x4,,Magnitude,,,,,,,,,
5,blademaster_weapon,1054,Magnitude,hammer,10,vallode,10,,10,,Y,1612,5.2,310,-15%,1,,,"5,4,14,10,4,3","5,4,14,10,4,6,2",Desert Cone,,,115000,HvyC.BlangoFang x2; LthrC.BlangoTail x2; Blk Rajang Pelt+ x4; PhantomButterfly x10,,,,,,,,,,,
5,blademaster_weapon,1055,Giadrome Balloon G,hunting-horn,9,vallode,9,,,Y,Y,1404,5.2,270,0%,0,Ice 180,Ice 18,"3,2,17,12,4,2","3,2,17,12,4,5,2",,100000,Commendation G x1; Giadrome Skull x5; RobustWyvernBone x10; Giadrome Claw+ x15,,,,,,,,,,,,,
5,blademaster_weapon,1056,Velociprey Balloon,hunting-horn,6,vallode,6,,6,,N,988,5.2,190,0%,3,,,"5,4,14,7","5,4,14,10,2",Giaprey Balloon+,,,30000,Velociprey Scle+ x5; Velociprey Hide x10; Velociprey Fang x15; Screamer x3,,Velociprey Balloon+,,,,,,,,,
5,blademaster_weapon,1057,Velociprey Balloon+,hunting-horn,6,vallode,6,,,,N,988,5.2,190,0%,3,,,"5,4,14,7","5,4,14,10,2",Giaprey Balloon+,,,30000,Velociprey Scle+ x5; Velociprey Hide x10; Velociprey Fang x15; Screamer x3,,Velociprey Balloon+,,,,,,,,,
5,blademaster_weapon,1058,Velocidrome Balloon,hunting-horn,9,vallode,9,,,,Y,1144,5.2,220,0%,3,,,"5,4,14,10,2","5,4,14,10,4,3",Velociprey Balloon+,,,80000,Velocidrome Head x3; Velocidrome Clw+ x6; RobustWyvernBone x10; Emperor Cricket x5,,Velocidrome Balloon+,,,,,,,,,
5,blademaster_weapon,1059,Velocidrome Balloon+,hunting-horn,9,vallode,9,,,,Y,1144,5.2,220,0%,3,,,"5,4,14,10,2","5,4,14,10,4,3",Velociprey Balloon+,,,80000,Velocidrome Head x3; Velocidrome Clw+ x6; RobustWyvernBone x10; Emperor Cricket x5,,Velocidrome Balloon+,,,,,,,,,
5,blademaster_weapon,1060,Hunter's Horn,hunting-horn,6,vallode,6,,,,N,1040,5.2,200,0%,2,,,"8,7,7,8","8,7,7,11,2",Bone Horn+,,,35000,Dragon Toadstool x5; Hrd Monster Bone x3; Monster Broth x5,,Hunter's Horn+,,,,,,,,,
5,blademaster_weapon,1061,Hunter's Horn+,hunting-horn,6,vallode,6,,,,N,1040,5.2,200,0%,2,,,"8,7,7,8","8,7,7,11,2",Bone Horn+,,,35000,Dragon Toadstool x5; Hrd Monster Bone x3; Monster Broth x5,,Hunter's Horn+,,,,,,,,,
5,blademaster_weapon,1062,Native's Horn,hunting-horn,9,vallode,9,,,,Y,1404,5.2,270,0%,2,,,"8,7,7,11,5,2","8,7,7,11,5,5,2",Hunter's Horn+,,,100000,Dragon Toadstool x10; BigEDragonBone x3; Massive Bone x5; Commendation G x1,,,,,,,,,,,
5,blademaster_weapon,1063,Genie's Ocarina,hunting-horn,10,vallode,10,,,,Y,1300,5.2,250,0%,2,Poison 440,Poison 44,"19,2,5,7,4,3","19,2,5,7,4,5,3",Cursed Ocarina,,,130000,SpecChameleHide+ x6; StrChameleosWing x5; HrdChameleosHorn x2; BigEDragonJewel x1,,,,,,,,,,,
5,blademaster_weapon,1064,Conga Conga,hunting-horn,9,vallode,9,,,,Y,1456,5.2,280,0%,1,,,"10,1,3,16","10,1,3,17,4",War Conga,,,95000,HrdCongalalaPlt+ x6; Lg Pelagus Fang x2; Congalala Claw+ x8; Massive Bone x2,,,,,,,,,,,
5,blademaster_weapon,1065,Jungle Bongo,hunting-horn,9,vallode,9,,,,Y,1248,5.2,240,0%,0,,,"8,7,7,11,2","8,7,7,11,5,2",War Conga,85000,Congalala Pelt+ x8; Vibrant Comb x1; Massive Bone x4; Emperor Cricket x5,85000,Congalala Pelt+ x8; Lg Pelagus Fang x2; Rare Scarab x5,,Jungle Conga,,,,,,,,,
5,blademaster_weapon,1066,Jungle Conga,hunting-horn,9,vallode,9,,,,Y,1456,5.2,280,0%,0,,,"8,7,7,11,5,2","8,7,7,11,5,5,2",Jungle Bongo,,,115000,HrdBlangongaPlt+ x4; Congalala Pelt+ x8; HrdE.CongaClaw x4; Vibrant Comb x2,,,,,,,,,,,
5,blademaster_weapon,1067,Chaotic Order,hammer,10,vallode,10,,10,,Y,1508,5.2,290,0%,0,,,"10,1,3,17,6,3","10,1,3,17,6,5,3",Diablo Chaos Broker,,,115000,StoutBlkTwstdHrn x2; Top-GrdRedHorn x2; HvyBlkBlosSpine x6; MonoblosThoracic x6,,,,,,,,,,,
5,blademaster_weapon,1068,Royal Lobster Hammer,hammer,9,vallode,9,,9,,Y,1144,5.2,220,0%,2,Water 350,Water 35,"5,4,14,10,2","5,4,14,10,4,3",King Lobster Hammer,,,90000,Gt Lobstershell x2; HvyPiscineFang x6; Eltalite Ore x5,,,,,,,,,,,
5,blademaster_weapon,1069,Claw of Doom,hammer,10,vallode,10,,10,,Y,1248,5.2,240,0%,0,Dragon 450,Dragon 45,"3,2,17,12,4,2","3,2,17,12,4,5,2",Dragon Demolisher,,,140000,Azure LaoS Claw x2; Lao-Shan'sHvyShl x5; Lao-ShanHvnlyScl x1; Purecrystal x3,,,,,,,,,,,
5,blademaster_weapon,1070,Gold Cat Crusher,hammer,9,vallode,9,,9,,Y,988,5.2,190,0%,2,Paralysis 380,Paralysis 38,"3,2,17,8","3,2,17,12,1",Gold Cat Hammer,,,90000,FlynMealPassPlus x10; Felyne Fur Ruby x3; GoldRajangPelt+ x3; Thunderbug Jelly x10,,,,,,,,,,,
5,blademaster_weapon,1071,Fatalis Demolisher,hammer,10,vallode,10,,10,,Y,1404,5.2,270,0%,1,Dragon 260,Dragon 26,"6,4,8,12,5","6,4,8,12,6,4",Fatalis Buster,,,150000,HardFatalisHorn x3; Fatalis Evil Eye x1; Hvy Fatalis Shl x2; BigEDragonJewel x1,,,,,,,,,,,
5,blademaster_weapon,1072,AncientFatalisRuiner,hammer,10,vallode,10,,10,,Y,1300,5.2,250,0%,0,Dragon 380,Dragon 38,"3,2,17,12,4,2","3,2,17,12,4,5,2",AncientFatalisBuster,,,150000,HrdWhtFatlisHorn x5; HvyWhtFatalisShl x2; Fatalis Evil Eye x2; BigEDragonJewel x3,,,,,,,,,,,
5,blademaster_weapon,1073,Black Lute,hunting-horn,5,vallode,5,,,,N,780,5.2,150,0%,0,Dragon 100,Dragon 10,"8,7,7,3","8,7,7,8",,15000,Dark Stone x1; Dark Piece x4; Pokke Ticket x1,,,,Fatalis Menace; Ancient Fatalis Lied,,,,,,,,,
5,blademaster_weapon,1074,Fatalis Menace,hunting-horn,8,vallode,8,,,,N,1092,5.2,210,0%,0,Dragon 260,Dragon 26,"3,2,17,12,1","3,2,17,12,4,2",Black Lute,,,100000,Fatalis Horn x2; Fatalis Webbing x1; Fatalis Scale x2; Chameleos Jewel x1,,Fatalis Menace Lute,,,,,,,,,
5,blademaster_weapon,1075,Fatalis Menace Lute,hunting-horn,10,vallode,10,,10,,Y,1456,5.2,280,0%,1,Dragon 320,Dragon 32,"10,1,3,17,4","10,1,3,17,6,3",Fatalis Menace,,,150000,HardFatalisHorn x2; ThckFatalisScale x4; BigEDragonJewel x1,,,,,,,,,,,
5,blademaster_weapon,1076,Ancient Fatalis Lied,hunting-horn,8,vallode,8,,,,N,1040,5.2,200,0%,0,Dragon 330,Dragon 33,"9,2,13,7,4","9,2,13,7,5,4",Black Lute,,,100000,Wht Fatalis Horn x2; Wht Fatalis Wbng x1; Wht Fatalis Scl x2; Daora Jewel x1,,Ancient Fatalis Lute,,,,,,,,,
5,blademaster_weapon,1077,Ancient Fatalis Lute,hunting-horn,10,vallode,10,,10,,Y,1352,5.2,260,0%,0,Dragon 380,Dragon 38,"3,2,17,12,4,2","3,2,17,12,4,5,2",Ancient Fatalis Lied,,,150000,HrdWhtFatlisHorn x2; StrWhtFatalisWng x1; ThckWhtFatlisScl x2; BigEDragonJewel x3,,,,,,,,,,,
5,blademaster_weapon,1078,AncientDrgnwoodFlute,hunting-horn,9,vallode,9,,,,Y,936,5.2,180,0%,2,Paralysis 240,Paralysis 24,"19,2,5,7,4,3","19,2,5,7,4,5,3",Spirit Dragonwd Horn,120000,AncientDrgnmoss x6; AncientDrgnwood x2; YamaTsukaFillet x2; Thunderbug Jelly x10,120000,AncientDrgnwood x3; AncientDrgnmoss x1; YamaTsukamiHide x2,,DivineAncDrgnwdFlute,,,,,,,,,
5,blademaster_weapon,1079,DivineAncDrgnwdFlute,hunting-horn,10,vallode,10,,10,,Y,1092,5.2,210,0%,2,Paralysis 260,Paralysis 26,"9,2,13,7,5,4","9,2,13,7,5,6,3",AncientDrgnwoodFlute,,,145000,AncientDrgnwood x6; YamaTsukamiFluid x5; Thunderbug Jelly x8; Commendation S x1,,,,,,,,,,,
5,blademaster_weapon,1080,Handmade Frog,hunting-horn,6,vallode,6,,,,N,884,5.2,170,0%,2,Water 450,Water 45,"6,4,8,12","6,4,8,12,5",,40000,Tailed Frog x2; Dragonwood+ x2; Frog x5,,,,Handcrafted Frog,,,,,,,,,
5,blademaster_weapon,1081,Handcrafted Frog,hunting-horn,9,vallode,9,,,,Y,1248,5.2,240,0%,2,Water 500,Water 50,"6,4,8,12,5","6,4,8,12,6,4",Handmade Frog,,,75000,Tailed Frog x5; Frog x10; Giant Blk Pearl x3; Gt Lobstershell x2,,,,,,,,,,,
5,blademaster_weapon,1082,Luna's Skirt,hammer,10,vallode,10,,,,Y,1300,5.2,250,0%,1,Fire 400,Fire 40,"9,2,13,7,5,4","9,2,13,7,5,6,3",Lunastra's Crown,,,130000,Lunastra Spike x3; ThckFireDrgnScl x6; BigEDragonJewel x1; Commendation x1,,,,,,,,,,,
5,blademaster_weapon,1083,Pulse Crusher Core,hammer,9,vallode,9,,9,,Y,1352,5.2,260,-20%,2,,,"19,2,5,7,4,3","19,2,5,7,4,5,3",Pulsating Core,,,100000,Purecrystal x8; ElderDragonBlood x10; Commendation G x1,,,,,,,,,,,
5,blademaster_weapon,1084,Daora's Hyperborea,hammer,10,vallode,10,,10,,Y,1300,5.2,250,15%,0,Ice 450,Ice 45,"6,4,8,12,6,4","6,4,8,12,6,5,4",Daora's Colossus,,,130000,Hvy Daora Shell x6; Hard Daora Horn x2; Str Daora Wing x2; BigEDragonJewel x1,,,,,,,,,,,
5,blademaster_weapon,1085,True Polytan G,,9,daigo,,,9,,Y,,,,,,,,,,,,,,,,,,,,,,,,,dummy
5,blademaster_weapon,1086,Red Lobster Hammer+,,,,,,,,,,,,,,,,,,,,,,,,,,,,,,,,,dummy
5,blademaster_weapon,1087,Red Lobster Impact,,9,daigo,,,9,,Y,,,,,,,,,,,,,,,,,,,,,,,,,dummy
5,blademaster_weapon,1088,Tigrex Hammer+,hammer,7,vallode,7,,10,,N,1144,5.2,220,-30%,0,,,"19,2,5,7,4,3","19,2,5,7,4,5,3",Striped Striker,,,80000,Tigrex Claw+ x3; Tigrex Scale + x5; Tigrex Skull Shl x3,,Tigrex Hammer+,,,,,,,,,
5,blademaster_weapon,1089,Hidden Breaker,hammer,7,vallode,7,,7,,N,988,5.2,190,50%,1,,,"3,2,17,12,4,2","3,2,17,12,4,5,2",Striped Striker,80000,Black Narga Pelt x10; Narga Scale+ x4; Narga Brain Stem x1; Hrd Monster Bone x6,80000,Black Narga Pelt x6; Narga Scale+ x3; Hrd Monster Bone x4,,Deep Darkhammer,,,,,,,,,
5,blademaster_weapon,1090,Deep Darkhammer,hammer,10,vallode,10,,10,,Y,1248,5.2,240,50%,2,,,"3,2,17,12,4,5,2","3,2,17,12,4,5,2",Hidden Breaker,120000,BlackNargaPelt+ x10; HvyNargacugaFang x4; HvyNargaTailSpik x6; HvnlyNargaScale x1,120000,BlackNargaPelt+ x7; ThickNargaScale x3; HvyNargacugaFang x2; Narga Brain Stem x2,,,,,,,,,,,
5,blademaster_weapon,1091,Tigrex Horn+,hunting-horn,7,vallode,7,,10,,N,1144,5.2,220,-30%,0,,,"19,2,5,7,4,3","19,2,5,7,4,5,3",Striped Dragonga,,,80000,Tigrex Carapace x5; Tigrex Fang+ x7; Tigrex Skull Shl x2,,Tigrex Horn+,,,,,,,,,
5,blademaster_weapon,1092,Hidden Tone,hunting-horn,7,vallode,7,,7,,N,988,5.2,190,50%,1,,,"3,2,17,12,4,2","3,2,17,12,4,5,2",Striped Dragonga,80000,Black Narga Pelt x6; NargaCuttingWing x6; Narga Brain Stem x1; Hrd Monster Bone x4,80000,Black Narga Pelt x4; NargaCuttingWing x4; Narga Tail Spike x3,,Demon's Darkflute,,,,,,,,,
5,blademaster_weapon,1093,Demon's Darkflute,hunting-horn,10,vallode,10,,10,,Y,1248,5.2,240,50%,2,,,"3,2,17,12,4,5,2","3,2,17,12,4,5,2",Hidden Tone,120000,Black Narga Pelt x10; StrNargaCttngWng x6; ThickNargaScale x6; HvnlyNargaScale x1,120000,BlackNargaPelt+ x6; StrNargaCttngWng x4; HvyNargaTailSpik x2; Narga Brain Stem x2,,,,,,,,,,,
5,blademaster_weapon,1094,Akantor Dark Melody,hunting-horn,10,vallode,10,,,,Y,1716,5.2,330,40%,0,,,"9,2,13,6","9,2,13,7,4",Akantor Horn,,,145000,Ukanlos Stone x1; Big Wyvern Stone x3; Akantor Tail x2; Akantor Fang x4,,,,,,,,,,,
5,blademaster_weapon,1095,Ukanlos Trampler,hammer,10,vallode,10,,10,,Y,1820,5.2,350,-30%,0,Ice 120,Ice 12,"17,2,4,7,2","17,2,4,7,4,3",,150000,UkanlosDiggngClw x3; HvyUkanlosShell x4; Lightning Sac x10; Ukanlos Stone x1,,,,,,,,,,,,,
5,blademaster_weapon,1096,Ukanlos Horned Flute,hunting-horn,10,vallode,10,,10,,Y,1820,5.2,350,-30%,0,Ice 120,Ice 12,"19,2,5,7,2","19,2,5,7,4,3",,150000,UkanlosShoveljaw x3; Hvy Ukanlos Tail x2; Ukanlosunderscl x5; Ukanlos Stone x1,,,,,,,,,,,,,
5,blademaster_weapon,1097,War Hammer G,hammer,9,vallode,9,,,Y,Y,1456,5.2,280,0%,0,,,"9,2,13,7,5,4","9,2,13,7,5,6,3",,100000,Commendation G x1; Iron Ore x30; Disk Stone x30; Eltalite Ore x12,,,,,,,,,,,,,
5,blademaster_weapon,1098,Iron Striker G,hammer,9,vallode,9,,,Y,Y,1456,5.2,280,0%,0,,,"3,2,17,12,4,2","3,2,17,12,4,5,2",,100000,Commendation G x1; Iron Ore x30; Machalite Ore x15; Mellanje Ore x5,,,,,,,,,,,,,
5,blademaster_weapon,1099,Onslaught Hammer G,hammer,10,vallode,10,,,Y,Y,1404,5.2,270,0%,1,,,"6,4,8,12,6,4","6,4,8,12,6,5,4",,100000,Commendation S x1; Dragonite Ore x20; HvyGraviosShell x5; Union Ore x15,,,,,,,,,,,,,
5,blademaster_weapon,1100,War Basher G,hammer,10,vallode,10,,10,Y,Y,1404,5.2,270,0%,2,,,"3,2,17,12,4,2","3,2,17,12,4,5,2",,100000,Commendation S x1; Carbalite Ore x20; Disk Stone x50; HvyBlkBlosShell x8,,,,,,,,,,,,,
5,blademaster_weapon,1101,Sakura Recorder G,hunting-horn,10,vallode,10,,,Y,Y,1300,5.2,250,0%,2,Dragon 340,Dragon 34,"6,4,8,12,6,4","6,4,8,12,6,5,4",,100000,Commendation S x1; ThckPnkRathnScl x7; HvyPnkRathianShl x5; Pnk Rathian Cpc x10,,,,,,,,,,,,,
5,blademaster_weapon,1102,Dead Revolver G,hammer,9,vallode,9,,,Y,Y,1248,5.2,240,0%,2,Fire 400,Fire 40,"10,1,3,17,6,3","10,1,3,17,6,5,3",,100000,Commendation G x1; Eltalite Ore x10; Firestone x15; FireWyvrn Marrow x10,,,,,,,,,,,,,
5,blademaster_weapon,1103,SanctionedGunHammr G,hammer,10,vallode,10,,,Y,Y,1196,5.2,230,0%,2,Fire 500,Fire 50,"8,7,7,11,5,2","8,7,7,11,5,5,2",,100000,Commendation S x1; Firecell Stone x10; Monster Essence x8; Mellanje Ore x5,,,,,,,,,,,,,
5,blademaster_weapon,1104,Anchor Crusher G,hammer,9,vallode,9,,,Y,Y,1300,5.2,250,0%,2,Water 380,Water 38,"9,2,13,7,5,4","9,2,13,7,5,6,3",,100000,Commendation G x1; Ancient Fish x10; SpecPlesiothFin+ x5; Eltalite Ore x8,,,,,,,,,,,,,
5,blademaster_weapon,1105,TrueBlackCauldron G,hammer,9,vallode,9,,9,Y,Y,1300,5.2,250,0%,3,,,"10,1,3,17,6,3","10,1,3,17,6,5,3",,100000,Commendation G x1; FlynMealPassReg x10; Carbalite Ore x15; HvyBlkBlosShell x5,,,,,,,,,,,,,
5,blademaster_weapon,1106,TwoStarSilverPot G,hammer,9,vallode,9,,9,Y,Y,1196,5.2,230,20%,0,,,"3,2,17,12,4,5,2","3,2,17,12,4,5,2",,100000,Commendation G x1; FlynMealPassPlus x10; Rainbow Ore x20; HvySlvrRthlsShl x5,,,,,,,,,,,,,
5,blademaster_weapon,1107,Bone Axe G,hammer,9,vallode,9,,,Y,Y,1508,5.2,290,10%,2,,,"6,4,8,12,5","6,4,8,12,6,4",,100000,Commendation G x1; Hrd Monster Bone x15; Monster Essence x5; Hvy Tigrex Shell x5,,,,,,,,,,,,,
5,blademaster_weapon,1108,Great Bagpipe G,hunting-horn,9,vallode,9,,,Y,Y,1404,5.2,270,-5%,1,,,"3,2,17,12,4,2","3,2,17,12,4,5,2",,100000,Commendation G x1; SpecRemobraSkin+ x8; Giant Blk Pearl x5; Screamer x10,,,,,,,,,,,,,
5,blademaster_weapon,1109,Heavy Bagpipe G,hunting-horn,9,vallode,9,,,Y,Y,1352,5.2,260,-5%,2,,,"3,2,17,12,4,2","3,2,17,12,4,5,2",,100000,Commendation G x1; Eltalite Ore x5; HvyBlkGraviosShl x5; Narga Brain Stem x3,,,,,,,,,,,,,
5,blademaster_weapon,1110,Spiked Hammer G,hammer,9,vallode,9,,,Y,Y,1456,5.2,280,0%,0,,,"10,1,3,17,6,3","10,1,3,17,6,5,3",,100000,Commendation G x1; Needleberry x50; Eltalite Ore x8; Emperor Cricket x8,,,,,,,,,,,,,
5,blademaster_weapon,1111,Crystal Nova G,hammer,9,vallode,9,,,Y,Y,1456,5.2,280,0%,1,,,"8,7,7,11,5,2","8,7,7,11,5,5,2",,100000,Commendation G x1; Lightcrystal x15; Novacrystal x10; Purecrystal x5,,,,,,,,,,,,,
5,blademaster_weapon,1112,Titan Hammer G,hammer,9,vallode,9,,,Y,Y,1560,5.2,300,-15%,1,,,"8,7,7,11,2","8,7,7,11,5,2",,100000,Commendation x1; HvyBasariosShell x6; Gravios Carapace x10; Machalite Ore x20,,,,,,,,,,,,,
5,blademaster_weapon,1113,Crater Maker G,hammer,10,vallode,10,,,Y,Y,1300,5.2,250,0%,2,Poison 200,Poison 20,"14,4,6,7,4,5","14,4,6,7,4,6,4",,100000,Commendation S x1; HvyGraviosShell x6; DeadlyPoisonSac x3; Wyvern Stone x5,,,,,,,,,,,,,
5,blademaster_weapon,1114,Torment(Purgatory) G,hammer,10,vallode,10,,,Y,Y,1352,5.2,260,0%,1,Fire 310,Fire 31,"8,7,7,11,5,2","8,7,7,11,5,5,2",,100000,Commendation S x1; HvyBlkGraviosShl x6; Blazing Fire Sac x3; Wyvern Stone x5,,,,,,,,,,,,,
5,blademaster_weapon,1115,Basarios Rock G,hunting-horn,9,vallode,9,,,Y,Y,1352,5.2,260,0%,0,Fire 280,Fire 28,"6,4,8,12,6,4","6,4,8,12,6,5,4",,100000,Commendation S x1; HvyBasariosShell x8; StrBasariosWing x2; Flame Sac x20,,,,,,,,,,,,,
5,blademaster_weapon,1116,Great Demon Hammer G,hammer,9,vallode,9,,,Y,Y,1404,5.2,270,20%,1,,,"6,4,8,12,6,4","6,4,8,12,6,5,4",,100000,Commendation G x1; Eltalite Ore x8; Carbalite Ore x25; Velocidrome Head x5,,,,,,,,,,,,,
5,blademaster_weapon,1117,Bone Club G,hammer,9,vallode,9,,,Y,Y,1560,5.2,300,-10%,0,,,"8,7,7,8","8,7,7,11,2",,100000,Commendation G x1; Mystery Bone x50; Stout Bone x15; Massive Bone x5,,,,,,,,,,,,,
5,blademaster_weapon,1118,Enormous Ham G,hammer,9,vallode,9,,9,Y,Y,1612,5.2,310,-20%,0,,,"10,1,3,16","10,1,3,17,4",,100000,Commendation G x1; Gourmet Steak x10; FlynMealPassReg x10; Hvy Monster Bone x8,,,,,,,,,,,,,
5,blademaster_weapon,1119,Atlas Hammer G,hammer,9,vallode,9,,,Y,Y,1456,5.2,280,0%,0,,,"5,4,14,10,4,3","5,4,14,10,4,6,2",,100000,Commendation G x1; Sm Monster Bone x40; Giant Bone x30; Massive Bone x10,,,,,,,,,,,,,
5,blademaster_weapon,1120,Kut-Ku Jaw G,hammer,9,vallode,9,,,Y,Y,1456,5.2,280,0%,0,,,"5,4,14,10,4,3","5,4,14,10,4,6,2",,100000,Commendation G x1; Giant Beak x6; Hvy Kut-Ku Shell x10; Monster Essence x5,,,,,,,,,,,,,
5,blademaster_weapon,1121,Kut-Ku Pick G,hammer,9,vallode,9,,,Y,Y,1352,5.2,260,20%,3,,,"9,2,13,7,5,4","9,2,13,7,5,6,3",,100000,Commendation G x1; Splendid Beak x4; Thick Kut-Ku Scl x10; Lucky Kut-Ku Ear x4,,,,,,,,,,,,,
5,blademaster_weapon,1122,Venom Monster G,hammer,9,vallode,9,,,Y,Y,1248,5.2,240,15%,1,Poison 350,Poison 35,"19,2,5,7,4,3","19,2,5,7,4,5,3",,100000,Commendation S x1; SpecRubberyHide+ x8; Toxin Sac x12; Gypceros Head x3,,,,,,,,,,,,,
5,blademaster_weapon,1123,Binder Mace G,hammer,9,vallode,9,,9,Y,Y,1144,5.2,220,0%,2,Paralysis 280,Paralysis 28,"14,4,6,7,4,5","14,4,6,7,4,6,4",,100000,Commendation G x1; Thunderbug x30; SpecRubberyHide+ x5; Mellanje Ore x10,,,,,,,,,,,,,
5,blademaster_weapon,1124,Khezu Flute G,hunting-horn,9,vallode,9,,,Y,Y,1196,5.2,230,0%,3,Thunder 480,Thunder 48,"9,2,13,7,5,4","9,2,13,7,5,6,3",,100000,Commendation S x1; KhezuHide-Cream x5; Thunder Sac x10; Pale Bone x7,,,,,,,,,,,,,
5,blademaster_weapon,1125,Skullcrusher G,hammer,9,vallode,9,,,Y,Y,1508,5.2,290,0%,0,,,"3,2,17,12,1","3,2,17,12,4,2",,100000,Commendation G x1; HvyPiscineFang x6; Piercing Claw x8; Monster Essence x3,,,,,,,,,,,,,
5,blademaster_weapon,1126,Finishing Hammer G,hammer,9,vallode,9,,,Y,Y,1404,5.2,270,0%,1,,,"10,1,3,17,6,3","10,1,3,17,6,5,3",,100000,Commendation S x1; LthrDiablosTail x3; BigEDragonBone x5; MonoblosCarapace x5,,,,,,,,,,,,,
5,blademaster_weapon,1127,Dragonhead Hammer G,hammer,9,vallode,9,,,Y,Y,1404,5.2,270,0%,2,,,"19,2,5,7,4,3","19,2,5,7,4,5,3",,100000,Commendation G x1; Wyvern Skull Shl x10; Unknown Skull x10; BigEDragonBone x5,,,,,,,,,,,,,
5,blademaster_weapon,1128,Basarios Bash G,hammer,9,vallode,9,,,Y,Y,1352,5.2,260,0%,0,,,"3,2,17,12,4,2","3,2,17,12,4,5,2",,100000,Commendation S x1; HvyBasariosShell x10; Basarios Tears x5; Wyvern Stone x3,,,,,,,,,,,,,
5,blademaster_weapon,1129,Glass Queen G,hunting-horn,9,vallode,9,,9,Y,Y,1248,5.2,240,15%,1,,,"8,7,7,11,5,5,2","8,7,7,11,5,5,2",,100000,Commendation G x1; Vespoid Abdomen x8; Vspoid Razorwing x10; Monster Essence x5,,,,,,,,,,,,,
5,blademaster_weapon,1130,Great Cone G,hammer,9,vallode,9,,,Y,Y,1248,5.2,240,0%,2,Ice 400,Ice 40,"3,2,17,12,4,2","3,2,17,12,4,5,2",,100000,Commendation G x1; HvyBlangongaFang x3; HrdBlangongaPlt+ x10; Blango Pelt+ x20,,,,,,,,,,,,,
5,blademaster_weapon,1131,Bull Tusk Hammer G,hammer,9,vallode,9,,,Y,Y,1404,5.2,270,0%,2,,,"8,7,7,11,5,2","8,7,7,11,5,5,2",,100000,Commendation G x1; Bullfango Head x5; Bulldrome Tusk x10; ThkBullfangoPelt x10,,,,,,,,,,,,,
5,blademaster_weapon,1132,Velociprey Balloon G,hunting-horn,9,vallode,9,,,Y,Y,1352,5.2,260,0%,3,,,"5,4,14,10,4,3","5,4,14,10,4,6,2",,100000,Commendation G x1; Velociprey Scle+ x10; RobustWyvernBone x10; Velociprey Hide x50,,,,,,,,,,,,,
5,blademaster_weapon,1133,Bone Horn G,hunting-horn,9,vallode,9,,9,Y,Y,1404,5.2,270,0%,2,,,"9,2,13,7,5,4","9,2,13,7,5,6,3",,100000,Commendation G x1; Blue Mushroom x10; Massive Bone x8; Monster Fluid x20,,,,,,,,,,,,,
5,blademaster_weapon,1134,War Drum G,hunting-horn,9,vallode,9,,,Y,Y,1456,5.2,280,0%,1,,,"5,4,14,10,4,3","5,4,14,10,4,6,2",,100000,Commendation G x1; Conga Pelt x30; Conga Pelt+ x20; Hvy Monster Bone x8,,,,,,,,,,,,,
5,blademaster_weapon,1135,Hard Bone Hammer G,hammer,9,vallode,9,,,Y,Y,1456,5.2,280,0%,0,,,"5,4,14,10,4,3","5,4,14,10,4,6,2",,100000,Commendation G x1; Hvy Monster Bone x5; BigEDragonBone x3; Dragonite Ore x15,,,,,,,,,,,,,
5,blademaster_weapon,1136,Dragonbreaker G,hammer,10,vallode,10,,10,Y,Y,1300,5.2,250,0%,0,Dragon 330,Dragon 33,"6,4,8,12,6,4","6,4,8,12,6,5,4",,100000,Commendation S x1; Lao-Shan's Claw x3; Lao-Shan'sHvyShl x5; Lao-Shan Scale+ x15,,,,,,,,,,,,,
5,blademaster_weapon,1137,White Cat Hammer G,hammer,9,vallode,9,,,Y,Y,1040,5.2,200,15%,1,Paralysis 180,Paralysis 18,"8,7,7,11,2","8,7,7,11,5,2",,100000,Commendation G x1; Pawprint Stamp x10; Paralysis Sac x15; HrdBlangongaPlt+ x10,,,,,,,,,,,,,
5,blademaster_weapon,1138,Black Cat Hammer G,hammer,9,vallode,9,,9,Y,Y,936,5.2,180,0%,0,Paralysis 380,Paralysis 38,"3,2,17,12,4,2","3,2,17,12,4,5,2",,100000,Commendation G x1; FlynMealPassPlus x10; Felyne Fur Ruby x5; BlackNargaPelt+ x10,,,,,,,,,,,,,
5,blademaster_weapon,1139,Teddybear G,hammer,9,vallode,9,,9,Y,Y,936,5.2,180,0%,0,Sleep 200,Sleep 20,"5,4,14,7","5,4,14,10,2",,100000,Commendation G x1; Antiseptic Stone x10; Purecrystal x4; Sleep Sac x20,,,,,,,,,,,,,
5,blademaster_weapon,1140,Cactus Creamer G,hammer,9,vallode,9,,9,Y,Y,884,5.2,170,0%,2,Poison 300,Poison 30,"19,2,5,7,4,5,3","19,2,5,7,4,5,3",,100000,Commendation G x1; Cactus Flower x10; Massive Bone x10; Dosbiscus x10,,,,,,,,,,,,,
5,blademaster_weapon,1141,SpiritDragonwdHorn G,hunting-horn,10,vallode,10,,,Y,Y,1040,5.2,200,0%,2,Paralysis 220,Paralysis 22,"19,2,5,7,4,3","19,2,5,7,4,5,3",,100000,Commendation G x1; Dragonwood+ x8; Dragonmoss+ x8; Thunderbug Jelly x15,,,,,,,,,,,,,
5,blademaster_weapon,1142,Black Belt Hammer G,hammer,9,vallode,9,,,Y,Y,1352,5.2,260,0%,3,,,"8,7,7,11,5,2","8,7,7,11,5,5,2",,100000,Commendation G x1; Expert Ticket x10; Fire Coin x7; Legend Coin G x1,,,,,,,,,,,,,
5,blademaster_weapon,1143,Warrior's Hammer,hammer,10,vallode,10,,10,,Y,1404,5.2,270,0%,3,,,"3,2,17,12,4,2","3,2,17,12,4,5,2",Expert Hammer,,,75000,HvyGldRathianShl x3; Warrior Coin G x4; Expert Coin G x6; Commendation G x1,,,,,,,,,,,
5,blademaster_weapon,1144,Tarnished Hammer G,hammer,9,vallode,9,,,Y,Y,1664,5.2,320,0%,0,,,"19,2,4","19,2,5,4",,100000,Commendation G x1; Large Ruststone x5,,,,,,,,,,,,,
5,blademaster_weapon,1145,Breath Core Hammer G,hammer,9,vallode,9,,,Y,Y,1508,5.2,290,-20%,1,,,"19,2,5,7,4,3","19,2,5,7,4,5,3",,100000,Commendation S x1; Lg Ancient Stone x3; ElderDragonBlood x10; Big Wyvern Stone x1,,,,,,,,,,,,,
5,blademaster_weapon,1146,Polytan G,,,,,,,,,,,,,,,,,,,,,,,,,,,,,,,,,dummy
5,blademaster_weapon,1147,Felyne and Melynx+,dual-blades,4,vallode,4,,,,N,140,1.4,100,0%,2,Paralysis 20,Paralysis 2,"8,13,6,4,3,1","8,13,6,4,3,6",,6300,Puppet Ticket x5; Pokke Ticket x2; FlynMealPassReg x2; Dragonwood x2,,,,Felyne and Melynx+,,,,,,,,,
5,blademaster_weapon,1148,Ms. M.H. Puppet,sword-and-shield,9,vallode,9,,9,,Y,196,1.4,140,0%,2,Paralysis 80,Paralysis 8,"10,9,8,3,4,7,4","10,9,8,3,4,7,4",,6300,SpecPuppetTicket x5; Commendation S x2; AncientDrgnwood x1,,,,,,,,,,,,,
5,blademaster_weapon,1149,Great Kris,sword-and-shield,10,vallode,10,,10,,Y,434,1.4,310,-15%,1,,,"2,5,18,5,7,3","2,5,18,5,7,4,4",Binding Blade+,,,110000,YamaTsukamiFluid x2; Eltalite Ore x30; Hvy Tigrex Fang x2; Commendation S x1,,,,,,,,,,,
6,gunner_weapon,0,Nothing equipped.,,,,,,,,,,,,,,,,,,,,,,,,,,,,,,,,,
6,gunner_weapon,1,Shooter's Barrel,light-bowgun,1,vallode,1,,,,N,96,,,0%,3,,,,,,450,Iron Ore x4; Brute Bone x2,,,,,Normal,Moderate,156,,"Normal S:6/6, Pierce S:3, Crag S:3, RecovS:3/3, PoisnS:3, Para S:3, SleepS:3, Flame S:6, Tranq S:2, Paint S:2",,,,
6,gunner_weapon,2,Chain Blitz,light-bowgun,1,vallode,1,,,,N,108,,,0%,0,,,,,,600,Disk Stone x5; Iron Ore x10,,,Normal Ticket x1,,Normal,Moderate,168,Normal S Lv1,"Normal S:3/6, Pierce S:2, Pellet S:2, Crag S:1, Clust S:1, RecovS:3/3, PoisnS:3, Para S:3, SleepS:3, Flame S:2, ThunderS:2, Tranq S:2, Paint S:2, Demon S:1, Armor S:1",,,,
6,gunner_weapon,3,Shotgun (White),light-bowgun,3,vallode,3,,,,N,120,,,0%,0,,,,,,1000,Giadrome Claw x4; Giaprey Scale x6; Machalite Ore x1; Sm Monster Bone x4,,,,,Fast,Moderate,180,Pellet S Lv1,"Normal S:6/6, Pierce S:3, Pellet S:3, Crag S:1, Clust S:1, RecovS:3/3, PoisnS:3, Para S:3, SleepS:3, Freeze S:3, Tranq S:2, Paint S:2, Demon S:1, Armor S:1",,,,
6,gunner_weapon,4,Shotgun (Azure),light-bowgun,3,vallode,3,,,,N,108,,,20%,2,,,,,,550,Velociprey Scale x6; Sm Monster Bone x3; Iron Ore x6; Velociprey Hide x4,,,Hard Ticket x1; Velociprey Scale x1,,Fast,Moderate,168,,"Normal S:6/6, Pierce S:2, Pellet S:4/4, Crag S:1, Clust S:1, RecovS:3/3, SleepS:3/1, Water S:3, Tranq S:2, Paint S:2, Demon S:1, Armor S:1",,,,
6,gunner_weapon,5,Shotgun (Green),light-bowgun,3,vallode,3,,,,N,120,,,0%,3,,,,,,750,Genprey Scale x8; Sm Monster Bone x4; Iron Ore x8; Gendrome Hide x2,,,,,Fast,Moderate,180,,"Normal S:6/6, Pierce S:2, Pellet S:4/4, Crag S:1, Clust S:1, RecovS:3/3, Para S:4/2, SleepS:3/1, ThunderS:3, Tranq S:2, Paint S:2, Demon S:1, Armor S:1",,,,
6,gunner_weapon,6,Shotgun (Blood),light-bowgun,3,vallode,3,,,,N,132,,,0%,3,,,,,,900,Iodrome Hide x2; Med Monster Bone x3; Iron Ore x10; Ioprey Scale x10,,,,,Fast,Moderate,192,,"Normal S:6/6, Pierce S:2, Pellet S:4/4, Crag S:1, Clust S:1, RecovS:3/3, PoisnS:4/2, SleepS:3/1, Flame S:3, Tranq S:2, Paint S:2, Demon S:1, Armor S:1",,,,
6,gunner_weapon,7,Desert Storm,light-bowgun,3,vallode,3,,,,N,120,,,0%,1,,,,,,1100,Cephalos Fin x3; Cephalos Scale x6; Lg Monster Bone x3; Earth Crystal x5,,,Plus Class Tcket x1; Cephalos Scale x1,,VeryFast,Moderate,180,,"Normal S:6/6/9, Pierce S:3, Pellet S:4, Crag S:1, Clust S:1, RecovS:3/3, PoisnS:3/1, Para S:3/1, SleepS:3/1, Water S:3, Tranq S:2, Paint S:2, Demon S:1, Armor S:1",,,,
6,gunner_weapon,8,Sandfall,light-bowgun,4,vallode,4,,4,,N,156,,,0%,0,,,,,,1975,Rainbow Ore x2; Cephalos Scale x8; Cephalos Fin x5; Machalite Ore x8,,,,,VeryFast,Moderate,216,Normal S Lv2,"Normal S:9/3/12, Pierce S:3, Pellet S:4, Crag S:1, Clust S:1, RecovS:3/3, PoisnS:3/1, Para S:3/1, SleepS:3/1, Flame S:4, Water S:4, ThunderS:4, Tranq S:2, Paint S:2, Demon S:1, Armor S:1",,,,
6,gunner_weapon,9,Maelstrom,light-bowgun,3,vallode,3,,,,N,120,,,0%,0,,,,,,1150,Plesioth Fin x3; Plesioth Scale x6; Machalite Ore x5; Carpenterbug x6,,,,,Normal,Moderate,180,,"Normal S:6/4, Pierce S:2/2/2, Pellet S:2/2/2, Crag S:1/1/1, Clust S:1/1/1, RecovS:3/3, PoisnS:3/1, Para S:3/1, SleepS:3/1, Flame S:3, Water S:2, ThunderS:3, Freeze S:3, Tranq S:2, Paint S:2, Demon S:1, Armor S:1",,,,
6,gunner_weapon,10,Jade Storm,light-bowgun,3,vallode,3,,,,N,132,,,0%,0,,,,,,1375,Grn Plesioth Scl x6; Plesioth Fin x3; Machalite Ore x5; Springnight Carp x3,,,,,Normal,Moderate,192,Normal S Lv2,"Normal S:6/3, Pierce S:2/2/2, Pellet S:2/2/2, Crag S:1/1/1, Clust S:1/1/1, RecovS:3/3, PoisnS:3/1, Para S:3/1, SleepS:3/1, Flame S:3, Water S:3, ThunderS:3, Freeze S:3, Tranq S:2, Paint S:2, Demon S:1, Armor S:1",,,,
6,gunner_weapon,11,Lobster Gun,light-bowgun,3,vallode,3,,,,N,144,,,0%,0,,,,,,1150,Sm Lobstershell x2; Plesioth Scale x5; Machalite Ore x5,,,,,Normal,Moderate,204,Water S,"Normal S:6/6/9, Pierce S:3/2/2, Pellet S:4/2/2, RecovS:3/3, PoisnS:3/1, Para S:3/1, SleepS:3/1, Flame S:3, Water S:3, Freeze S:3, Tranq S:2, Paint S:2, Demon S:1, Armor S:1",,,,
6,gunner_weapon,12,Red Lobster Gun,,,,,,,,,,,,,,,,,,,,,,,,,,,,,,,,,dummy
6,gunner_weapon,13,Tail String,light-bowgun,3,vallode,3,,,,N,132,,,0%,0,,,,,,1150,Blango Pelt x4; Brute Bone x6; Ice Crystal x10; Giant Bone x3,,,,,Normal,Moderate,192,Freeze S,"Normal S:9/9, Pierce S:3/2, Pellet S:4, RecovS:3/3, SleepS:3/1, Freeze S:3, Tranq S:2, Paint S:2, Demon S:1, Armor S:1",,,,
6,gunner_weapon,14,Tail String+,light-bowgun,3,vallode,3,,4,,N,132,,,0%,0,,,,,,1150,Blango Pelt x4; Brute Bone x6; Ice Crystal x10; Giant Bone x3,,,,,Normal,Moderate,192,Freeze S,"Normal S:9/9, Pierce S:3/2, Pellet S:4, RecovS:3/3, SleepS:3/1, Freeze S:3, Tranq S:2, Paint S:2, Demon S:1, Armor S:1",,,,
6,gunner_weapon,15,Kut-Ku Anger,light-bowgun,3,vallode,3,,,,N,156,,,0%,0,,,,,,1200,Giant Beak x1; Kut-Ku Shell x5; Kut-Ku Ear x2; Flabby Hide x2,,,,,VerySlow,Moderate,216,,"Normal S:9/9/12, Pierce S:0/3, Pellet S:0/4, Crag S:0/1, Clust S:0/1, PoisnS:3/1, Flame S:4, Tranq S:2, Paint S:2",,,,
6,gunner_weapon,16,Kut-Ku Rage,light-bowgun,3,vallode,3,,,,N,180,,,10%,0,,,,,,1425,Giant Beak x1; Blue Kut-Ku Shl x4; Kut-Ku Ear x2; Alluring Hide x2,,,,,VerySlow,Moderate,240,,"Normal S:9/9/12, Pierce S:0/3, Pellet S:0/4, Crag S:0/1, Clust S:0/1, PoisnS:3/1, Flame S:4, Tranq S:2, Paint S:2",,,,
6,gunner_weapon,17,Raven Do,light-bowgun,5,vallode,5,,,,N,180,,,0%,0,,,,,,1725,Garuga Shell x6; Sharpened Beak x2; Garuga Ear x2; Ceanataur Shell x8,,,,,Normal,Moderate,240,,"Normal S:6/6/9, Pierce S:0/3, Pellet S:0/4, Crag S:0/1, Clust S:0/1, RecovS:3/3, PoisnS:3/1, Flame S:5, Tranq S:2, Paint S:2",,,,
6,gunner_weapon,18,Angel Parasol,light-bowgun,3,vallode,3,,,,N,144,,,0%,0,,,,,,1200,Flabby Hide x4; Lost Umbrella x1; Carpenterbug x8; Electro Sac x3,,,,,Fast,Moderate,204,,"Normal S:6/6/9, Pierce S:3/3, Pellet S:4/4/4, Crag S:1/1/1, RecovS:3/3, PoisnS:3/1, Para S:3/1, SleepS:3/1, ThunderS:3, Freeze S:3, Tranq S:2, Paint S:2, Demon S:1, Armor S:1",,,,
6,gunner_weapon,19,Sakura Parasol,light-bowgun,4,vallode,4,,,,N,156,,,0%,0,,,,,,1425,Alluring Hide x4; Lost Umbrella x1; Firestone x1; Electro Sac x3,,,,,Fast ,Moderate,216,Thunder S,"Normal S:9/9/12, Pierce S:3/3, Pellet S:4/4/4, Crag S:2/2/2, RecovS:3/3, PoisnS:3/1, Para S:3/1, SleepS:3/1, ThunderS:3, Freeze S:3, Tranq S:2, Paint S:2, Demon S:1, Armor S:1",,,,
6,gunner_weapon,20,Tigrex Tank,light-bowgun,4,vallode,4,,,,N,204,,,-30%,1,,,,,,1950,Tigrex Shell x6; Tigrex Fang x3; Tigrex Scale x5; Monster Bone+ x3,,,,,VeryFast,Moderate,264,,"Normal S:6/6/9, Pierce S:4/4/4, Crag S:2/2/2, Clust S:0/1, Tranq S:2, Paint S:2",,,,
6,gunner_weapon,21,Grenade Launcher,light-bowgun,4,vallode,4,,4,,N,132,,,0%,0,,,,,,1575,Dragonite Ore x2; Basarios Shell x6; Earth Crystal x20; Machalite Ore x10,,,,,VeryFast,Moderate,192,Crag S Lv1,"Normal S:6/6, Pierce S:2/2, Pellet S:2/2, Crag S:1/1, Clust S:1/1, PoisnS:3/1, Tranq S:2, Paint S:2",,,,
6,gunner_weapon,22,Titan Launcher,light-bowgun,4,vallode,4,,,,N,192,,,0%,1,,,,,,1950,Gravios Shell x6; Wyvern Skull Shl x1; Monster Bone+ x3; Dragonite Ore x4,,,,,VeryFast,Moderate,252,,"Normal S:6/6, Pierce S:0/3/3, Pellet S:0/3/3, Crag S:0/1/1, Clust S:0/1/1, PoisnS:3/1, Flame S:3, ThunderS:3, Tranq S:2, Paint S:2",,,,
6,gunner_weapon,23,Uranos Grenade,light-bowgun,4,vallode,4,,,,N,192,,,10%,0,,,,,,2325,Blk Gravios Shl x4; Basarios Wing x1; Monster Bone+ x3; Hercudrome x3,,,,,VeryFast,Moderate,252,Flaming S,"Normal S:6/6, Pierce S:0/3/3, Pellet S:0/3/3, Crag S:0/1/1, Clust S:0/1/1, PoisnS:3/1, Flame S:3, ThunderS:3, Tranq S:2, Paint S:2",,,,
6,gunner_weapon,24,Valkyrie Fire,light-bowgun,4,vallode,4,,,,N,168,,,0%,1,,,,,,1875,Rathian Scale x5; Monster Bone+ x2; Rathian Shell x3; Gunpowder x10,,,,,Fast,Moderate,228,,"Normal S:6/6/9, Pierce S:3/3, Pellet S:4, Crag S:1/1, RecovS:3/3, SleepS:3/1, Flame S:3, Tranq S:2, Paint S:2, Armor S:1",,,,
6,gunner_weapon,25,Valkyrie Heart,light-bowgun,5,vallode,5,,,,N,180,,,0%,0,,,,,,2250,Pnk Rathian Scl x5; Pnk Rathian Shl x3; Dragonite Ore x2; Rathian Spike x1,,,,,Fast,Moderate,240,Normal S Lv2,"Normal S:6/3/9, Pierce S:4/4, Pellet S:2, Crag S:1/1, RecovS:3/3, SleepS:3/1, Flame S:3, ThunderS:3, Tranq S:2, Paint S:2, Armor S:1",,,,
6,gunner_weapon,26,Spartacus Fire,light-bowgun,4,vallode,4,,,,N,180,,,0%,0,,,,,,1950,Rathalos Shell x3; Monster Bone+ x2; Rathalos Scale x5; Gunpowder x10,,,,,Normal,Moderate,240,,"Normal S:6/6/9, Pierce S:3/3/3, Crag S:1/1, RecovS:3/3, PoisnS:3/1, Para S:3/1, Flame S:3, Tranq S:2, Paint S:2, Demon S:1",,,,
6,gunner_weapon,27,Spartacus Soul,light-bowgun,5,vallode,5,,,,N,192,,,0%,0,,,,,,2325,Azure Rthlos Shl x5; Dragonite Ore x2; FireWyvrn Marrow x1,,,,,Normal,Moderate,252,Pierce S Lv1,"Normal S:6/6/9, Pierce S:3/4/4, Crag S:1/1, RecovS:3/3, PoisnS:3/1, Para S:3/1, Flame S:3, Water S:3, ThunderS:3, Tranq S:2, Paint S:2, Demon S:1",,,,
6,gunner_weapon,28,Azure Sakura,light-bowgun,5,vallode,5,,5,,N,180,,,0%,0,,,,,,2700,Azure Rthlos Shl x5; Pnk Rathian Scl x5; Lightcrystal x2; FireWyvrn Marrow x2,,,,,Fast,Moderate,240,Normal S Lv2|Pierce S Lv1,"Normal S:6/3/9, Pierce S:3/4/4, Pellet S:2, Crag S:1/1, RecovS:3/3, PoisnS:3/1, Para S:3/1, SleepS:3/1, Flame S:3, Water S:3, ThunderS:3, Tranq S:2, Paint S:2, Demon S:1, Armor S:1",,,,
6,gunner_weapon,29,Felyne Ragdoll,light-bowgun,5,vallode,5,,5,,N,144,,,0%,3,,,,,,1375,FlynMealPassReg x3; Lightcrystal x1; Rubbery Hide x5; Flame Sac x5,,,,,VeryFast,Moderate,204,Normal S Lv1|Flaming S,"Normal S:4/6/9, Pierce S:3, Pellet S:4, Crag S:2/2/2, RecovS:3/3, PoisnS:3/1, Para S:3/1, SleepS:3/1, Flame S:5, Tranq S:2, Paint S:2, Demon S:1, Armor S:1",,,,
6,gunner_weapon,30,Melynx Ragdoll,light-bowgun,5,vallode,5,,,,N,144,,,30%,1,,,,,,1375,FlynMealPassReg x3; Black Pearl x6; Hermitaur Claw x2; Flame Sac x5,,,,,VeryFast,Moderate,204,Normal S Lv1|Flaming S,"Normal S:4/6/9, Pierce S:3, Pellet S:4, Crag S:2/2/2, RecovS:3/3, PoisnS:3/1, Para S:3/1, SleepS:3/1, Flame S:6, Tranq S:2, Paint S:2, Demon S:1, Armor S:1",,,,
6,gunner_weapon,31,Black Belt Bowgun,light-bowgun,5,vallode,5,,5,,N,168,,,0%,1,,,,,,1875,Tigrex Coin x8; Blackbelt Ticket x10; Khezu Coin x7; Yian Garuga Coin x8,,,,,VeryFast,Moderate,228,Thunder S,"Normal S:6/6/9, Pierce S:3/3, Pellet S:4/4, Crag S:1/1/1, Clust S:1, RecovS:3/3, PoisnS:3/1, Para S:3/1, SleepS:3/1, Flame S:3, Water S:3, ThunderS:2, Tranq S:2, Paint S:2, Demon S:1, Armor S:1",,,,
6,gunner_weapon,32,Demonlock,light-bowgun,5,vallode,5,,,,N,108,,,0%,0,,,,,,1000,Ruststone x1,,,,,Slow,Moderate,168,,"Normal S:6/6/9, Pierce S:3, Pellet S:4, Crag S:3/3/3, Clust S:3/3/3, RecovS:0/3, PoisnS:0/1, Para S:0/1, SleepS:0/1, Demon S:1, Armor S:1",,,,
6,gunner_weapon,33,Blessed Lamp,light-bowgun,5,vallode,5,,5,,N,156,,,30%,3,,,,,,2250,Chameleos Hide x6; ChameleosWebbing x4; Firestone x1; ElderDragonBlood x2,,,,,Fast,Moderate,216,,"Normal S:6/6/9, Pierce S:3/3, Pellet S:4/4, Crag S:1/1/1, Clust S:1, RecovS:3/3, PoisnS:3/1, Para S:3/1, SleepS:3/1, Flame S:3, Water S:3, ThunderS:3, Freeze S:3, Dragon S:1, Tranq S:2, Paint S:2, Demon S:1, Armor S:1",,,,
6,gunner_weapon,34,Black Parasol,light-bowgun,5,vallode,5,,,,N,168,,,0%,0,,,,,,3000,Dark Stone x1; Dark Piece x3; Lost Umbrella x1; Dragonite Ore x3,,,,,Fast,Moderate,228,,"Normal S:6/6/9, Pierce S:3, Pellet S:4/4/4, Crag S:1/1, RecovS:3/3, PoisnS:3/1, Para S:3/1, SleepS:3/1, Flame S:3, Dragon S:1, Tranq S:2, Paint S:2, Demon S:1, Armor S:1",,,,
6,gunner_weapon,35,Great Crossbow Gun,light-bowgun,6,vallode,6,,,,N,240,,,0%,2,,,,,,2450,Stout Bone x2; FlynMealPassPlus x2; Monster Bone+ x5; King Scarab x3,,,Plus Class Tcket x1; Stout Bone x2,,Normal,Moderate,300,,"Normal S:6/6, Pierce S:3, Pellet S:4, Crag S:1, Clust S:1, RecovS:3/3, PoisnS:3/1, Para S:3/1, SleepS:3/1, Flame S:3, Water S:3, ThunderS:3, Freeze S:3, Tranq S:2, Paint S:2, Demon S:1, Armor S:1",,,,
6,gunner_weapon,36,Hornet Gun,light-bowgun,6,vallode,6,,,,N,216,,,0%,0,,,,,,2450,HornetaurInnrWng x6; Hornetaur Crapce x10; Stout Bone x3; Hercudrome x3,,,,,Fast,Moderate,276,,"Normal S:9/9/12, Pierce S:3, Pellet S:4, Crag S:2/2/2, Clust S:2/2, RecovS:3/3, PoisnS:3/1, Para S:3/1, SleepS:3/1, Dragon S:1, Tranq S:2, Paint S:2",,,,
6,gunner_weapon,37,Bullet Storm,light-bowgun,7,vallode,7,,,,N,216,,,0%,0,,,,,,2625,Giadrome Claw+ x8; Giaprey Scale+ x10; Hrd Monster Bone x1; Carbalite Ore x5,,,,,Fast,Moderate,276,Pellet S Lv1,"Normal S:9/9/12, Pierce S:3, Pellet S:3/4/4, Crag S:1, Clust S:1, RecovS:3/3, PoisnS:3/1, Para S:3/1, SleepS:3/1, Flame S:3, Water S:3, ThunderS:3, Freeze S:6, Tranq S:2, Paint S:2, Demon S:1",,,,
6,gunner_weapon,38,Aqua Blade Shower,light-bowgun,6,vallode,6,,,,N,204,,,30%,0,,,,,,1200,Velocidrome Clw+ x6; Velociprey Scle+ x8; Monster Bone+ x5; Dragonite Ore x6,,,,,Fast,Moderate,264,,"Normal S:6/6, Pierce S:3, Pellet S:4/4, Crag S:1, Clust S:1, RecovS:3/3, SleepS:3/1, Flame S:3, Water S:3, Tranq S:2, Paint S:2, Demon S:1, Armor S:1",,,,
6,gunner_weapon,39,Green Blade Shower,light-bowgun,6,vallode,6,,,,N,216,,,0%,2,,,,,,1650,Gendrome Tail x6; Genprey Scale+ x8; Monster Bone+ x5; Dragonite Ore x8,,,,,Fast,Moderate,276,,"Normal S:6/6, Pierce S:3, Pellet S:4/4/4, Crag S:1, Clust S:1, RecovS:3/3, Para S:3/1, SleepS:3/1, Flame S:3, Water S:3, ThunderS:3, Tranq S:2, Paint S:2, Demon S:1, Armor S:1",,,,
6,gunner_weapon,40,Crimson Blade Shower,light-bowgun,6,vallode,6,,,,N,228,,,0%,0,,,,,,1975,Ioprey Scale+ x8; Toxin Sac x6; Stout Bone x2; Dragonite Ore x10,,,,,Fast,Moderate,288,,"Normal S:6/6, Pierce S:3, Pellet S:4/4/4, Crag S:1, Clust S:1, RecovS:3/3, PoisnS:3/1, Para S:3/1, SleepS:3/1, Flame S:3, Water S:3, ThunderS:3, Tranq S:2, Paint S:2, Demon S:1, Armor S:1",,,,
6,gunner_weapon,41,Desert Tempest,light-bowgun,6,vallode,6,,,,N,216,,,0%,2,,,,,,2400,Cephalos Fin+ x5; Cephalos Scale+ x6; Carbalite Ore x5; Hercudrome x4,,,,,VeryFast,Moderate,276,,"Normal S:6/6/9, Pierce S:3, Pellet S:4, Crag S:1, Clust S:1, RecovS:3/3, PoisnS:3/1, Para S:3/1, SleepS:3/1, Water S:3, Tranq S:2, Paint S:2, Demon S:1, Armor S:1",,,,
6,gunner_weapon,42,Sandfall+,light-bowgun,4,vallode,4,,,,N,156,,,0%,0,,,,,,1975,Rainbow Ore x2; Cephalos Scale x8; Cephalos Fin x5; Machalite Ore x8,,,,,VeryFast,Moderate,216,Normal S Lv2,"Normal S:9/3/12, Pierce S:3, Pellet S:4, Crag S:1, Clust S:1, RecovS:3/3, PoisnS:3/1, Para S:3/1, SleepS:3/1, Flame S:4, Water S:4, ThunderS:4, Tranq S:2, Paint S:2, Demon S:1, Armor S:1",,,,
6,gunner_weapon,43,Maelstrom+,light-bowgun,3,vallode,3,,,,N,120,,,0%,0,,,,,,1150,Plesioth Fin x3; Plesioth Scale x6; Machalite Ore x5; Carpenterbug x6,,,,,Normal,Moderate,180,,"Normal S:6/4, Pierce S:2/2/2, Pellet S:2/2/2, Crag S:1/1/1, Clust S:1/1/1, RecovS:3/3, PoisnS:3/1, Para S:3/1, SleepS:3/1, Flame S:3, Water S:2, ThunderS:3, Freeze S:3, Tranq S:2, Paint S:2, Demon S:1, Armor S:1",,,,
6,gunner_weapon,44,Jade Tempest,light-bowgun,7,vallode,7,,,,N,216,,,0%,0,,,,,,3025,Grn Plsioth Scl+ x5; Grn Plsioth Fin+ x4; Ancient Fish x2; Union Ore x2,,,,,Normal,Moderate,276,Normal S Lv2,"Normal S:6/3, Pierce S:2/2/2, Pellet S:2/2/2, Crag S:1/1/1, Clust S:1/1/1, RecovS:3/3, PoisnS:3/1, Para S:3/1, SleepS:3/1, Flame S:3, Water S:3, ThunderS:3, Freeze S:3, Tranq S:2, Paint S:2, Demon S:1, Armor S:1",,,,
6,gunner_weapon,45,King Lobster Gun,light-bowgun,6,vallode,6,,,,N,228,,,0%,0,,,,,,2525,Lg Lobstershell x2; Plesioth Fin+ x4; Plesioth Scale+ x5; King Scarab x6,,,,,Normal,Moderate,288,Water S,"Normal S:6/6/9, Pierce S:3/2/2, Pellet S:4/2/2, RecovS:3/3, PoisnS:3/1, Para S:3/1, SleepS:3/1, Flame S:3, Water S:3, Freeze S:3, Tranq S:3, Paint S:2, Demon S:1, Armor S:1",,,,
6,gunner_weapon,46,Tail Catapult,light-bowgun,6,vallode,6,,,,N,252,,,0%,0,,,,,,2525,Blangonga Pelt+ x6; Blango Pelt+ x6; Stout Bone x4; Hercudrome x4,,,,,Normal,Moderate,312,Freeze S,"Normal S:9/9/12, Pierce S:3/2/2, Pellet S:4/2/2, RecovS:3/3, SleepS:3/1, Water S:3, ThunderS:3, Freeze S:3, Tranq S:2, Paint S:2, Demon S:1, Armor S:1",,,,
6,gunner_weapon,47,Wolf Do,light-bowgun,8,vallode,8,,,,N,264,,,0%,0,,,,,,3800,Rejuvenated Beak x3; Garuga Mane x4; Garuga Scale+ x4; Blk Gravios Cpc x3,,,,,Normal,Moderate,324,,"Normal S:6/6/9, Pierce S:0/3, Pellet S:0/4, Crag S:0/1, Clust S:0/1, RecovS:3/3, PoisnS:3/1, Flame S:6, Tranq S:2, Paint S:2",,,,
6,gunner_weapon,48,Peach Parasol,light-bowgun,7,vallode,7,,,,N,240,,,0%,0,,,,,,3150,Alluring Webbing x8; Lost Umbrella x1; Hrd Monster Bone x4; Thunder Sac x4,,,,,Fast,Moderate,300,Thunder S,"Normal S:9/9/12, Pierce S:3/3, Pellet S:4/4/4, Crag S:2/2/2, RecovS:3/3, PoisnS:3/1, Para S:3/1, SleepS:3/1, ThunderS:3, Freeze S:3, Tranq S:2, Paint S:2, Demon S:1, Armor S:1",,,,
6,gunner_weapon,49,Tigrex Wargun,light-bowgun,6,vallode,6,,,,N,288,,,-30%,1,,,,,,2850,Tigrex Carapace x4; Tigrex Scale+ x8; FireWyvrn BrnStm x1; Wyvern Stone x2,,,,,VeryFast,Moderate,348,,"Normal S:6/6/9, Pierce S:4/4/4, Crag S:2/2/2, Clust S:0/1, Tranq S:2, Paint S:2",,,,
6,gunner_weapon,50,Grenade Launcher+,light-bowgun,4,vallode,4,,,,N,132,,,0%,0,,,,,,1575,Dragonite Ore x2; Basarios Shell x6; Earth Crystal x20; Machalite Ore x10,,,,,VeryFast,Moderate,192,Crag S Lv1,"Normal S:6/6, Pierce S:2/2, Pellet S:2/2, Crag S:1/1, Clust S:1/1, PoisnS:3/1, Tranq S:2, Paint S:2",,,,
6,gunner_weapon,51,Titan Launcher+,light-bowgun,4,vallode,4,,,,N,192,,,0%,1,,,,,,1950,Gravios Shell x6; Wyvern Skull Shl x1; Monster Bone+ x3; Dragonite Ore x4,,,,,VeryFast,Moderate,252,,"Normal S:6/6, Pierce S:0/3/3, Pellet S:0/3/3, Crag S:0/1/1, Clust S:0/1/1, PoisnS:3/1, Flame S:3, ThunderS:3, Tranq S:2, Paint S:2",,,,
6,gunner_weapon,52,Chronos Grenade,light-bowgun,7,vallode,7,,,,N,252,,,10%,0,,,,,,3425,Blk Gravios Cpc x6; Blk Gravios Shl x5; Blk Gravios Skl x1; Union Ore x4,,,,,VeryFast,Moderate,312,Flaming S,"Normal S:6/6, Pierce S:0/4/4, Pellet S:0/4/4, Crag S:0/1/1, Clust S:0/1/1, PoisnS:3/1, Flame S:4, ThunderS:3, Tranq S:2, Paint S:2",,,,
6,gunner_weapon,53,Rajang Barrage,light-bowgun,8,vallode,8,,,,N,276,,,0%,0,,,,,,5000,Gold Rajang Pelt x1; Blk Rajang Pelt x3; Rajang Fang x3; Hrd Monster Bone x3,,,,,Normal,Moderate,336,Crag S Lv1,"Normal S:9/9/12, Pierce S:4/4/4, Crag S:2/2/2, Clust S:1, RecovS:3/3, Para S:3/1, Flame S:3, Water S:3, ThunderS:3, Tranq S:2, Paint S:2",,,,
6,gunner_weapon,54,Valkyrie Blaze,light-bowgun,6,vallode,6,,,,N,228,,,0%,1,,,,,,2750,Rathian Scale+ x5; Rathian Carapace x3; Carbalite Ore x5; King Scarab x6,,,,,Fast,Moderate,288,,"Normal S:6/6/9, Pierce S:3/3, Pellet S:4, Crag S:1/1, RecovS:3/3, SleepS:3/1, Flame S:3, Tranq S:3, Paint S:2, Armor S:1",,,,
6,gunner_weapon,55,Valkyrie Heart+,light-bowgun,5,vallode,5,,,,N,180,,,0%,0,,,,,,2250,Pnk Rathian Scl x5; Pnk Rathian Shl x3; Dragonite Ore x2; Rathian Spike x1,,,,,Fast,Moderate,240,Normal S Lv2,"Normal S:6/3/9, Pierce S:4/4, Pellet S:2, Crag S:1/1, RecovS:3/3, SleepS:3/1, Flame S:3, ThunderS:3, Tranq S:2, Paint S:2, Armor S:1",,,,
6,gunner_weapon,56,Gold Valkyrie,light-bowgun,8,vallode,8,,,,N,252,,,0%,0,,,,,,3950,Gld Rathian Scl+ x6; Gld Rathian Cpc x5; Novacrystal x2; FireWyvrn BrnStm x2,,,,,Fast,Moderate,312,Pellet S Lv1,"Normal S:6/6/9, Pierce S:4/4, Pellet S:2, Crag S:2/2, Clust S:2/2, RecovS:3/3, SleepS:3/1, Flame S:3, Water S:3, ThunderS:3, Tranq S:2, Paint S:2, Armor S:1",,,,
6,gunner_weapon,57,Spartacus Blaze,light-bowgun,6,vallode,6,,,,N,240,,,0%,2,,,,,,2850,Rathalos Carpace x5; Rathalos Scale+ x3; Carbalite Ore x5; King Scarab x6,,,,,Normal,Moderate,300,,"Normal S:6/6/9, Pierce S:3/3/3, Crag S:1/1, RecovS:3/3, PoisnS:3/1, Para S:3/1, Flame S:3, Tranq S:2, Paint S:2, Demon S:1",,,,
6,gunner_weapon,58,Spartacus Soul+,light-bowgun,5,vallode,5,,,,N,192,,,0%,0,,,,,,2325,Azure Rthlos Shl x5; Dragonite Ore x2; FireWyvrn Marrow x1,,,,,Normal,Moderate,252,Pierce S Lv1,"Normal S:6/6/9, Pierce S:3/4/4, Crag S:1/1, RecovS:3/3, PoisnS:3/1, Para S:3/1, Flame S:3, Water S:3, ThunderS:3, Tranq S:2, Paint S:2, Demon S:1",,,,
6,gunner_weapon,59,Silver Spartacus,light-bowgun,8,vallode,8,,,,N,264,,,-10%,0,,,,,,4100,Slvr Rthlos Cpc x5; Slvr Rthlos Scl+ x6; Novacrystal x2; FireWyvrn BrnStm x2,,,,,Normal,Moderate,324,Pierce S Lv2,"Normal S:6/6/9, Pierce S:6/3/6, Crag S:1/1, RecovS:3/3, PoisnS:3/1, Para S:3/1, Flame S:3, Water S:3, Freeze S:3, Tranq S:2, Paint S:2, Demon S:1",,,,
6,gunner_weapon,60,Crimson Blue,light-bowgun,8,vallode,8,,,,N,240,,,0%,2,,,,,,3300,Rathian Spike+ x1; FireWyvrn BrnStm x1; Firecell Stone x1; Inferno Sac x6,,,,,Fast,Moderate,300,,"Normal S:6/6/9, Pierce S:3/3/3, Pellet S:4, Crag S:1/1, RecovS:3/3, PoisnS:3/1, Para S:3/1, SleepS:3/1, Flame S:3, Tranq S:2, Paint S:2, Demon S:1, Armor S:1",,,,
6,gunner_weapon,61,Supreme Azure Sakura,light-bowgun,8,vallode,8,,,,N,252,,,0%,0,,,,,,3950,Azure Rthlos Cpc x5; Pnk Rathian Scl+ x5; Rathalos Ruby x1; Rathian Spike x2,,,,,Fast,Moderate,312,Normal S Lv2|Pierce S Lv1,"Normal S:6/3/9, Pierce S:3/4/4, Pellet S:2, Crag S:1/1, RecovS:3/3, PoisnS:3/1, Para S:3/1, SleepS:3/1, Flame S:3, Water S:3, ThunderS:3, Tranq S:2, Paint S:2, Demon S:1, Armor S:1",,,,
6,gunner_weapon,62,Profusion,light-bowgun,8,vallode,8,,,,N,264,,,-15%,1,,,,,,5000,Slvr Rthlos Wing x2; Gld Rathian Scl+ x8; Rathalos Ruby x1; Rathian Ruby x1,,,,,Fast,Moderate,324,Pellet S Lv1|Pierce S Lv2,"Normal S:6/6/9, Pierce S:6/3/6, Pellet S:2, Crag S:2/2, Clust S:2/2, RecovS:3/3, PoisnS:3/1, Para S:3/1, SleepS:3/1, Flame S:3, Water S:3, ThunderS:3, Freeze S:3, Tranq S:2, Paint S:2, Demon S:1, Armor S:1",,,,
6,gunner_weapon,63,Fire Wrath,light-bowgun,8,vallode,8,,5,,N,276,,,0%,0,,,,,,4600,Rathalos Ruby x2; Rathalos Wing x5; Rathalos Plate x3; Rajang Coin x1,,,,,VeryFast,Moderate,336,Pierce S Lv1|Flaming S ,"Normal S:9/9/12, Pierce S:4/4/3, Crag S:1/1, RecovS:3/3, PoisnS:3/1, Para S:3/1, Flame S:3, Tranq S:2, Paint S:2, Demon S:1",,,,
6,gunner_weapon,64,Felyne Helldoll,light-bowgun,8,vallode,8,,,,N,228,,,0%,3,,,,,,3025,Felyne Fur Ruby x1; FlynMealPassPlus x3; Novacrystal x1; Inferno Sac x4,,,,,VeryFast,Moderate,288,Normal S Lv1|Flaming S,"Normal S:4/6/9, Pierce S:3, Pellet S:4, Crag S:2/2/2, RecovS:3/3, PoisnS:3/1, Para S:3/1, SleepS:3/1, Flame S:6, Tranq S:2, Paint S:2, Demon S:1, Armor S:1",,,,
6,gunner_weapon,65,Melynx Helldoll,light-bowgun,8,vallode,8,,,,N,228,,,30%,1,,,,,,3025,Felyne Fur Ruby x1; FlynMealPassPlus x3; Dark Stone x2; Inferno Sac x4,,,,,VeryFast,Moderate,288,Normal S Lv1|Flaming,"Normal S:4/6/9, Pierce S:3, Pellet S:4, Crag S:2/2/2, RecovS:3/3, PoisnS:3/1, Para S:3/1, SleepS:3/1, Flame S:6, Tranq S:2, Paint S:2, Demon S:1, Armor S:1",,,,
6,gunner_weapon,66,Expert Bowgun,light-bowgun,8,vallode,8,,,,N,228,,,0%,1,,,,,,2750,FireWyvrn BrnStm x1; Kirin Coin x7; Fire Coin x12; Expert Ticket x10,,,,,VeryFast,Moderate,288,Thunder S,"Normal S:9/9/12, Pierce S:4, Pellet S:6, Crag S:3, Clust S:3, RecovS:3/3, PoisnS:3/1, Para S:3/1, SleepS:3/1, Flame S:3, Water S:3, ThunderS:2, Tranq S:2, Paint S:2, Demon S:1, Armor S:1",,,,
6,gunner_weapon,67,Island of the Gods,light-bowgun,8,vallode,8,,5,,N,204,,,0%,0,,,,,,1000,Ancient Stone x1,,,,,Slow,Moderate,264,,"Normal S:6/6/9, Pierce S:3, Pellet S:4, Crag S:3/3/3, Clust S:3/3/3, RecovS:0/3, PoisnS:0/1, Para S:0/1, SleepS:0/1, Flame S:3, Tranq S:2, Paint S:2, Demon S:1, Armor S:1",,,,
6,gunner_weapon,68,Cursed Lamp,light-bowgun,8,vallode,8,,5,,N,240,,,30%,3,,,,,,3300,Chameleos Jewel x1; Chameleos Hide+ x3; Chameleos Hide x6; Rare Scarab x4,,,,,Fast,Moderate,300,,"Normal S:6/6/9, Pierce S:3/3, Pellet S:4/4, Crag S:1/1/1, Clust S:1, RecovS:3/3, PoisnS:3/1, Para S:3/1, SleepS:3/1, Flame S:3, Water S:3, ThunderS:3, Freeze S:3, Dragon S:1, Tranq S:2, Paint S:2, Demon S:1, Armor S:1",,,,
6,gunner_weapon,69,Dark Parasol,light-bowgun,8,vallode,8,,,,N,264,,,0%,0,,,,,,4400,Fatalis Webbing x1; Lost Umbrella x1; Fatalis Scale x5; Carbalite Ore x15,,,,,Fast,Moderate,324,,"Normal S:6/6/9, Pierce S:3, Pellet S:4/4/4, Crag S:1/1, Clust S:1/1, RecovS:3/3, PoisnS:3/1, Para S:3/1, SleepS:3/1, Flame S:3, Dragon S:1, Tranq S:2, Paint S:2, Demon S:1, Armor S:1",,,,
6,gunner_weapon,70,Bone Shooter,heavy-bowgun,1,vallode,1,,,,N,156,,,0,1,,,,,,700,Iron Ore x8; Sm Monster Bone x3,,,,,Slow,Moderate,216,,"Normal S:6/6, Pierce S:3/3, Pellet S:4/4, Crag S:1, Clust S:1, PoisnS:3/1, SleepS:3/1, Flame S:3, Tranq S:2, Paint S:2",,,,
6,gunner_weapon,71,Rapidcaster,heavy-bowgun,2,vallode,2,,,,N,180,,,0,1,,,,,,1000,Brute Bone x4; Bulldrome Hide x4; Kelbi Hide x4; Kelbi Horn x2,,,Hard Ticket x1; Bulldrome Hide x1,,VeryFast,Moderate,240,,"Normal S:6/6/9, Pierce S:3, Pellet S:4, Crag S:1, Clust S:1, RecovS:3, PoisnS:3, Para S:3, SleepS:3, Freeze S:3, Tranq S:2, Paint S:2",,,,
6,gunner_weapon,72,Monodevilcaster,heavy-bowgun,4,vallode,4,,,,N,240,,,0,0,,,,,,3050,Wht Monoblos Spn x5; Wht Monoblos Shl x5; Dragonite Ore x2; Wht Monoblos Hrn x2,,,,,VeryFast,Moderate,300,,"Normal S:6/6/6, Pierce S:2/2/2, Pellet S:2/2/2, Tranq S:2, Paint S:2",,,,
6,gunner_weapon,73,Duelcaster,heavy-bowgun,4,vallode,4,,,,N,288,,,0,0,,,,,,4800,Diablos Spine x5; Diablos Shell x5; Dragonite Ore x15; Majestic Horn x1,,,,,VeryFast,Moderate,348,,"Normal S:6/6/6, Pierce S:2/2/2, Tranq S:2, Paint S:2",,,,
6,gunner_weapon,74,Quickcaster,heavy-bowgun,5,vallode,5,,5,,N,252,,,0,0,,,,,,4300,Kirin Mane x8; Kirin Hide x2; Dragonite Ore x10; Twisted Horn x2,,,,,VeryFast,Moderate,312,,"Normal S:6/6/9, Pierce S:3/3, Pellet S:0/4, Crag S:0/1, Clust S:0/1, RecovS:3/3, PoisnS:3/1, Para S:3/1, SleepS:3/1, Flame S:3, Water S:3, ThunderS:3, Freeze S:3, Tranq S:2, Paint S:2, Demon S:1, Armor S:1",,,,
6,gunner_weapon,75,Injector Cannon,heavy-bowgun,2,vallode,2,,,,N,168,,,0,0,,,,,,900,Vespoid Wing x6; Hornetaur Shell x4; Disk Stone x3; Brute Bone x2,,,Normal Ticket x1; Vespoid Wing x1,,Fast,Moderate,228,,"Normal S:6/6/9, Pierce S:3, Pellet S:4/4/4, Crag S:1/1/1, RecovS:3/3, PoisnS:3/1, Para S:3/1, SleepS:3/1, Flame S:3, Water S:3, ThunderS:3, Dragon S:1, Tranq S:2, Paint S:2, Demon S:1, Armor S:1",,,,
6,gunner_weapon,76,Flechette Gun,heavy-bowgun,4,vallode,4,,,,N,228,,,0,0,,,,,,3375,Hercudrome x2; Vespoid Abdomen x1; Hornetaur Shell x15; Monster Bone+ x3,,,,,Normal,Moderate,288,,"Normal S:6/6, Pierce S:2/2, Pellet S:2/2, Crag S:1/1, Clust S:1/1, PoisnS:3/1, Para S:3/1, ThunderS:3, Dragon S:1, Tranq S:2, Paint S:2, Demon S:1",,,,
6,gunner_weapon,77,Ladybug Cannon,,,,,,,,,,,,,,,,,,,,,,,,,,,,,,,,,
6,gunner_weapon,78,Yian Kut-Ku Cannon,heavy-bowgun,3,vallode,3,,,,N,216,,,0,1,,,,,,2675,Kut-Ku Shell x8; Kut-Ku Scale x8; Flabby Hide x5; Lg Monster Bone x10,,,,,VerySlow,Moderate,276,,"Normal S:9/9/12, Pierce S:0/3, Pellet S:0/4, Crag S:0/1, Clust S:0/1, PoisnS:3/1, Flame S:4, Tranq S:2, Paint S:2",,,,
6,gunner_weapon,79,Blue Kut-Ku Cannon,heavy-bowgun,4,vallode,4,,,,N,252,,,0,0,,,,,,4000,Giant Beak x1; Blue Kut-Ku Shl x5; Alluring Hide x5; Machalite Ore x10,,,,,VerySlow,Moderate,312,,"Normal S:9/9/12, Pierce S:0/3, Pellet S:0/4, Crag S:0/1, Clust S:0/1, PoisnS:3/1, Flame S:4, Tranq S:2, Paint S:2",,,,
6,gunner_weapon,80,Raven Heirloom,heavy-bowgun,5,vallode,5,,,,N,264,,,0,0,,,,,,4800,Garuga Ear x2; Garuga Shell x8; Blangonga Whiskr x4; Ceanataur Claw x3,,,,,Fast,Moderate,324,,"Normal S:6/6/9, Pierce S:0/3, Pellet S:0/4, Crag S:0/1, Clust S:0/1, RecovS:3/3, PoisnS:3/1, Flame S:6, Tranq S:2, Paint S:2",,,,
6,gunner_weapon,81,Tankmage,heavy-bowgun,3,vallode,3,,,,N,180,,,0,2,,,,,,1400,Rubbery Hide x4; Earth Crystal x10,,,Plus Class Tcket x1; Rubbery Hide x1,,Slow,Moderate,240,,"Normal S:6/6, Pierce S:3, Pellet S:4/4/4, Crag S:1, Clust S:1/1, RecovS:3/3, PoisnS:3/1, Para S:3/1, SleepS:3/1, Water S:3, ThunderS:3, Tranq S:2, Paint S:2",,,,
6,gunner_weapon,82,Bastionmage,heavy-bowgun,3,vallode,3,,,,N,192,,,0,1,,,,,,1675,Pur Rubbery Hide x8; Machalite Ore x4; Carpenterbug x6,,,,,Slow,Moderate,252,,"Normal S:6/6, Pierce S:3, Pellet S:6/6/6, Crag S:1, Clust S:1/1, RecovS:3/3, PoisnS:3/1, Para S:3/1, SleepS:3/1, Flame S:3, Water S:3, ThunderS:3, Freeze S:3, Tranq S:2, Paint S:2",,,,
6,gunner_weapon,83,Crab Buster,heavy-bowgun,3,vallode,3,,,,N,216,,,0,2,,,,,,2750,Hermitaur Claw x3; Hermitaur Shell x8; Sm Hermitaur Shl x10; Piscine Fang x4,,,,,Slow,Moderate,276,,"Normal S:6/6/9, Pierce S:3/3, Pellet S:4, Clust S:1, RecovS:3/3, Para S:3/1, Water S:3, Freeze S:3, Tranq S:2, Paint S:2, Armor S:1",,,,
6,gunner_weapon,84,Meteor Cannon,heavy-bowgun,4,vallode,4,,4,,N,216,,,0,2,,,,,,3000,Firestone x1; Dragonite Ore x15; Machalite Ore x20; Iron Ore x40,,,,,Fast,Moderate,276,,"Normal S:6/6/9, Pierce S:4/4/4, Crag S:1/1/1, Para S:3, SleepS:3, Flame S:3, Tranq S:2, Paint S:2",,,,
6,gunner_weapon,85,Rock Eater,heavy-bowgun,4,vallode,4,,,,N,216,,,0,0,,,,,,3250,Basarios Shell x10; Machalite Ore x15; Poison Sac x4; Basarios Wing x1,,,,,Slow,Moderate,276,,"Normal S:6/6/9, Pierce S:3, Pellet S:4, Crag S:2/2/2, Clust S:2/2/2, RecovS:0/3, PoisnS:3/1, Para S:0/1, SleepS:0/1, Flame S:3, Tranq S:2, Paint S:2, Demon S:1, Armor S:1",,,,
6,gunner_weapon,86,Tigrex Howl,heavy-bowgun,4,vallode,4,,,,N,300,,,-30%,0,,,,,,4800,Tigrex Skull Shl x2; Tigrex Shell x8; Dragonite Ore x6; Monster Bone+ x8,,,,,VeryFast,Moderate,360,,"Normal S:6/6/9, Pierce S:4/4/4, Crag S:2/2/2, Tranq S:2, Paint S:2",,,,
6,gunner_weapon,87,Daora's Delphinidae,heavy-bowgun,5,vallode,5,,,,N,264,,,30%,1,,,,,,5400,Daora Shell x5; DaoraDragonScale x8; ElderDragonBlood x1; Dragonite Ore x4,,,,,VerySlow,Weak,324,,"Normal S:6/6/9, Pierce S:3/3/3, Pellet S:4, Crag S:1, Clust S:1, RecovS:3/3, PoisnS:3/1, Para S:3/1, Water S:3, Freeze S:3, Tranq S:2, Paint S:2, Demon S:1",,,,
6,gunner_weapon,88,Lunastra's Cannon,heavy-bowgun,5,vallode,5,,,,N,264,,,0,0,,,,,,5250,Lunastra Shell x4; Fire Dragon Scl x6; Lunastra Mane x2; Firestone x1,,,,,Normal,Moderate,324,,"Normal S:6/6/9, Pierce S:3/3, Pellet S:4, Crag S:3/3/3, Clust S:2/2/2, RecovS:3/3, SleepS:3/1, Flame S:6, Tranq S:2, Paint S:2, Armor S:1",,,,
6,gunner_weapon,89,Teostra's Artillery,heavy-bowgun,5,vallode,5,,,,N,276,,,15%,0,,,,,,5500,Teostra Shell x4; Fire Dragon Scl x2; Teostra Mane x2; Firestone x2,,,,,Normal,Moderate,336,,"Normal S:6/6/9, Pierce S:0/3/3, Pellet S:0/0/4, Crag S:3/3/3, Clust S:2/2/2, RecovS:3/3, PoisnS:3/1, Flame S:6, Tranq S:2, Paint S:2, Demon S:1",,,,
6,gunner_weapon,90,Lao-Shan Lung Cannon,heavy-bowgun,5,vallode,5,,5,,N,300,,,0,1,,,,,,6000,Lao-Shan's Shell x4; Lao-Shan's Scale x6; Rathalos Plate x1; Dragonite Ore x10,,,,,VerySlow,Weak,360,,"Normal S:0/6/9, Pierce S:0/0/3, Pellet S:0/0/4, Crag S:0/0/1, Clust S:0/0/1, PoisnS:0/1, Flame S:3, Water S:3, ThunderS:3, Tranq S:2, Paint S:2",,,,
6,gunner_weapon,91,Bronze Fire,heavy-bowgun,5,vallode,5,,,,N,276,,,0,1,,,,,,5500,Gaoren Pincer x2; Gaoren Shell x5; Firestone x1; Pokke Ticket x2,,,,,VerySlow,VeryWeak,336,,"Normal S:6/6/9, Pierce S:4/0/4, Crag S:1/1/1, Clust S:1/1/1, Dragon S:2, Tranq S:2, Paint S:2, Demon S:1, Armor S:1",,,,
6,gunner_weapon,92,Black Cannon,heavy-bowgun,5,vallode,5,,,,N,252,,,0,1,,,,,,5000,Dark Stone x1; Dark Piece x4; ElderDragonBlood x1; Dragonite Ore x3,,,,,Fast,Moderate,312,,"Normal S:6/6/9, Pierce S:3/3/3, Crag S:1/1/1, Clust S:1/1/1, RecovS:3, PoisnS:3, Para S:3, SleepS:3, Flame S:3, Water S:3, ThunderS:3, Tranq S:2, Paint S:2",,,,
6,gunner_weapon,93,Great Arbalest,heavy-bowgun,6,vallode,6,,,,N,288,,,0,2,,,,,,5000,Stout Bone x4; FlynMealPassPlus x2; Bulldrome Hide+ x3; King Scarab x6,,,Plus Class Tcket x1; Stout Bone x4,,Slow,Moderate,348,,"Normal S:6/6, Pierce S:3, Pellet S:4, Crag S:1, Clust S:1, RecovS:3/3, Para S:3/1, Flame S:3, Water S:3, ThunderS:3, Freeze S:3, Tranq S:2, Paint S:2",,,,
6,gunner_weapon,94,Monodevilcaster+,heavy-bowgun,4,vallode,4,,,,N,240,,,0,0,,,,,,3050,Wht Monoblos Spn x5; Wht Monoblos Shl x5; Dragonite Ore x2; Wht Monoblos Hrn x2,,,,,VeryFast,Moderate,300,,"Normal S:6/6/6, Pierce S:2/2/2, Pellet S:2/2/2, Tranq S:2, Paint S:2",,,,
6,gunner_weapon,95,Duelcaster+,heavy-bowgun,4,vallode,4,,,,N,288,,,0,0,,,,,,4800,Diablos Spine x5; Diablos Shell x5; Dragonite Ore x15; Majestic Horn x1,,,,,VeryFast,Moderate,348,,"Normal S:6/6/6, Pierce S:2/2/2, Tranq S:2, Paint S:2",,,,
6,gunner_weapon,96,Quickcaster+,heavy-bowgun,5,vallode,5,,8,,N,252,,,0,0,,,,,,4300,Kirin Mane x8; Kirin Hide x2; Dragonite Ore x10; Twisted Horn x2,,,,,VeryFast,Moderate,312,,"Normal S:6/6/9, Pierce S:3/3, Pellet S:0/4, Crag S:0/1, Clust S:0/1, RecovS:3/3, PoisnS:3/1, Para S:3/1, SleepS:3/1, Flame S:3, Water S:3, ThunderS:3, Freeze S:3, Tranq S:2, Paint S:2, Demon S:1, Armor S:1",,,,
6,gunner_weapon,97,Honeycomber,heavy-bowgun,6,vallode,6,,,,N,300,,,0,0,,,,,,4950,Vespoid Carapace x10; Vespoid Abdomen x1; HorNetaur Crapce x10; King Scarab x6,,,,,Normal,Moderate,360,,"Normal S:6/6, Pierce S:2/2, Pellet S:2/2, Crag S:1/1, Clust S:1/1, PoisnS:3/1, Para S:3/1, ThunderS:3, Dragon S:1, Tranq S:2, Paint S:2, Demon S:1",,,,
6,gunner_weapon,98,Ladybug Cannon+,,,,,,,,,,,,,,,,,,,,,,,,,,,,,,,,,
6,gunner_weapon,99,Mega Kut-Ku Cannon,heavy-bowgun,7,vallode,7,,,,N,336,,,0,0,,,,,,7050,Blue Kut-Ku Cpc x8; Long Kut-Ku Ear x2; Pale Khezu Steak x2; Union Ore x8,,,,,VerySlow,Moderate,396,,"Normal S:9/9/12, Pierce S:0/3, Pellet S:0/4, Crag S:0/1, Clust S:0/1, PoisnS:3/1, Flame S:4, Tranq S:2, Paint S:2",,,,
6,gunner_weapon,100,Wolf Heirloom,heavy-bowgun,8,vallode,8,,,,N,336,,,0,0,,,,,,8450,Long Garuga Ear x3; Garuga Carapace x5; Garuga Wing x3; Black Blos Cpc x3,,,,,Fast,Moderate,396,,"Normal S:6/6/9, Pierce S:0/3, Pellet S:0/4, Crag S:0/1, Clust S:0/1, RecovS:3/3, PoisnS:3/1, Flame S:6, Tranq S:2, Paint S:2",,,,
6,gunner_weapon,101,Tankmage+,heavy-bowgun,3,vallode,3,,6,,N,180,,,0,2,,,,,,1400,Rubbery Hide x4; Earth Crystal x10,,,Plus Class Tcket x1; Rubbery Hide x1,,Slow,Moderate,240,,"Normal S:6/6, Pierce S:3, Pellet S:4/4/4, Crag S:1, Clust S:1/1, RecovS:3/3, PoisnS:3/1, Para S:3/1, SleepS:3/1, Water S:3, ThunderS:3, Tranq S:2, Paint S:2",,,,
6,gunner_weapon,102,Blastion Cannon,,,,,,,,,,,,,,,,,,,,,,,,,,,,,,,,,
6,gunner_weapon,103,Heavy Buster Crab,heavy-bowgun,6,vallode,6,,,,N,300,,,0,2,,,,,,6050,Hermitaur Carpce x8; Hermitaur Shell x10; Cephalos Scale+ x6; Stout Bone x4,,,,,Slow,Moderate,360,,"Normal S:6/6/9, Pierce S:3/3, Pellet S:4, Clust S:1, RecovS:3/3, Para S:3/1, Water S:3, Freeze S:3, Tranq S:2, Paint S:2, Armor S:1",,,,
6,gunner_weapon,104,Meteor Buster,heavy-bowgun,6,vallode,6,,,,N,288,,,0,2,,,,,,4400,Firecell Stone x1; Carbalite Ore x5; Dragonite Ore x10; King Scarab x6,,,,,Fast,Moderate,348,,"Normal S:6/6/9, Pierce S:4/4/4, Crag S:1/1/1, Para S:3, SleepS:3, Flame S:3, Tranq S:2, Paint S:2",,,,
6,gunner_weapon,105,Earth Eater,heavy-bowgun,6,vallode,6,,,,N,300,,,0,2,,,,,,4725,Basarios Carpace x10; Basarios Tears x2; Carbalite Ore x20; King Scarab x8,,,,,Slow,Moderate,360,,"Normal S:6/6/9, Pierce S:3, Pellet S:4, Crag S:2/2/2, Clust S:2/2/2, RecovS:0/3, PoisnS:3/1, Para S:0/1, SleepS:0/1, Flame S:3, Tranq S:2, Paint S:2, Demon S:1, Armor S:1",,,,
6,gunner_weapon,106,Tigrex Skull,heavy-bowgun,6,vallode,6,,,,N,360,,,-30%,0,,,,,,7025,Tigrex Carapace x6; Tigrex Skull Shl x3; FireWyvrn BrnStm x1; Wyvern Stone x2,,,,,VeryFast,Moderate,420,,"Normal S:6/6/9, Pierce S:4/4/4, Crag S:2/2/2, Clust S:0/1, Tranq S:2, Paint S:2",,,,
6,gunner_weapon,107,Gravios Howl,heavy-bowgun,6,vallode,6,,,,N,312,,,0,0,,,,,,6600,Gravios Carapace x8; Gravios Skl Shl x1; Basarios Tears x1; Rare Scarab x2,,,,,Slow,Moderate,372,,"Normal S:6/6, Pierce S:0/3/3, Pellet S:0/3/3, Crag S:0/1/1, Clust S:0/1/1, PoisnS:3/1, SleepS:3/1, Flame S:3, ThunderS:3, Tranq S:2, Paint S:2",,,,
6,gunner_weapon,108,Gravios Roar,heavy-bowgun,7,vallode,7,,,,N,324,,,0,0,,,,,,7900,Blk Gravios Cpc x8; Blk Gravios Skl x1; Gravios BrainStm x1; Hrd Monster Bone x2,,,,,Slow,Moderate,384,,"Normal S:6/6, Pierce S:0/4/4, Pellet S:0/4/4, Crag S:0/1/1, Clust S:0/1/1, PoisnS:3/1, SleepS:3/1, Flame S:4, ThunderS:3, Tranq S:2, Paint S:2",,,,
6,gunner_weapon,109,Daora Grande,,,,,,,,,,,,,,,,,,,,,,,,,,,,,,,,,
6,gunner_weapon,110,Teostra's Flames,heavy-bowgun,8,vallode,8,,,,N,324,,,15%,0,,,,,,8025,Fire Drgn Jwl x1; Teostra Carapace x5; ElderDragonBlood x4; Hrd Monster Bone x4,,,,,Normal,Moderate,384,,"Normal S:6/6/9, Pierce S:0/3/3, Pellet S:0/0/4, Crag S:3/3/3, Clust S:2/2/2, RecovS:3/3, PoisnS:3/1, Flame S:6, Tranq S:2, Paint S:2, Demon S:1",,,,
6,gunner_weapon,111,Supreme Lao-Shan Can,,,,,,,,,,,,,,,,,,,,,,,,,,,,,,,,,
6,gunner_weapon,112,Empr Lao-Shan Cannon,heavy-bowgun,8,vallode,8,,8,,N,384,,,-10%,0,,,,,,10000,Azure LaoS Shell x5; Lao-Shan's Ruby x1; Lao-ShanCarapace x3; Wyvern Stone x4,,,,,VerySlow,Weak,444,,"Normal S:0/6/9, Pierce S:0/0/3, Pellet S:0/0/4, Crag S:0/0/1, Clust S:0/0/1, PoisnS:0/1, Flame S:3, Water S:3, ThunderS:3, Tranq S:2, Paint S:2",,,,
6,gunner_weapon,113,Gaoren's Fire,heavy-bowgun,8,vallode,8,,,,N,348,,,0,1,,,,,,8025,Gaoren Thoracic x3; Gaoren Carapace x5; Firecell Stone x2; Pokke Ticket x4,,,,,VerySlow,VeryWeak,408,,"Normal S:6/6/9, Pierce S:4/0/4, Crag S:1/1/1, Clust S:1/1/1, Dragon S:2, Tranq S:2, Paint S:2, Demon S:1, Armor S:1",,,,
6,gunner_weapon,114,Vor Cannon,heavy-bowgun,8,vallode,8,,,,N,312,,,0,1,,,,,,7350,Fatalis Shell x2; Fatalis Horn x2; Fatalis Scale x2; Union Ore x6,,,,,Fast,Moderate,372,,"Normal S:6/6/9, Pierce S:3/3/3, Crag S:1/1/1, Clust S:1/1/1, RecovS:3, PoisnS:3, Para S:3, SleepS:3, Flame S:3, Water S:3, ThunderS:3, Tranq S:2, Paint S:2",,,,
6,gunner_weapon,115,Destiny's Hand,,,,,,,,,,,,,,,,,,,,,,,,,,,,,,,,,
6,gunner_weapon,116,Hunter's Bow I,bow,1,vallode,1,,,,N,96,,,0%,0,,,,,,550,Brute Bone x2; Iron Ore x5; Anteka Pelt x5,,,,Hunter's Bow II,,,,,,"closerng, paralysis, poison, sleep, power, paint","Rapd1, Rapd1, Rapd2, Sctr2",,
6,gunner_weapon,117,Hunter's Bow II,bow,2,vallode,2,,,,N,120,,,0%,0,,,,,Hunter's Bow I,,,1100,Giant Bone x2; Disk Stone x10; Giadrome Claw x3,,Hunter's Bow III,,,,,,"closerng, paralysis, poison, sleep, power, paint","Rapd1, Rapd2, Rapd3, Sctr2",,
6,gunner_weapon,118,Hunter's Bow III,bow,3,vallode,3,,,,N,144,,,0%,0,,,,,Hunter's Bow II,1650,Piscine Fang x4; Lg Monster Bone x4; Earth Crystal x8; Gendrome Hide x5,1650,Piscine Fang x3; Earth Crystal x8; Gendrome Hide x5,Hard Ticket x1; Piscine Fang x1,Hunter's Bow IV,,,,,,"closerng, paralysis, poison, sleep, power, paint","Rapd1, Sctr1, Rapd3, Sctr3",,
6,gunner_weapon,119,Hunter's Bow IV,bow,3,vallode,3,,,,N,168,,,0%,0,,,,,Hunter's Bow III,,,2750,Rubbery Hide x5; Machalite Ore x4; Iodrome Hide x4,,Hunter's Power Bow I,,,,,,"closerng, paralysis, poison, sleep, power, paint","Rapd1, Sctr2, Rapd3, Sctr4",,
6,gunner_weapon,120,Hunter's Power BowI,bow,4,vallode,4,,,,N,192,,,0%,0,,,,,Hunter's Bow IV,4400,Basarios Wing x1; Dragonite Ore x4; Lg Monster Bone x4; Machalite Ore x15,4400,Basarios Shell x4; Killer Beetle x2; Monoblos Shell x4,,Hunter's Power Bow II,,,,,,"paralysis, poison, sleep, power, paint","Rapd1, Rapd2, Rapd3, Prce4",,
6,gunner_weapon,121,Hunter's Power BowII,bow,4,vallode,4,,,,N,204,,,0%,0,,,,,Hunter's Power Bow I,,,5500,Gravios Shell x5; Blos Fang x3; Dragonite Ore x3,,Hunter's Power Bow III,,,,,,"paralysis, poison, sleep, power, paint","Rapd2, Rapd2, Rapd3, Prce4",,
6,gunner_weapon,122,Hunter's PowerBowIII,bow,6,vallode,6,,,,N,216,,,0%,0,,,,,Hunter's Power Bow II,,,7900,Bulldrome Hide+ x4; Giadrome Claw+ x5; Gendrome Tail x4,,Hunter's Power Bow IV; Icicle Bow I,,,,,,"paralysis, poison, sleep, power, paint","Rapd2, Rapd3, Rapd4, Prce4",,
6,gunner_weapon,123,Wild Bow I,bow,2,vallode,2,,,,N,168,,,0%,2,,,,,,2200,Congalala Pelt x4; Sharp Claw x3; Bone x10,,,Plus Class Ticket x1; Sharp Claw x1,Wild Bow II,,,,,,"closerng, paralysis, poison, sleep, paint","Prce1, Prce1, Prce3, Rapd3",,
6,gunner_weapon,124,Wild Bow II,bow,3,vallode,3,,,,N,192,,,0%,2,,,,,Wild Bow I,,,3500,Congalala Pelt x2; Conga Pelt x12; Iodrome Hide x2,,Wild Bow III,,,,,,"closerng, paralysis, poison, sleep, paint","Prce1, Prce2, Prce3, Rapd3",,
6,gunner_weapon,125,Wild Bow III,bow,4,vallode,4,,,,N,216,,,0%,3,,,,,Wild Bow II,5250,Monoblos Spine x2; Congalala Claw x2; Pale Bone x1; Killer Beetle x2,5250,Congalala Fang x5; Garuga Mane x3; Killer Beetle x2,,Wild Bow IV,,,,,,"closerng, paralysis, poison, sleep, paint","Prce1, Rapd2, Prce3, Rapd3",,
6,gunner_weapon,126,Wild Bow IV,bow,4,vallode,4,,8,,N,228,,,0%,3,,,,,Wild Bow III,,,6150,Vibrant Pelt x1; Tigrex Claw x2; Monster Bone+ x2,,Wild Power Bow I,,,,,,"closerng, paralysis, poison, sleep, paint","Prce1, Rapd2, Prce3, Rapd4",,
6,gunner_weapon,127,Wild Power Bow I,bow,6,vallode,6,,,,N,240,,,0%,3,,,,,Wild Bow IV,8950,Congalala Pelt+ x6; Congalala Fang x10; Giant Bone x10; Carbalite Ore x6,8950,Congalala Pelt+ x6; Chameleos Claw x2; Carbalite Ore x6,,Wild Power Bow II,,,,,,"closerng, paralysis, poison, sleep, paint","Rapd2, Rapd2, Prce3, Prce4",,
6,gunner_weapon,128,Wild Power Bow II,bow,6,vallode,6,,,,N,252,,,0%,3,,,,,Wild Power Bow I,,,10550,Congalala Claw+ x2; Pur Gypceros Wng x2; King Scarab x6,,Jungle Bow I,,,,,,"closerng, paralysis, poison, sleep, paint","Rapd2, Rapd3, Prce3, Prce4",,
6,gunner_weapon,129,Blango Fur Bow I,bow,2,vallode,2,,,,N,96,,,0%,1,Ice 60,Ice 6,,,,770,Blango Pelt x4; Giaprey Scale x5; Ice Crystal x10,,,,Blango Fur Bow II,,,,,,"paralysis, poison, sleep, power, paint","Rapd1, Sctr1, Rapd2, Sctr2",,
6,gunner_weapon,130,Blango Fur Bow II,bow,3,vallode,3,,,,N,120,,,0%,1,Ice 80,Ice 8,,,Blango Fur Bow I,,,1500,Brute Bone x4; Giadrome Hide x5; CarpenterBug x10,,Blango Fur Bow III,,,,,,"paralysis, poison, sleep, power, paint","Rapd1, Prce1, Rapd3, Sctr3",,
6,gunner_weapon,131,Blango Fur Bow III,bow,4,vallode,4,,,,N,168,,,0%,2,Ice 100,Ice 10,,,Blango Fur Bow II,3850,Blangonga pelt x4; Wht Monoblos Hrn x2; Ice Crystal x10,3850,Blangonga Whiskr x2; Blango Pelt x4; Lg Monster Bone x4,,Blango Fur Bow IV,,,,,,"paralysis, poison, sleep, power, paint","Rapd1, Prce2, Rapd3, Sctr4",,
6,gunner_weapon,132,Blango Fur Bow IV,bow,4,vallode,4,,,,N,180,,,0%,2,Ice 120,Ice 12,,,Blango Fur Bow III,,,4600,DaoraDragonScale x4; Blangonga Pelt x4; Monster Bone+ x2,,Abominable Bow I,,,,,,"paralysis, poison, sleep, power, paint","Rapd2, Prce2, Rapd3, Sctr4",,
6,gunner_weapon,133,Abominable Bow I,bow,6,vallode,6,,,,N,192,,,0%,2,Ice 140,Ice 14,,,Blango Fur Bow IV,,,7350,Blangonga Fang+ x1; Daora Claw x2; King Scarab x6,,Abominable Bow II,,,,,,"paralysis, poison, sleep, power, paint","Rapd2, Prce3, Rapd4, Sctr4",,
6,gunner_weapon,134,Kut-Ku Stave I,bow,2,vallode,2,,,,N,120,,,0%,1,Fire 80,Fire 8,,,,1500,Kut-Ku Shell x5; Kut-Ku Scale x5; Flame Sac x2; CarpenterBug x4,,,,Kut-Ku Stave II,,,,,,"paralysis, poison, sleep, power, paint","Sctr1, Sctr2, Sctr3, Prce2",,
6,gunner_weapon,135,Kut-Ku Stave II,bow,3,vallode,3,,,,N,144,,,0%,1,Fire 100,Fire 10,,,Kut-Ku Stave I,,,2300,Flame Sac x4; FireWyvern Fluid x2; Blue Kut-Ku Scl x6,,Kut-Ku Stave III,,,,,,"paralysis, poison, sleep, power, paint","Sctr2, Rapd2, Sctr3, Prce3",,
6,gunner_weapon,136,Kut-Ku Stave III,bow,4,vallode,4,,,,N,180,,,0%,1,Fire 120,Fire 12,,,Kut-Ku Stave II,,,4600,Kut-Ku Ear x3; Blk Gravios Shl x3; Carpenterbug x20,,Blue Kut-Ku Stave I,,,,,,"paralysis, poison, sleep, power, paint","Sctr3, Rapd2, Sctr4, Prce3",,
6,gunner_weapon,137,Blue Kut-Ku Stave I,bow,7,vallode,7,,,,N,192,,,0%,2,Fire 140,Fire 14,,,Kut-Ku Stave III,7350,Blue Kut-Ku Cpc x4; Lunastra Shell x4; Hrd Monster Bone x4; Inferno Sac x4,7350,Lunastra Shell x4; Blue Kut-Ku Cpc x4; Inferno Sac x4,,Blue Kut-Ku Stave II; Wolf Bow,,,,,,"closerng, paralysis, poison, sleep, power, paint","Sctr3, Rapd3, Sctr4, Prce3",,
6,gunner_weapon,138,Daimyo's Warbow I,bow,3,vallode,3,,,,N,144,,,0%,1,Water 80,Water 8,,,,2300,Hermitaur Shell x4; Plesioth Scale x4; Sm Hermitaur Shl x10; Earth Crystal x8,,,,Daimyo's Warbow II,,,,,,"paralysis, poison, sleep, power, paint","Sctr1, Prce2, Prce3, Rapd2",,
6,gunner_weapon,139,Daimyo's Warbow II,bow,4,vallode,4,,,,N,168,,,0%,1,Water 100,Water 10,,,Daimyo's Warbow I,,,3850,Ceanataur Claw x2; Grn Plesioth Scl x3; Med Monster Bone x4,,Daimyo's Warbow III,,,,,,"paralysis, poison, sleep, power, paint","Sctr2, Sctr2, Prce3, Rapd3",,
6,gunner_weapon,140,Daimyo's Warbow III,bow,4,vallode,4,,8,,N,180,,,0%,2,Water 120,Water 12,,,Daimyo's Warbow II,,,4600,Black Pearl x6; Twisted Horn x2; Hermitaur Claw x4,,Daimyo's Warbow IV,,,,,,"paralysis, poison, sleep, power, paint","Sctr3, Sctr3, Prce3, Rapd4",,
6,gunner_weapon,141,Daimyo's Warbow IV,bow,6,vallode,6,,,,N,192,,,0%,2,Water 140,Water 14,,,Daimyo's Warbow III,7350,Hermitaur Carpce x6; Hermitaur Claw+ x3; Coral Cphlos Fin x1; Hrd Monster Bone x3,7350,Hermitaur Carpce x6; Cephalos Fin+ x3; Hrd Monster Bone x3,,Great Purple Emperor I,,,,,,"paralysis, poison, sleep, power, paint","Sctr3, Sctr3, Prce3, Rapd4",,
6,gunner_weapon,142,Sonic Bow I,bow,3,vallode,3,,,,N,144,,,0%,1,Thunder 100,Thunder 10,,,,2300,Electro Sac x2; Vespoid Shell x10; Hornetaur Wing x5; Killer Beetle x2,,,,Sonic Bow II,,,,,,"closerng, paralysis, power, paint","Rapd2, Rapd2, Rapd2, Sctr3",,
6,gunner_weapon,143,Sonic Bow II,bow,4,vallode,4,,8,,N,180,,,0%,2,Thunder 120,Thunder 12,,,Sonic Bow I,,,4600,Thunderbug Juice x4; Alluring Hide x4; Hornetaur Head x2,,Sonic Bow III,,,,,,"closerng, paralysis, power, paint","Rapd2, Sctr2, Rapd3, Sctr3",,
6,gunner_weapon,144,Sonic Bow III,bow,6,vallode,6,,,,N,192,,,0%,2,Thunder 140,Thunder 14,,,Sonic Bow II,7350,Thunder Sac x4; HornetaurInnrWng x3; Vespoid Carapace x15; Rare Scarab x4,7350,Thunder Sac x3; HornetaurInnrWng x2; Vespoid Carapace x10,,Sonic Bow IV,,,,,,"closerng, paralysis, power, paint","Rapd2, Sctr3, Rapd4, Sctr4",,
6,gunner_weapon,145,Queen Blaster I,bow,4,vallode,4,,,,N,204,,,0%,1,Poison Add,Poison Add,,,,5500,Rathian Shell x3; Monster Bone+ x1; Rathian Scale x5; Machalite Ore x8,,,,Queen Blaster II,,,,,,"poison, power, paint","Sctr2, Sctr2, Sctr3, Rapd3",,
6,gunner_weapon,146,Queen Blaster II,bow,4,vallode,4,,,,N,216,,,0%,2,Poison Add,Poison Add,,,Queen Blaster I,,,6600,Rathian Shell x4; Sharp Claw x3; Dragonite Ore x2,,Queen Blaster III; Heartshot Bow I,,,,,,"poison, power, paint","Sctr3, Prce2, Sctr4, Rapd4",,
6,gunner_weapon,147,Queen Blaster III,bow,6,vallode,6,,,,N,264,,,0%,2,Poison Add,Poison Add,,,Queen Blaster II,16500,Rathian Carapace x3; Rathian Scale+ x5; Rathian Plate x1; Rare Scarab x3,16500,Rathian Scale+ x5; Rathian Spike x3; Rare Scarab x3,,Queen Blaster IV,,,,,,"poison, power, paint","Sctr3, Prce3, Sctr4, Rapd4",,
6,gunner_weapon,148,Heartshot Bow I,bow,7,vallode,7,,,,N,240,,,10%,0,,,,,Queen Blaster II,13450,Pnk Rathian Cpc x3; Pnk Rathian Scl+ x5; Rathian Spike+ x1; Carbalite Ore x6,13450,Pnk Rathian Cpc x3; FireWyvrn Marrow x2; Carbalite Ore x6,,Heartshot Bow II,,,,,,"paralysis, power, paint","Sctr2, Sctr2, Prce3, Sctr4",,
6,gunner_weapon,149,Heartshot Bow II,bow,8,vallode,8,,,,N,264,,,20%,1,,,,,Heartshot Bow I,,,19800,Rathian Spike+ x1; Pnk Rathian Scl+ x5; Union Ore x3,,Heartshot Bow III,,,,,,"paralysis, power, paint","Sctr2, Sctr3, Prce3, Sctr4",,
6,gunner_weapon,150,Prominence Bow I,bow,4,vallode,4,,,,N,204,,,0%,1,Fire 80,Fire 8,,,,6850,Rathalos Shell x3; Dragonite Ore x2; Rathalos Scale x5; Blood Red Horn x2,,,,Prominence Bow II,,,,,,"poison, power, paint","Rapd1, Sctr2, Prce2, Prce4",,
6,gunner_weapon,151,Prominence Bow II,bow,4,vallode,4,,,,N,216,,,0%,2,Fire 100,Fire 10,,,Prominence Bow I,,,8250,Rathalos Shell x6; FireWyvrn Marrow x1; Firestone x2,,Prominence Bow III,,,,,,"poison, power, paint","Rapd2, Sctr2, Prce3, Prce4",,
6,gunner_weapon,152,Prominence Bow III,bow,8,vallode,8,,,,N,252,,,0%,2,Fire 120,Fire 12,,,Prominence Bow II,,,16500,Rathalos Carpace x3; FireWyvrn BrnStm x1; Firecell Stone x2,,Prominence Bow IV,,,,,,"poison, power, paint","Rapd2, Sctr3, Prce3, Prce4",,
6,gunner_weapon,153,Courageous Hope,bow,8,vallode,8,,,,N,240,,,0%,1,Fire 60,Fire 6,,,,16800,Teostra Carapace x3; Teostra Mane x2; Lunastra Mane x2; Firecell Stone x1,,,,Courageous Wish,,,,,,"closerng, sleep, power, paint","Prce2, Sctr2, Rapd3, Rapd4",,
6,gunner_weapon,154,Courageous Wish,bow,8,vallode,8,,,,N,264,,,0%,2,Fire 80,Fire 8,,,Courageous Hope,,,39600,Fire Dragon Pwdr x2; Gravios BrainStm x1; Union Ore x3,,Courageous Dream,,,,,,"closerng, sleep, power, paint","Prce2, Sctr3, Rapd3, Rapd4",,
6,gunner_weapon,155,Diablos Horn Bow I,bow,6,vallode,6,,,,N,216,,,10%,1,,,,,,10250,Diablos Carapace x4; Majestic Horn x2; Wyvern Stone x2; Black Blos Spine x3,,,,Diablos Horn Bow II,,,,,,"power, paint","Prce2, Prce2, Prce3, Sctr2",,
6,gunner_weapon,156,Diablos Horn Bow II,bow,6,vallode,6,,,,N,276,,,10%,1,,,,,Diablos Horn Bow I,,,25700,Diablos Thoracic x4; Black Blos Cpc x6; Majestic Horn x2,,Gale Horn Bow,,,,,,"power, paint","Prce2, Prce3, Prce4, Sctr3",,
6,gunner_weapon,157,Tiger Arrow I,bow,4,vallode,4,,,,N,264,,,-30%,0,,,,,,8550,Tigrex Scale x6; Tigrex Fang x3; Tigrex Claw x2; Monster Bone+ x2,,,,Tiger Arrow II,,,,,,"poison, paint, power","Rapd2, Prce2, Rapd3, Prce4",,
6,gunner_weapon,158,Tiger Arrow II,bow,4,vallode,4,,8,,N,276,,,-30%,0,,,,,Tiger Arrow I,,,10000,Tigrex Fang x3; TwstBlkBlosHrn x2; Hercudrome x2,,Tigrex Whisker; Hidden Bow,,,,,,"poison, paint, power","Rapd2, Prce3, Rapd3, Prce4",,
6,gunner_weapon,159,Tigrex Whisker,bow,6,vallode,6,,,,N,312,,,-30%,0,,,,,Tiger Arrow II,25700,Tigrex Carapace x4; Tigrex Scale+ x3; FireWyvrn BrnStm x2; Wyvern Stone x2,25700,Tigrex Carapace x4; FireWyvrn BrnStm x2; Wyvern Stone x3,,Tigrex Whisker+,,,,,,"poison, paint, power","Rapd2, Prce3, Rapd4, Prce4",,
6,gunner_weapon,160,Dragonhead Harp I,bow,8,vallode,8,,,,N,156,,,30%,3,Water 240,Water 24,,,,50000,Wyverian Harp x1; Plesioth Scale+ x4; Grn Plsioth Scl+ x4; Novacrystal x2,,,,Dragonhead Harp II,,,,,,"poison, paint, power","Sctr3, Rapd2, Rapd1, Prce3",,
6,gunner_weapon,161,Dragon Bow Halo,bow,5,vallode,5,,,,N,192,,,10%,1,Thunder 140,Thunder 14,,,,7900,Dragonwood x2; Dragonmoss x4; Kirin Thndr Tail x2; ElderDragonBlood x1,,,,Dragon Bow Solar,,,,,,"paralysis, poison, sleep, power, paint","Sctr2, Sctr3, Prce2, Prce4",,
6,gunner_weapon,162,Dragon Bow Solar,bow,8,vallode,8,,,,N,240,,,10%,1,Thunder 160,Thunder 16,,,Dragon Bow Halo,,,23750,Pokke Ticket+ x2; Dragonmoss+ x4; Kirin Azure Horn x3,,Ancient Dragonwood Bow,,,,,,"paralysis, poison, sleep, power, paint","Sctr3, Sctr3, Prce3, Prce4",,
6,gunner_weapon,163,Dragon Bow Earth,bow,5,vallode,5,,,,N,192,,,0%,0,Dragon 120,Dragon 12,,,,7900,Lao-Shan's Horn x2; Lao-Shan's Scale x6; Lao-Shan's Shell x4; Rathian Plate x1,,,,Dragon Bow Mountain,,,,,,"closerng, paralysis, poison, sleep, power, paint","Prce1, Prce2, Sctr3, Rapd2",,
6,gunner_weapon,164,Dragon Bow Mountain,bow,8,vallode,8,,,,N,288,,,0%,0,Dragon 180,Dragon 18,,,Dragon Bow Earth,,,47500,Lao-Shan's Ruby x1; Chameleos Hide+ x4; Daora Carapace x6,,Dragon Bow Chaos,,,,,,"closerng, paralysis, poison, sleep, power, paint","Prce2, Prce2, Sctr4, Rapd3",,
6,gunner_weapon,165,Akantor Bow,bow,8,vallode,8,,,,N,252,,,40%,1,Dragon 160,Dragon 16,,,,80000,Akantor Fang x2; Akantor Spike x1; Akantor Scale x6; Gaoren Pincer x2,,,,Akantor Chaos Bow,,,,,,"poison, paint, power","Sctr3, Prce3, Rapd4",,
6,gunner_weapon,166,Exterminator Bow I,bow,8,vallode,8,,,,N,312,,,20%,1,,,,,Black Bow II,80000,Fatalis Horn x4; Fatalis Scale x2; Fatalis Shell x1,80000,Fatalis Horn x3; Fatalis Scale x2; Fatalis Shell x1,,Exterminator Bow II,,,,,,"power, paint","Sctr2, Sctr3, Rapd3, Rapd4",,
6,gunner_weapon,167,Glorious Victory I,bow,8,vallode,8,,,,N,276,,,0%,0,Dragon 240,Dragon 24,,,Black Bow II,80000,Wht Fatalis Horn x4; Wht Fatalis Scl x2; Wht Fatalis Shl x1,80000,Wht Fatalis Horn x3; Wht Fatalis Scl x2; Wht Fatalis Shl x1,,Glorious Victory II,,,,,,paint,"Sctr1, Prce2, Rapd2, Rapd3",,
6,gunner_weapon,168,Assault Conga,light-bowgun,3,vallode,3,,,,N,132,,,0%,1,,,,,,1250,Congalala Pelt x5; Congalala Fang x3; Machalite Ore x5; Giant Bone x1,,,,,Fast,Moderate,192,Pierce S Lv1,"Normal S:6/6, Pierce S:3/3, Pellet S:3, Clust S:1, RecovS:3/3, PoisnS:3/1, Para S:3/1, SleepS:3/1, Flame S:3, Tranq S:2, Paint S:2, Armor S:1",,,,
6,gunner_weapon,169,Shakalaka Prized Bow,light-bowgun,8,vallode,8,,,,N,228,,,0%,2,,,,,,3025,ShakaInheritance x2; ShakalakaTreasre x8; Carbalite Ore x8; Monster Broth x2,,,,,VeryFast,Moderate,288,Dragon S,"Normal S:6/6/9, Pierce S:3/0/3, Crag S:3/0/3, Clust S:1/1/1, PoisnS:3/1, SleepS:3/1, Flame S:3, Dragon S:1, Tranq S:2, Paint S:2, Demon S:1, Armor S:1",,,,
6,gunner_weapon,170,Assault Conga+,light-bowgun,3,vallode,3,,,,N,132,,,0%,1,,,,,,1250,Congalala Pelt x5; Congalala Fang x3; Machalite Ore x5; Giant Bone x1,,,,,Fast,Moderate,192,Pierce S Lv1,"Normal S:6/6, Pierce S:3/3, Pellet S:3, Clust S:1, RecovS:3/3, PoisnS:3/1, Para S:3/1, SleepS:3/1, Flame S:3, Tranq S:2, Paint S:2, Armor S:1",,,,
6,gunner_weapon,171,Hidden Gaze,light-bowgun,7,vallode,7,,,,N,204,,,40%,0,,,,,,3750,Narga Scale+ x6; Black Narga Pelt x4; Nargacuga Fang+ x8; Narga Brain Stem x1,,,,,VeryFast,Moderate,264,Crag S Lv1,"Normal S:9/9/9, Pierce S:6/6/6, Pellet S:0/0/3, Crag S:1, PoisnS:3, SleepS:3, Tranq S:2, Paint S:2",,,,
6,gunner_weapon,172,Hi Chain Blitz,light-bowgun,9,vallode,9,,,,Y,252,,,0%,3,,,,,,3000,Eltalite Ore x15; RobustWyvernBone x10; Piercing Claw x6; Commendation x1,,,,,Normal,Moderate,312,Normal S Lv1,"Normal S:3/6, Pierce S:3, Pellet S:3, Crag S:1, Clust S:1, RecovS:3/3, PoisnS:3, Para S:3, SleepS:3, Flame S:3, ThunderS:3, Tranq S:2, Paint S:2, Demon S:1, Armor S:1",,,,
6,gunner_weapon,173,Nebula Storm,light-bowgun,9,vallode,9,,,,Y,264,,,0%,1,,,,,,3500,SpecPlesiothFin+ x4; ThckPlesiothScl x6; PlumD.HermitrShl x4; Eltalite Ore x5,,,,,Normal,Moderate,324,Water S,"Normal S:6/4, Pierce S:2/2/2, Pellet S:2/2/2, Crag S:1/1/1, Clust S:1/1/1, RecovS:3/3, PoisnS:3/1, Para S:3/1, SleepS:3/1, Flame S:3, Water S:2, ThunderS:3, Freeze S:3, Tranq S:2, Paint S:2, Demon S:1, Armor S:1",,,,
6,gunner_weapon,174,Jade Typhoon,light-bowgun,9,vallode,9,,,,Y,264,,,0%,0,,,,,,4000,ThckGrnPlesioScl x6; SpecGrnPlesioFn+ x4; HvyHermitaurShl x4; Eltalite Ore x5,,,,,Normal,Moderate,324,Normal S Lv2,"Normal S:6/3, Pierce S:2/2/2, Pellet S:2/2/2, Crag S:1/1/1, Clust S:1/1/1, RecovS:3/3, PoisnS:3/1, Para S:3/1, SleepS:3/1, Flame S:3, Water S:3, ThunderS:3, Freeze S:3, Tranq S:2, Paint S:2, Demon S:1, Armor S:1",,,,
6,gunner_weapon,175,Royal Lobster Gun,light-bowgun,9,vallode,9,,,,Y,276,,,0%,0,,,,,,3750,Gt Lobstershell x2; SpecGrnPlesioFn+ x4; ThckPlesiothScl x6; Emperor Cricket x6,,,,,Normal,Moderate,336,Water S,"Normal S:6/6/9, Pierce S:3/2/2, Pellet S:4/2/2, RecovS:3/3, PoisnS:3/1, Para S:3/1, SleepS:3/1, Flame S:3, Water S:3, Freeze S:3, Tranq S:2, Paint S:2, Demon S:1, Armor S:1",,,,
6,gunner_weapon,176,Hexed Shaka Bow,light-bowgun,10,vallode,10,,,,Y,276,,,0%,2,,,,,,4500,ShakalakaTreasr+ x2; ShakaInheritance x3; Remobra Skull x3; Monster Essence x2,,,,,VeryFast,Moderate,336,Dragon S,"Normal S:6/6/9, Pierce S:3/0/3, Crag S:3/0/3, Clust S:1/1/1, PoisnS:3/1, SleepS:3/1, Flame S:3, Dragon S:1, Tranq S:2, Paint S:2, Demon S:1",,,,
6,gunner_weapon,177,Heartfelt Cast,light-bowgun,9,vallode,9,,9,,Y,288,,,0%,0,,,,,,4000,KhezuHide-Cream x4; KhezuSpecialCut x1; SpecRubberyHide+ x4; Emperor Cricket x5,,,,,VeryFast,Moderate,348,Recov S Lv1,"Normal S:9/9/12, Pierce S:3/3, Pellet S:4, Crag S:2/2, RecovS:2/3, Para S:3/1, SleepS:3/1, Water S:3, ThunderS:4, Freeze S:3, Tranq S:2, Paint S:2, Demon S:1, Armor S:1",,,,
6,gunner_weapon,178,Combat Conga,light-bowgun,9,vallode,9,,,,Y,288,,,0%,1,,,,,,3750,HrdCongalalaPlt+ x6; HrdCongalalaClw+ x3; Vibrant Pelt x3; Eltalite Ore x5,,,,,Fast,Moderate,348,Pierce S Lv1,"Normal S:6/6/9, Pierce S:3/3/4, Pellet S:3/3, Clust S:1, RecovS:3/3, PoisnS:3/1, Para S:3/1, SleepS:3/1, Flame S:3, Tranq S:2, Paint S:2, Armor S:1",,,,
6,gunner_weapon,179,Jungle Assault,light-bowgun,9,vallode,9,,,,Y,288,,,10%,0,,,,,,4250,E.CongalalaPelt+ x6; HrdE.CongaClaw x3; Vibrant Comb x2; Emperor Cricket x5,,,,,Fast,Moderate,348,Pellet S Lv2,"Normal S:6/6/9, Pierce S:3/3, Pellet S:3/3/4, Clust S:1/1, RecovS:3/3, PoisnS:3/1, Para S:3/1, SleepS:3/1, Flame S:3, ThunderS:3, Tranq S:2, Paint S:2",,,,
6,gunner_weapon,180,Kut-Ku Counterattack,light-bowgun,9,vallode,9,,,,Y,300,,,0%,0,,,,,,3500,Hvy Kut-Ku Shell x5; Lucky Kut-Ku Ear x3; Str Kut-Ku Wing x4; OrangeHypnoPelt+ x4,,,,,VerySlow,Moderate,360,,"Normal S:9/9/12, Pierce S:0/3, Pellet S:0/4, Crag S:0/1, Clust S:0/1, PoisnS:3/1, Flame S:4, Tranq S:2, Paint S:2",,,,
6,gunner_weapon,181,Kut-Ku Barrage,light-bowgun,9,vallode,9,,,,Y,300,,,10%,0,,,,,,4000,HvyBlueKut-KuShl x5; Lucky Kut-Ku Ear x3; Hvy Monster Bone x1; Hypno Fang x3,,,,,VerySlow,Moderate,360,,"Normal S:9/9/12, Pierce S:0/3, Pellet S:0/4, Crag S:0/1, Clust S:0/1, PoisnS:3/1, Flame S:4, Tranq S:2, Paint S:2",,,,
6,gunner_weapon,182,Owl's Eye Darkbow,light-bowgun,10,vallode,10,,,,Y,288,,,40%,0,,,,,,6000,BlackNargaPelt+ x4; HvyNargacugaFang x8; HvnlyNargaScale x1; Hvy Monster Bone x5,,,,,VeryFast,Moderate,348,Crag S Lv1,"Normal S:9/9/9, Pierce S:6/6/6, Pellet S:0/0/3, Crag S:1, PoisnS:3, SleepS:3, Tranq S:2, Paint S:2",,,,
6,gunner_weapon,183,Grenade Revolver,light-bowgun,9,vallode,9,,,,Y,312,,,0%,2,,,,,,3500,StrBasariosWing x1; Eltalite Ore x10; Carbalite Ore x20; Mellanje Ore x8,,,,,VeryFast,Moderate,372,Crag S Lv1,"Normal S:6/6, Pierce S:2/2, Pellet S:2/2, Crag S:2/2, Clust S:1/1, PoisnS:3/1, Tranq S:2, Paint S:2",,,,
6,gunner_weapon,184,Warrior's Bowgun,light-bowgun,10,vallode,10,,10,,Y,312,,,0%,1,,,,,,4250,Azure LaoS Claw x4; Warrior Coin G x7; BlackBeltCoinG x12; Commendation G x1,,,,,VeryFast,Moderate,372,Thunder S,"Normal S:9/9/12, Pierce S:4, Pellet S:6, Crag S:3, Clust S:3, RecovS:3/3, PoisnS:3/1, Para S:3/1, SleepS:3/1, Flame S:3, Water S:3, ThunderS:2, Tranq S:2, Paint S:2, Demon S:1, Armor S:1",,,,
6,gunner_weapon,185,Fierce Moss Green,light-bowgun,9,vallode,9,,,,Y,312,,,0%,3,,,,,,4000,ThckRathianScl x6; HvyRathianShell x4; Eltalite Ore x5; PhantomButterfly x2,,,,,Fast,Moderate,372,,"Normal S:6/6/9, Pierce S:3/3, Pellet S:4, Crag S:1/1, RecovS:3/3, SleepS:3/1, Flame S:3, Tranq S:2, Paint S:2, Armor S:1",,,,
6,gunner_weapon,186,Fierce Wine Red,light-bowgun,9,vallode,9,,,,Y,312,,,0%,3,,,,,,4500,HvyRathalosShl x4; Hrd Rathalos Scl x6; Eltalite Ore x5; PhantomButterfly x2,,,,,Normal,Moderate,372,,"Normal S:6/6/9, Pierce S:3/3/3, Crag S:1/1, RecovS:3/3, PoisnS:3/1, Para S:3/1, Flame S:3, Tranq S:2, Paint S:2, Demon S:1",,,,
6,gunner_weapon,187,Promenade,light-bowgun,10,vallode,10,,,,Y,312,,,0%,2,,,,,,5500,Rathian Thorn x1; StrRathalosWing x4; Mellanje Ore x5; Blazing Fire Sac x6,,,,,Fast,Moderate,372,,"Normal S:6/6/9, Pierce S:3/3/3, Pellet S:4, Crag S:1/1, RecovS:3/3, PoisnS:3/1, Para S:3/1, SleepS:3/1, Flame S:3, Tranq S:2, Paint S:2, Demon S:1, Armor S:1",,,,
6,gunner_weapon,188,Shotgun (Snake),light-bowgun,9,vallode,9,,,,Y,312,,,0%,1,,,,,,4500,ThickNargaScale x1; SpecRemobraSkin+ x8; Big Wyvern Stone x1; Hvy Monster Bone x6,,,,,Fast,Moderate,372,Pellet S Lv3|Posion S,"Normal S:9/9/12, Pierce S:3, Pellet S:4/4/3, Crag S:1, Clust S:1, RecovS:3/3, PoisnS:2/1, Para S:3/1, SleepS:3/1, Flame S:3, ThunderS:3, Freeze S:3, Tranq S:2, Paint S:2, Demon S:1, Armor S:1",,,,
6,gunner_weapon,189,Sakura Semi-Auto,light-bowgun,9,vallode,9,,,,Y,324,,,0%,2,,,,,,5000,ThckPnkRathnScl x6; HvyPnkRathianShl x4; Rathian Spike+ x2; Big Wyvern Stone x2,,,,,Fast,Moderate,384,Normal S Lv2,"Normal S:6/3/9, Pierce S:4/4, Pellet S:2, Crag S:1/1, RecovS:3/3, SleepS:3/1, Flame S:3, ThunderS:3, Tranq S:2, Paint S:2, Armor S:1",,,,
6,gunner_weapon,190,Azure Semi-Auto,light-bowgun,9,vallode,9,,,,Y,324,,,0%,2,,,,,,5500,HvyAzurRthlsShl x4; ThckAzurRthlsScl x6; FireWyvrn BrnStm x5; Big Wyvern Stone x2,,,,,Normal,Moderate,384,Pierce S Lv1,"Normal S:6/6/9, Pierce S:3/4/4, Crag S:1/1, RecovS:3/3, PoisnS:3/1, Para S:3/1, Flame S:3, Water S:3, Tranq S:2, Paint S:2, Demon S:1",,,,
6,gunner_weapon,191,Pollination,light-bowgun,10,vallode,10,,,,Y,324,,,0%,1,,,,,,6500,HvyAzurRthlsShl x3; ThckPnkRathnScl x5; HvnlyRathalosScl x1; Rathian Thorn x1,,,,,Fast,Moderate,384,Normal S Lv2|Pierce S Lv1,"Normal S:6/3/9, Pierce S:3/4/4, Pellet S:2, Crag S:1/1, RecovS:3/3, PoisnS:3/1, Para S:3/1, SleepS:3/1, Flame S:3, Water S:3, ThunderS:3, Tranq S:2, Paint S:2, Demon S:1, Armor S:1",,,,
6,gunner_weapon,192,Tail Launcher,light-bowgun,9,vallode,9,,,,Y,324,,,0%,0,,,,,,4000,HrdBlangongaPlt+ x6; Lthr Pelagus Plt x3; Massive Bone x4; Piercing Claw x3,,,,,Normal,Moderate,384,Freeze S,"Normal S:9/9/12, Pierce S:3/2/2, Pellet S:4/2/2, RecovS:3/3, SleepS:3/1, Water S:3, ThunderS:3, Freeze S:3, Tranq S:2, Paint S:2, Demon S:1, Armor S:1",,,,
6,gunner_weapon,193,Crow Do,light-bowgun,10,vallode,10,,,,Y,336,,,0%,0,,,,,,5000,ThickGarugaScale x4; Rejuvenated Beak x3; SilverGarugaPelt x4; Hvy Monster Bone x4,,,,,Normal,Moderate,396,,"Normal S:6/6/9, Pierce S:0/3, Pellet S:0/4, Crag S:0/1, Clust S:0/1, RecovS:3/3, PoisnS:3/1, Flame S:6, Tranq S:2, Paint S:2",,,,
6,gunner_weapon,194,Lava Storm,light-bowgun,9,vallode,9,,9,,Y,336,,,0%,0,,,,,,5500,ThckLavasiothScl x6; SpecLavasioFin+ x4; TerraCeanatrClaw x2; Big Wyvern Stone x3,,,,,Normal,Moderate,396,Pierce S Lv3,"Normal S:6/4, Pierce S:2/2/2, Pellet S:2/2/2, Crag S:1/1/1, Clust S:1/1/1, RecovS:3/1, PoisnS:3/1, Para S:3/1, SleepS:3/1, Flame S:4, Water S:3, ThunderS:3, Freeze S:3, Tranq S:2, Paint S:2, Demon S:1, Armor S:1",,,,
6,gunner_weapon,195,Desert Tail,light-bowgun,9,vallode,9,,9,,Y,348,,,-10%,0,,,,,,5000,C.BlangongaPelt+ x6; Lthr Pelagus Plt x4; HvyC.BlangoFang x2; Massive Bone x6,,,,,Normal,Moderate,408,Normal S Lv3,"Normal S:9/9/6, Pierce S:4/2/2, Pellet S:4/2/2, Crag S:2, Clust S:2, RecovS:3/3, Para S:3/1, Flame S:3, Water S:3, ThunderS:3, Tranq S:3, Paint S:2, Demon S:1, Armor S:1",,,,
6,gunner_weapon,196,Mythical Three-Horn,light-bowgun,10,vallode,10,,10,,Y,336,,,0%,0,,,,,,8000,SpecialKirinHide x3; Platinum Mane x4; Kirin Azure Horn x3; Purecrystal x2,,,,,Normal,Moderate,396,Clust S Lv1,"Normal S:9/9/12, Pierce S:4/4/4, Crag S:1, Clust S:2/2/2, RecovS:3/3, PoisnS:3/1, Para S:3/1, SleepS:3/1, Flame S:4, Water S:4, ThunderS:4, Freeze S:4, Tranq S:2, Paint S:2, Demon S:1, Armor S:1",,,,
6,gunner_weapon,197,Gold Semi-Auto ,light-bowgun,10,vallode,10,,,,Y,336,,,0%,1,,,,,,6000,ThckGldRathnScl x6; HvyGldRathianShl x5; Purecrystal x2; GoldRathianThorn x1,,,,,Fast,Moderate,396,Pellet S Lv1,"Normal S:6/6/9, Pierce S:4/4, Pellet S:2, Crag S:2/2, Clust S:2/2, RecovS:3/3, SleepS:3/1, Flame S:3, Water S:3, ThunderS:3, Tranq S:2, Paint S:2, Armor S:1",,,,
6,gunner_weapon,198,Silver Semi-Auto,light-bowgun,10,vallode,10,,,,Y,336,,,-10%,1,,,,,,6500,HvySlvrRthlsShl x5; ThckSlvrRthlsScl x6; Purecrystal x2; SlvrRthlosHrdTail x1,,,,,Normal,Moderate,396,Pierce S Lv2,"Normal S:6/6/9, Pierce S:6/3/6, Crag S:1/1, RecovS:3/3, PoisnS:3/1, Para S:3/1, Flame S:3, Water S:3, Freeze S:3, Tranq S:2, Paint S:2, Demon S:1",,,,
6,gunner_weapon,199,Prosperity,light-bowgun,10,vallode,10,,,,Y,336,,,-15%,0,,,,,,7500,HvySlvrRthlsShl x6; ThckGldRathnScl x8; HvnlyRathalosScl x1; HvnlyRathianScl x1,,,,,Fast,Moderate,396,Pellet S Lv1|Pierce S Lv2,"Normal S:6/6/9, Pierce S:6/3/6, Pellet S:2, Crag S:2/2, Clust S:2/2, RecovS:3/3, PoisnS:3/1, Para S:3/1, SleepS:3/1, Flame S:3, Water S:3, ThunderS:3, Freeze S:3, Tranq S:2, Paint S:2, Demon S:1, Armor S:1",,,,
6,gunner_weapon,200,Genie's Lamp,light-bowgun,10,vallode,10,,10,,Y,336,,,30%,3,,,,,,7000,SpecChameleHide+ x3; HrdChameleosHorn x2; Commendation S x1; BigEDragonJewel x1,,,,,Fast,Moderate,396,,"Normal S:6/6/9, Pierce S:3/3, Pellet S:4/4, Crag S:1/1/1, Clust S:1, RecovS:3/3, PoisnS:3/1, Para S:3/1, SleepS:3/1, Flame S:3, Water S:3, ThunderS:3, Freeze S:3, Dragon S:1, Tranq S:2, Paint S:2, Demon S:1, Armor S:1",,,,
6,gunner_weapon,201,Titan Panzer,light-bowgun,9,vallode,9,,,,Y,348,,,0%,2,,,,,,5500,HvyGraviosShell x6; HvyBasariosShell x5; HvnlyGraviosShl x1; PhantomButterfly x6,,,,,VeryFast,Moderate,408,,"Normal S:6/6, Pierce S:0/3/3, Pellet S:0/3/3, Crag S:0/1/1, Clust S:0/1/1, PoisnS:3/1, Flame S:3, ThunderS:3, Tranq S:2, Paint S:2",,,,
6,gunner_weapon,202,Chronos Panzer,light-bowgun,10,vallode,10,,,,Y,348,,,10%,0,,,,,,6000,HvyBlkGraviosShl x6; Gravios BrainStm x2; HvnlyBlkGraviShl x1; Mellanje Ore x4,,,,,VeryFast,Moderate,408,Flaming S,"Normal S:6/6, Pierce S:0/4/4, Pellet S:0/4/4, Crag S:0/1/1, Clust S:0/1/1, PoisnS:3/1, Flame S:4, ThunderS:3, Tranq S:2, Paint S:2",,,,
6,gunner_weapon,203,EngravedFireWyvnBow,light-bowgun,10,vallode,10,,10,,Y,360,,,0%,1,,,,,,7000,HvnlyRathalosScl x2; HvySlvrRthlsShl x6; Rathalos Ruby x3; Expert Coin G x7,,,,,VeryFast,Moderate,420,Pierce S Lv1|Flaming S ,"Normal S:9/9/12, Pierce S:4/4/3, Crag S:1/1, RecovS:3/3, PoisnS:3/1, Para S:3/1, Flame S:3, Tranq S:2, Paint S:2, Demon S:1",,,,
6,gunner_weapon,204,Ten-Thousand Volts,light-bowgun,10,vallode,10,,,,Y,360,,,0%,0,,,,,,7500,GoldRajangPelt+ x1; Blk Rajang Pelt+ x3; Hvy Rajang Fang x3; Commendation S x1,,,,,Normal,Moderate,420,Crag S Lv1,"Normal S:9/9/12, Pierce S:4/4/4, Crag S:2/2/2, Clust S:1, RecovS:3/3, Para S:3/1, Flame S:3, Water S:3, ThunderS:3, Tranq S:2, Paint S:2",,,,
6,gunner_weapon,205,Tigrex Wargun+,light-bowgun,6,vallode,6,,,,N,288,,,-30%,1,,,,,,2850,Tigrex Carapace x4; Tigrex Scale+ x8; FireWyvrn BrnStm x1; Wyvern Stone x2,,,,,VeryFast,Moderate,348,,"Normal S:6/6/9, Pierce S:4/4/4, Crag S:2/2/2, Clust S:0/1, Tranq S:2, Paint S:2",,,,
6,gunner_weapon,206,Absolute Bow,light-bowgun,10,vallode,10,,10,,Y,360,,,0%,0,,,,,,10000,ThckWhtFatlisScl x4; StrWhtFatalisWng x2; Ukanlos Stone x2; BigEDragonJewel x5,,,,,VerySlow,Moderate,420,Pierce S Lv1|Flame S|Water S|Thunder S|Freeze S,"Normal S:9/9/12, Pierce S:4/4/3, Crag S:1/1/1, Clust S:1/1/1, RecovS:3, PoisnS:3, Para S:3, SleepS:3, Flame S:3, Water S:3, ThunderS:3, Freeze S:3, Tranq S:2, Paint S:2",,,,
6,gunner_weapon,207,Ukanlos Flame Bow,light-bowgun,10,vallode,10,,10,,Y,432,,,-40%,0,,,,,,10000,StrongUkanlosFin x3; Hvy Ukanlos Tail x2; UkanlosUnderscl x4; Ukanlos Stone x1,,,,,Slow,Moderate,492,Freeze S,"Normal S:5/5/12, Pierce S:2/2/6, Pellet S:2/2/6, SleepS:3/1, Freeze S:4, Tranq S:2, Paint S:2",,,,
6,gunner_weapon,208,Island of the Gods G,light-bowgun,10,vallode,10,,,Y,Y,312,,,0%,0,,,,,,5000,Commendation S x1; AncientDrgnwood x4; Ancient Stone x5; Blazing Fire Sac x8,,,,,Slow,Moderate,372,,"Normal S:6/6/9, Pierce S:3, Pellet S:4, Crag S:3/3/3, Clust S:3/3/3, RecovS:0/3, PoisnS:0/1, Para S:0/1, SleepS:0/1, Flame S:3, Tranq S:2, Paint S:2, Demon S:1, Armor S:1",,,,
6,gunner_weapon,209,Crossbow Gun G,light-bowgun,9,vallode,9,,,Y,Y,252,,,0%,3,,,,,,5000,Commendation G x1; Hvy Monster Bone x2; Hrd Monster Bone x6; Dragonite Ore x30,,,,,Normal ,Moderate,312,,"Normal S:6/6, Pierce S:3, Pellet S:4, Crag S:1, Clust S:1, RecovS:3/3, PoisnS:3/1, Para S:3/1, SleepS:3/1, Flame S:3, Water S:3, ThunderS:3, Freeze S:3, Tranq S:2, Paint S:2, Demon S:1, Armor S:1",,,,
6,gunner_weapon,210,Shotgun (White) G,light-bowgun,9,vallode,9,,,Y,Y,312,,,0%,0,,,,,,5000,Commendation G x1; Giaprey Scale+ x20; Giadrome Claw+ x8; Giadrome Skull x5,,,,,Fast,Moderate,372,Pellet S Lv1,"Normal S:6/6/9, Pierce S:3, Pellet S:3/4/4, Crag S:1, Clust S:1, RecovS:3/3, PoisnS:3, Para S:3, SleepS:3, Freeze S:3, Tranq S:2, Paint S:2, Demon S:1, Armor S:1",,,,
6,gunner_weapon,211,Shotgun (Azure) G,light-bowgun,9,vallode,9,,,Y,Y,312,,,20%,1,,,,,,5000,Commendation G x1; Velociprey Scle+ x20; Velocidrome Clw+ x8; Velocidrome Head x5,,,,,Fast,Moderate,372,,"Normal S:6/6/9, Pierce S:3, Pellet S:4/4/4, Crag S:1, Clust S:1, RecovS:3/3, SleepS:3/1, Water S:3, Tranq S:2, Paint S:2, Demon S:1, Armor S:1",,,,
6,gunner_weapon,212,Shotgun (Emerald) G,light-bowgun,9,vallode,9,,9,Y,Y,312,,,0%,2,,,,,,5000,Commendation G x1; Genprey Scale+ x20; Thunderbug Juice x20; Gendrome Skull x5,,,,,Fast,Moderate,372,,"Normal S:6/6/9, Pierce S:3, Pellet S:4/4/4, Crag S:1, Clust S:1, RecovS:3/3, Para S:4/2, SleepS:3/1, ThunderS:3, Tranq S:2, Paint S:2, Demon S:1, Armor S:1",,,,
6,gunner_weapon,213,Shotgun (Blood) G,light-bowgun,9,vallode,9,,,Y,Y,312,,,0%,3,,,,,,5000,Commendation G x1; Ioprey Scale+ x20; Gypceros Head x2; Iodrome Skull x5,,,,,Fast,Moderate,372,,"Normal S:6/6/9, Pierce S:3, Pellet S:4/4/4, Crag S:1, Clust S:1, RecovS:3/3, PoisnS:4/2, SleepS:3/1, Flame S:3, Tranq S:2, Paint S:2, Demon S:1, Armor S:1",,,,
6,gunner_weapon,214,Hornet Gun G,light-bowgun,9,vallode,9,,,Y,Y,312,,,0%,0,,,,,,5000,Commendation G x1; Monster Essence x10; Hornetaur Crapce x30; Rare Scarab x15,,,,,Fast,Moderate,372,,"Normal S:9/9/12, Pierce S:3, Pellet S:4, Crag S:2/2/2, Clust S:2/2, RecovS:3/3, PoisnS:3/1, Para S:3/1, SleepS:3/1, Dragon S:1, Tranq S:2, Paint S:2",,,,
6,gunner_weapon,215,Desert Tempest G,light-bowgun,9,vallode,9,,,Y,Y,312,,,0%,3,,,,,,5000,Commendation S x1; Cephalos Scale+ x10; Hvy Monster Bone x8; Monster Bone+ x20,,,,,VeryFast,Moderate,372,,"Normal S:6/6/9, Pierce S:3, Pellet S:4, Crag S:1, Clust S:1, RecovS:3/3, PoisnS:3/1, Para S:3/1, SleepS:3/1, Water S:3, Tranq S:2, Paint S:2, Demon S:1, Armor S:1",,,,
6,gunner_weapon,216,Sandfall G,light-bowgun,9,vallode,9,,,Y,Y,312,,,0%,0,,,,,,5000,Commendation S x1; Coral Cphlos Fin x8; PlumD.HermitrShl x8; Hrd Monster Bone x20,,,,,VeryFast,Moderate,372,Normal S Lv2,"Normal S:9/3/12, Pierce S:3, Pellet S:4, Crag S:1, Clust S:1, RecovS:3/3, PoisnS:3/1, Para S:3/1, SleepS:3/1, Flame S:4, Water S:4, ThunderS:4, Tranq S:2, Paint S:2, Demon S:1, Armor S:1",,,,
6,gunner_weapon,217,Angel Parasol G,light-bowgun,9,vallode,9,,,Y,Y,312,,,0%,2,,,,,,5000,Commendation S x1; Lost Umbrella x5; KhezuHide-Cream x10; Pale Khezu Steak x5,,,,,Fast,Moderate,372,,"Normal S:6/6/9, Pierce S:3/3, Pellet S:4/4/4, Crag S:1/1/1, RecovS:3/3, PoisnS:3/1, Para S:3/1, SleepS:3/1, ThunderS:3, Freeze S:3, Tranq S:2, Paint S:2, Demon S:1, Armor S:1",,,,
6,gunner_weapon,218,Peach Parasol G,light-bowgun,9,vallode,9,,,Y,Y,312,,,0%,0,,,,,,5000,Commendation S x1; Lost Umbrella x5; StrAlluringWing x10; Basarios Tears x5,,,,,Fast,Moderate,372,Thunder S,"Normal S:9/9/12, Pierce S:3/3, Pellet S:4/4/4, Crag S:2/2/2, RecovS:3/3, PoisnS:3/1, Para S:3/1, SleepS:3/1, ThunderS:3, Freeze S:3, Tranq S:2, Paint S:2, Demon S:1, Armor S:1",,,,
6,gunner_weapon,219,Felyne Helldoll G,light-bowgun,10,vallode,10,,,Y,Y,312,,,0%,3,,,,,,5000,Commendation G x1; Felyne Fur Ruby x5; FlynMealPassPlus x20; Blazing Fire Sac x10,,,,,VeryFast,Moderate,372,Normal S Lv1|Flame S,"Normal S:4/6/9, Pierce S:3, Pellet S:4, Crag S:2/2/2, RecovS:3/3, PoisnS:3/1, Para S:3/1, SleepS:3/1, Flame S:6, Tranq S:2, Paint S:2, Demon S:1, Armor S:1",,,,
6,gunner_weapon,220,Melynx Helldoll G,light-bowgun,10,vallode,10,,,Y,Y,312,,,30%,1,,,,,,5000,Commendation G x1; Felyne Fur Ruby x5; BlackNargaPelt+ x4; Sinister Cloth x10,,,,,VeryFast,Moderate,372,Normal S Lv1|Flame S,"Normal S:4/6/9, Pierce S:3, Pellet S:4, Crag S:2/2/2, RecovS:3/3, PoisnS:3/1, Para S:3/1, SleepS:3/1, Flame S:6, Tranq S:2, Paint S:2, Demon S:1, Armor S:1",,,,
6,gunner_weapon,221,Maelstrom G,light-bowgun,9,vallode,9,,,Y,Y,312,,,0%,1,,,,,,5000,Commendation S x1; SpecPlesiothFin+ x6; ThckPlesiothScl x8; Black Pearl x20,,,,,Normal,Moderate,372,Water S,"Normal S:6/4, Pierce S:2/2/2, Pellet S:2/2/2, Crag S:1/1/1, Clust S:1/1/1, RecovS:3/3, PoisnS:3/1, Para S:3/1, SleepS:3/1, Flame S:3, Water S:2, ThunderS:3, Freeze S:3, Tranq S:2, Paint S:2, Demon S:1, Armor S:1",,,,
6,gunner_weapon,222,Jade Typhoon G,light-bowgun,9,vallode,9,,,Y,Y,312,,,0%,0,,,,,,5000,Commendation S x1; ThckGrnPlesioScl x8; SpecGrnPlesioFn+ x6; Giant Blk Pearl x2,,,,,Normal ,Moderate,372,Normal S Lv2,"Normal S:6/3, Pierce S:2/2/2, Pellet S:2/2/2, Crag S:1/1/1, Clust S:1/1/1, RecovS:3/3, PoisnS:3/1, Para S:3/1, SleepS:3/1, Flame S:3, Water S:3, ThunderS:3, Freeze S:3, Tranq S:2, Paint S:2, Demon S:1, Armor S:1",,,,
6,gunner_weapon,223,King Lobster Gun G,light-bowgun,9,vallode,9,,,Y,Y,312,,,0%,1,,,,,,5000,Commendation S x1; Gt Lobstershell x3; ThckGrnPlesioScl x8; SpecPlesiothFin+ x6,,,,,Normal ,Moderate,372,Water S,"Normal S:6/6/9, Pierce S:3/2/2, Pellet S:4/2/2, RecovS:3/3, PoisnS:3/1, Para S:3/1, SleepS:3/1, Flame S:3, Water S:3, Freeze S:3, Tranq S:2, Paint S:2, Demon S:1, Armor S:1",,,,
6,gunner_weapon,224,Red Lobster Gun G,,10,daigo,,,10,,Y,,,,,,,,,,,,,,,,,,,,,,,,,dummy
6,gunner_weapon,225,Hexed Shaka Bow G,light-bowgun,10,vallode,10,,10,Y,Y,312,,,0%,2,,,,,,5000,Commendation G x1; ShakalakaTreasr+ x3; ShakalakaTreasre x20; Old Pickaxe x1,,,,,VeryFast,Moderate,372,Dragon S,"Normal S:6/6/9, Pierce S:3/0/3, Crag S:3/0/3, Clust S:1/1/1, PoisnS:3/1, SleepS:3/1, Flame S:3, Dragon S:1, Tranq S:2, Paint S:2, Demon S:1",,,,
6,gunner_weapon,226,Heartfelt Cast G,light-bowgun,9,vallode,9,,,Y,Y,324,,,0%,0,,,,,,5000,Commendation S x1; KhezuSpecialCut x1; StrAlluringWing x6; HrdPuGypcerosWng x6,,,,,VeryFast,Moderate,384,Recov S Lv1,"Normal S:9/9/12, Pierce S:3/3, Pellet S:4, Crag S:2/2, RecovS:2/3, Para S:3/1, SleepS:3/1, Water S:3, ThunderS:4, Freeze S:3, Tranq S:2, Paint S:2, Demon S:1, Armor S:1",,,,
6,gunner_weapon,227,Combat Conga G,light-bowgun,9,vallode,9,,,Y,Y,324,,,0%,1,,,,,,5000,Commendation S x1; Vibrant Pelt x6; HrdCongalalaClw+ x6; Mellanje Ore x4,,,,,Fast,Moderate,384,Pierce S Lv1,"Normal S:6/6/9, Pierce S:3/3/4, Pellet S:3/3, Clust S:1, RecovS:3/3, PoisnS:3/1, Para S:3/1, SleepS:3/1, Flame S:3, Tranq S:2, Paint S:2, Armor S:1",,,,
6,gunner_weapon,228,Jungle Assault G,light-bowgun,9,vallode,9,,9,Y,Y,324,,,10%,0,,,,,,5000,Commendation S x1; Vibrant Comb x4; E.CongalalaPelt+ x8; Purecrystal x2,,,,,Fast,Moderate,384,Pellet S Lv2,"Normal S:6/6/9, Pierce S:3/3, Pellet S:3/3/4, Clust S:1/1, RecovS:3/3, PoisnS:3/1, Para S:3/1, SleepS:3/1, Flame S:3, ThunderS:3, Tranq S:2, Paint S:2, Armor S:1",,,,
6,gunner_weapon,229,Kut-Ku Counteratk G,light-bowgun,9,vallode,9,,,Y,Y,336,,,0%,0,,,,,,5000,Commendation S x1; Thick Kut-Ku Scl x10; RainbowTailFeath x5; Big Wyvern Stone x6,,,,,VerySlow,Moderate,396,,"Normal S:9/9/12, Pierce S:0/3, Pellet S:0/4, Crag S:0/1, Clust S:0/1, PoisnS:1, Flame S:4, Tranq S:2, Paint S:2",,,,
6,gunner_weapon,230,Kut-Ku Barrage G,light-bowgun,9,vallode,9,,,Y,Y,336,,,10%,0,,,,,,5000,Commendation S x1; ThkBlueKut-KuScl x10; Hypno Claw+ x4; Purecrystal x4,,,,,VerySlow,Moderate,396,,"Normal S:9/9/12, Pierce S:0/3, Pellet S:0/4, Crag S:0/1, Clust S:0/1, PoisnS:3/1, Flame S:4, Tranq S:2, Paint S:2",,,,
6,gunner_weapon,231,Dark Parasol G,light-bowgun,10,vallode,10,,,Y,Y,348,,,0%,0,,,,,,5000,Commendation S x1; Str Fatalis Wng x1; ThckFatalisScale x5; SpecRemobraSkin+ x20,,,,,Fast,Moderate,408,,"Normal S:6/6/9, Pierce S:3, Pellet S:4/4/4, Crag S:1/1, Clust S:1/1, RecovS:3/3, PoisnS:3/1, Para S:3/1, SleepS:3/1, Flame S:3, Dragon S:1, Tranq S:2, Paint S:2, Demon S:1, Armor S:1",,,,
6,gunner_weapon,232,Sand Diver,,,,,,,,,,,,,,,,,,,,,,,,,,,,,,,,,
6,gunner_weapon,233,Piercing Crab,heavy-bowgun,4,vallode,4,,,,N,240,,,0,1,,,,,,3750,Ceanataur Leg x3; Ceanataur Shell x6; Ceanataur Claw x3; Lg Monster Bone x8,,,,,Normal,Moderate,300,,"Normal S:6/6, Pierce S:4/4/4, Pellet S:2, Crag S:1, RecovS:3/3, PoisnS:3/1, SleepS:3/1, Water S:3, Freeze S:3, Tranq S:2, Paint S:2, Demon S:1",,,,
6,gunner_weapon,234,Desert Diver,heavy-bowgun,6,vallode,6,,,,N,288,,,0,0,,,,,,5500,Cephalos Fin+ x5; Cephalos Scale+ x6; Coral Cphlos Scl x3; Hrd Monster Bone x3,,,,,Fast,Moderate,348,,"Normal S:6/6/9, Pierce S:3, Pellet S:3, Crag S:1, Clust S:1, RecovS:3/3, Para S:3/1, SleepS:3/1, Flame S:4, Water S:4, ThunderS:4, Tranq S:2, Paint S:2",,,,
6,gunner_weapon,235,Heavy Piercing Crab,heavy-bowgun,6,vallode,6,,,,N,324,,,0,1,,,,,,6500,Ceanataur Carpce x6; Ceanataur Pincer x3; Coral Cphlos Scl x4; Monster Bone+ x10,,,,,Normal,Moderate,384,,"Normal S:6/6, Pierce S:4/4/4, Pellet S:2, Crag S:1, RecovS:3/3, PoisnS:3/1, SleepS:3/1, Water S:3, Freeze S:3, Tranq S:2, Paint S:2, Demon S:1",,,,
6,gunner_weapon,236,Lunastra's Flames,heavy-bowgun,8,vallode,8,,,,N,324,,,0,0,,,,,,7525,LunastraCarapace x4; Fire Drgn Jwl x1; Lunastra Mane x1; Firecell Stone x2,,,,,Normal,Moderate,384,,"Normal S:6/6/9, Pierce S:3/3, Pellet S:4, Crag S:3/3/3, Clust S:2/2/2, RecovS:3/3, SleepS:3/1, Flame S:6, Tranq S:2, Paint S:2, Armor S:1",,,,
6,gunner_weapon,237,Hidden Sniper,heavy-bowgun,7,vallode,7,,,,N,276,,,40%,0,,,,,,7250,Narga Scale+ x10; Black Narga Pelt x5; Narga Brain Stem x1; Hrd Monster Bone x6,,,,,VeryFast,Moderate,336,,"Normal S:9/9/9, Pierce S:6/6/6, Pellet S:0/0/3, Crag S:1, PoisnS:3, SleepS:3, Tranq S:2, Paint S:2",,,,
6,gunner_weapon,238,Great Arbalest+,heavy-bowgun,6,vallode,6,,,,N,288,,,0,2,,,,,,5000,Stout Bone x4; FlynMealPassPlus x2; Bulldrome Hide+ x3; King Scarab x6,,,Plus Class Tcket x1; Stout Bone x4,,Slow,Moderate,348,,"Normal S:6/6, Pierce S:3, Pellet S:4, Crag S:1, Clust S:1, RecovS:3/3, Para S:3/1, Flame S:3, Water S:3, ThunderS:3, Freeze S:3, Tranq S:2, Paint S:2",,,,
6,gunner_weapon,239,Tanksorcerer,heavy-bowgun,9,vallode,9,,,,Y,336,,,0,2,,,,,,6000,SpecRubberyHide+ x6; Gypceros Head x1; KhezuHide-Cream x3; Purecrystal x1,,,,,Slow,Moderate,396,,"Normal S:6/6, Pierce S:3/3, Pellet S:4/4/4, Crag S:1, Clust S:1/1, RecovS:3/3, PoisnS:3/1, Para S:3/1, SleepS:3/1, Water S:3, ThunderS:3, Tranq S:2, Paint S:2",,,,
6,gunner_weapon,240,Bastionwitch,heavy-bowgun,9,vallode,9,,,,Y,336,,,0,1,,,,,,6500,HrdPuGypcerosWng x6; HardGypcerosHead x1; StrAlluringWing x3; Eltalite Ore x10,,,,,Slow,Moderate,396,,"Normal S:6/6, Pierce S:3, Pellet S:6/6/6, Crag S:1, Clust S:1/1, RecovS:3/3, PoisnS:3/1, Para S:3/1, SleepS:3/1, Flame S:3, Water S:3, ThunderS:3, Freeze S:3, Tranq S:2, Paint S:2",,,,
6,gunner_weapon,241,Pressurized Plesioth,heavy-bowgun,9,vallode,9,,,,Y,360,,,0,1,,,,,,8000,ThckPlesiothScl x8; SpecPlesiothFin+ x4; ThckGrnPlesioScl x4; Emperor Cricket x6,,,,,Normal,Moderate,420,,"Normal S:6/6, Pierce S:2/2/2, Pellet S:2/2/2, Crag S:1/1/1, Clust S:1/1/1, RecovS:3/3, PoisnS:3/1, Para S:3/1, SleepS:3/1, Flame S:3, Water S:6, ThunderS:3, Freeze S:3, Tranq S:2, Paint S:2, Demon S:1, Armor S:1",,,,
6,gunner_weapon,242,Queen Needle,heavy-bowgun,10,vallode,10,,,,Y,348,,,20%,2,,,,,,8500,VespoidQn'sCrown x3; Vespoid Abdomen x3; Lightning Sac x2; Hornet Razorwing x4,,,,,Slow,Moderate,408,,"Normal S:9/9/12, Pierce S:0/2/2, Pellet S:3/3, Crag S:2/2, Clust S:2/2, PoisnS:3/1, Para S:3/1, ThunderS:6, Dragon S:3, Tranq S:2, Paint S:2, Demon S:1",,,,
6,gunner_weapon,243,Power Stinger,heavy-bowgun,9,vallode,9,,,,Y,348,,,0,0,,,,,,7500,HrdCongalalaPlt+ x8; Lg Pelagus Fang x4; Vibrant Pelt x3; Hvy Monster Bone x1,,,,,Fast,Moderate,408,,"Normal S:6/6/9, Pierce S:3/3/4, Pellet S:3/3, Clust S:1, RecovS:3/3, PoisnS:3/1, Para S:3/1, SleepS:3/1, Flame S:3, Tranq S:2, Paint S:2, Armor S:1",,,,
6,gunner_weapon,244,Violet Punisher,heavy-bowgun,9,vallode,9,,,,Y,360,,,0,1,,,,,,9250,PlumD.HermitrShl x8; HrdHermitaurClaw x3; ThckGrnPlesioScl x3; Massive Bone x2,,,,,Slow,Moderate,420,,"Normal S:6/6/9, Pierce S:3/3/3, Pellet S:4, Clust S:0/1, RecovS:3/3, PoisnS:3/1, SleepS:3/1, Water S:4, Freeze S:4, Tranq S:2, Paint S:2, Armor S:1",,,,
6,gunner_weapon,245,Super Kut-Ku Cannon,heavy-bowgun,9,vallode,9,,,,Y,372,,,0,1,,,,,,8500,Kut-Ku Carapace x6; Str Kut-Ku Wing x6; Hypno Bezoar x2; Eltalite Ore x10,,,,,VerySlow,Moderate,432,,"Normal S:9/9/12, Pierce S:0/3, Pellet S:0/4, Crag S:0/1, Clust S:0/1, PoisnS:3/1, Flame S:4, Tranq S:2, Paint S:2",,,,
6,gunner_weapon,246,Ultra Kut-Ku Cannon,heavy-bowgun,9,vallode,9,,,,Y,372,,,10%,0,,,,,,9000,HvyBlueKut-KuShl x6; Lucky Kut-Ku Ear x3; Hypno Claw+ x5; Hvy Monster Bone x2,,,,,VerySlow,Moderate,432,,"Normal S:9/9/12, Pierce S:0/3, Pellet S:0/4, Crag S:0/1, Clust S:0/1, PoisnS:3/1, Flame S:4, Tranq S:2, Paint S:2",,,,
6,gunner_weapon,247,Evil Wind Darkcannon,heavy-bowgun,10,vallode,10,,8,,Y,360,,,40%,0,,,,,,11000,ThickNargaScale x10; BlackNargaPelt+ x5; HvnlyNargaScale x1; Hvy Monster Bone x6,,,,,VeryFast,Moderate,420,,"Normal S:9/9/9, Pierce S:6/6/6, Pellet S:0/0/3, Crag S:1, PoisnS:3, SleepS:3, Tranq S:2, Paint S:2",,,,
6,gunner_weapon,248,Meteor Shower,heavy-bowgun,9,vallode,9,,8,,Y,384,,,0,2,,,,,,7500,Mellanje Ore x10; ThckLavasiothScl x4; Eltalite Ore x20; Big Wyvern Stone x1,,,,,Fast,Moderate,444,,"Normal S:6/6/9, Pierce S:4/4/4, Crag S:1/1/1, Para S:3, SleepS:3, Flame S:3, Tranq S:2, Paint S:2",,,,
6,gunner_weapon,249,GreatLadybugCannon+,heavy-bowgun,10,vallode,10,,,,Y,396,,,0,3,,,,,,6500,PhantomButterfly x8; HvyRathalosShl x2; Great Ladybug x10; Monster Essence x4,,,,,VerySlow,Moderate,456,,"Normal S:9/9/12, Pierce S:0/3/3, Crag S:1/1/1, Clust S:1/1/1, RecovS:3/3, PoisnS:3/1, Para S:3/1, SleepS:3/1, ThunderS:4, Dragon S:1, Tranq S:2, Paint S:2, Armor S:1",,,,
6,gunner_weapon,250,Gaia Eater,heavy-bowgun,9,vallode,9,,,,Y,396,,,0,2,,,,,,7500,HvyBasariosShell x10; StrBasariosWing x2; Eltalite Ore x20; Emperor Cricket x6,,,,,Slow,Moderate,456,,"Normal S:6/6/9, Pierce S:3, Pellet S:4, Crag S:2/2/2, Clust S:2/2/2, RecovS:0/3, PoisnS:3/1, Para S:0/1, SleepS:0/1, Flame S:3, Tranq S:2, Paint S:2, Demon S:1, Armor S:1",,,,
6,gunner_weapon,251,Icethrower,heavy-bowgun,9,vallode,9,,,,Y,396,,,0,1,,,,,,8500,HrdBlangongaPlt+ x8; HvyBlangongaFang x4; Lthr Pelagus Plt x2; Lg Pelagus Fang x2,,,,,Normal,Moderate,456,,"Normal S:9/9/12, Pierce S:3/2/2, Pellet S:4/2/2, RecovS:3/3, SleepS:3/1, Water S:3, ThunderS:3, Freeze S:4, Tranq S:2, Paint S:2, Demon S:1, Armor S:1",,,,
6,gunner_weapon,252,Crow Heirloom,heavy-bowgun,10,vallode,10,,,,Y,408,,,0,0,,,,,,10000,SilverGarugaPelt x4; Hvy Garuga Shell x5; Str Garuga Wing x4; Hvy Monster Bone x6,,,,,Fast,Moderate,468,,"Normal S:6/6/9, Pierce S:0/3, Pellet S:0/4, Crag S:0/1, Clust S:0/1, RecovS:3/3, PoisnS:3/1, Flame S:6, Tranq S:2, Paint S:2",,,,
6,gunner_weapon,253,Ceanataur Blaster,heavy-bowgun,9,vallode,9,,8,,Y,408,,,0,1,,,,,,10000,HvyCeanataurShl x6; HrdCeanataurClaw x4; Hvy Monster Bone x4; Big Wyvern Stone x2,,,,,Normal,Moderate,468,,"Normal S:6/6, Pierce S:4/4/4, Pellet S:2, Crag S:1, RecovS:3/3, PoisnS:3/1, SleepS:3/1, Water S:3, Freeze S:3, Tranq S:2, Paint S:2, Demon S:1",,,,
6,gunner_weapon,254,Terra C Blaster,heavy-bowgun,10,vallode,10,,,,Y,408,,,10%,0,,,,,,10500,TerraCeanatrShl x6; TerraCeanatrClaw x4; HvyBasariosShell x4; ThckLavasiothScl x4,,,,,Normal,Moderate,468,,"Normal S:6/6, Pierce S:4/4/4, Pellet S:2, Crag S:2, RecovS:3/3, Para S:3/1, Flame S:3, Water S:3, Tranq S:2, Paint S:2, Demon S:1",,,,
6,gunner_weapon,255,UltimateLao-ShaoCan,heavy-bowgun,10,vallode,10,,8,,Y,480,,,-10%,1,,,,,,15000,Lao-Shan'sHvyShl x4; Azure LaoS Claw x3; Lao-ShanHvnlyScl x1; Big Wyvern Stone x4,,,,,VerySlow,Weak,540,,"Normal S:0/6/9, Pierce S:0/0/3, Pellet S:0/0/4, Crag S:0/0/1, Clust S:0/0/1, PoisnS:0/1, Flame S:3, Water S:3, ThunderS:3, Tranq S:2, Paint S:2",,,,
6,gunner_weapon,256,Quick Quiver,heavy-bowgun,10,vallode,10,,8,,Y,396,,,0,0,,,,,,10750,SpecialKirinHide x3; Platinum Mane x3; Mellanje Ore x4; StoutWarpedHorn x2,,,,,VeryFast,Moderate,456,,"Normal S:6/6/9, Pierce S:3/3, Pellet S:0/4, Crag S:0/1, Clust S:0/1, RecovS:3/3, PoisnS:3/1, Para S:3/1, SleepS:3/1, Flame S:3, Water S:3, ThunderS:3, Freeze S:3, Tranq S:2, Paint S:2, Demon S:1, Armor S:1",,,,
6,gunner_weapon,257,Destiny's Arm,heavy-bowgun,10,vallode,10,,8,,Y,420,,,-15%,0,,,,,,20000,HvyFatalisCrmShl x2; HrdFatlisCrmHorn x2; ThckFatlisCrmScl x2; BigEDragonJewel x2,,,,,Fast,Moderate,480,,"Normal S:9/9/12, Pierce S:6/6/6, Crag S:2/2/2, Clust S:2/2/2, RecovS:3, PoisnS:3, Para S:3, SleepS:3, Flame S:4, Water S:4, ThunderS:4, Tranq S:2, Paint S:2",,,,
6,gunner_weapon,258,Daora's Ceti,heavy-bowgun,10,vallode,10,,,,Y,408,,,30%,1,,,,,,11750,Hvy Daora Shell x5; Str Daora Wing x4; BigEDragonJewel x1; Commendation S x1,,,,,VerySlow,Weak,468,,"Normal S:6/6/9, Pierce S:3/3/3, Pellet S:4, Crag S:1, Clust S:1, RecovS:3/3, PoisnS:3/1, Para S:3/1, Water S:3, Freeze S:3, Tranq S:2, Paint S:2",,,,
6,gunner_weapon,259,Gravios Gigahowl,heavy-bowgun,9,vallode,9,,,,Y,420,,,0,3,,,,,,11000,HvyGraviosShell x8; Gravios Skl Shl x2; StrBasariosWing x1; HvnlyGraviosShl x1,,,,,Slow,Moderate,480,,"Normal S:6/6, Pierce S:0/3/3, Pellet S:0/3/3, Crag S:0/1/1, Clust S:0/1/1, PoisnS:3/1, SleepS:3/1, Flame S:3, ThunderS:3, Tranq S:2, Paint S:2",,,,
6,gunner_weapon,260,Gravios Gigaroar,heavy-bowgun,10,vallode,10,,,,Y,420,,,0,0,,,,,,11500,HvyBlkGraviosShl x8; Gravios BrainStm x1; Firecell Stone x6; HvnlyBlkGraviShl x1,,,,,Slow,Moderate,480,,"Normal S:6/6, Pierce S:0/4/4, Pellet S:0/4/4, Crag S:0/1/1, Clust S:0/1/1, PoisnS:3/1, SleepS:3/1, Flame S:4, ThunderS:3, Tranq S:2, Paint S:2",,,,
6,gunner_weapon,261,Teostra Flamethrower,heavy-bowgun,10,vallode,10,,,,Y,420,,,15%,0,,,,,,12000,HvyTeostraShell x5; HrdFireDrgnClaw x2; BigEDragonJewel x1; Commendation S x1,,,,,Normal,Moderate,480,,"Normal S:6/6/9, Pierce S:0/3/3, Pellet S:0/0/4, Crag S:3/3/3, Clust S:2/2/2, RecovS:3/3, PoisnS:3/1, Flame S:6, Tranq S:2, Paint S:2, Demon S:1",,,,
6,gunner_weapon,262,Vor Buster,heavy-bowgun,10,vallode,10,,,,Y,432,,,0,1,,,,,,15000,Hvy Fatalis Shl x2; HardFatalisHorn x2; ThckFatalisScale x2; BigEDragonJewel x1,,,,,Fast,Moderate,492,,"Normal S:6/6/9, Pierce S:3/3/3, Crag S:1/1/1, Clust S:1/1/1, RecovS:3, PoisnS:3, Para S:3, SleepS:3, Flame S:3, Water S:3, ThunderS:3, Tranq S:2, Paint S:2",,,,
6,gunner_weapon,263,Dark Duelcaster,heavy-bowgun,10,vallode,10,,,,Y,432,,,0,0,,,,,,11500,HvyBlkBlosSpine x3; HvyDiablosShell x6; Mellanje Ore x5; StoutBlkTwstdHrn x2,,,,,VeryFast,Moderate,492,,"Normal S:6/6, Pierce S:2/3/4, Tranq S:2, Paint S:2",,,,
6,gunner_weapon,264,Tigrex Skull+,heavy-bowgun,6,vallode,6,,,,N,360,,,-30%,0,,,,,,7025,Tigrex Carapace x6; Tigrex Skull Shl x3; FireWyvrn BrnStm x1; Wyvern Stone x2,,,,,VeryFast,Moderate,420,,"Normal S:6/6/9, Pierce S:4/4/4, Crag S:2/2/2, Clust S:0/1, Tranq S:2, Paint S:2",,,,
6,gunner_weapon,265,AncientDrgnwoodCan,heavy-bowgun,10,vallode,10,,8,,Y,444,,,0,2,,,,,,13000,AncientDrgnwood x4; YamaTsukamiFluid x8; Thunderbug Jelly x6; Mellanje Ore x10,,,,,Slow,Light,504,,"Normal S:6/6/9, Pellet S:6/6/6, Crag S:3/3/3, Clust S:3/3/3, RecovS:3/3, Para S:4/2, Flame S:3, ThunderS:3, Tranq S:2, Paint S:2, Demon S:1, Armor S:1",,,,
6,gunner_weapon,266,Gaoren Orb,heavy-bowgun,10,vallode,10,,8,,Y,444,,,0,1,,,,,,12500,Hvy Gaoren Spine x4; HvyGaorenShell x6; Firecell Stone x20; HvnlyGaorenShell x1,,,,,VerySlow,VeryWeak,504,,"Normal S:6/6/9, Pierce S:4/0/4, Crag S:1/1/1, Clust S:1/1/1, Dragon S:2, Tranq S:2, Paint S:2, Demon S:1, Armor S:1",,,,
6,gunner_weapon,267,Ukanlos Cannon,heavy-bowgun,10,vallode,10,,8,,Y,504,,,-40%,0,,,,,,20000,HvyUkanlosShell x6; StrongUkanlosFin x4; UkanlosUnderscl x3; Ukanlos Stone x1,,,,,Slow,Moderate,564,,"Normal S:5/5/12, Pierce S:2/2/6, Pellet S:2/2/6, SleepS:3/1, Freeze S:6, Tranq S:2, Paint S:2",,,,
6,gunner_weapon,268,Arbalest G,heavy-bowgun,9,vallode,9,,,Y,Y,312,,,0,3,,,,,,10000,Commendation G x1; ThkBullfangoPelt x15; RobustWyvernBone x20; Lg Monster Bone x30,,,,,Slow,Moderate,372,,"Normal S:6/6, Pierce S:3, Pellet S:4, Crag S:1, Clust S:1, RecovS:3/3, Para S:3/1, Flame S:3, Tranq S:2, Paint S:2",,,,
6,gunner_weapon,269,Injector Cannon G,heavy-bowgun,9,vallode,9,,,Y,Y,384,,,0,0,,,,,,10000,Commendation G x1; Monster Essence x30; Monster Broth x30; Monster Fluid x30,,,,,Fast,Moderate,444,,"Normal S:6/6/9, Pierce S:3, Pellet S:4/4/4, Crag S:1/1/1, RecovS:3/3, PoisnS:3/1, Para S:3/1, SleepS:3/1, Flame S:3, Water S:3, ThunderS:3, Dragon S:1, Tranq S:2, Paint S:2, Demon S:1, Armor S:1",,,,
6,gunner_weapon,270,Rapidcaster G,heavy-bowgun,9,vallode,9,,,Y,Y,384,,,0,1,,,,,,10000,Commendation G x1; Kelbi Hide x20; Majestic Horn x10; Carpenterbug x99,,,,,VeryFast,Moderate,444,,"Normal S:6/6/9, Pierce S:3, Pellet S:4, Crag S:1, Clust S:1, RecovS:3, PoisnS:3, Para S:3, SleepS:3, Freeze S:3, Tranq S:2, Paint S:2",,,,
6,gunner_weapon,271,Honeycomber G,heavy-bowgun,9,vallode,9,,,Y,Y,384,,,0,3,,,,,,10000,Commendation G x1; YamaTsukamiFluid x4; Vespoid Abdomen x10; Hornetaur Head x10,,,,,Normal,Moderate,444,,"Normal S:6/6, Pierce S:2/2, Pellet S:2/2, Crag S:1/1, Clust S:1/1, PoisnS:3/1, Para S:3/1, ThunderS:3, Dragon S:1, Tranq S:2, Paint S:2, Demon S:1, Armor S:1",,,,
6,gunner_weapon,272,Tanksorcerer G,heavy-bowgun,9,vallode,9,,,Y,Y,384,,,0,2,,,,,,10000,Commendation G x1; DeadlyPoisonSac x10; Toxin Sac x10; Purecrystal x5,,,,,Slow,Moderate,444,,"Normal S:6/6, Pierce S:3/3, Pellet S:4/4/4, Crag S:1, Clust S:1/1, RecovS:3/3, PoisnS:3/1, Para S:3/1, SleepS:3/1, Water S:3, ThunderS:3, Tranq S:2, Paint S:2",,,,
6,gunner_weapon,273,Bastionwitch G,heavy-bowgun,9,vallode,9,,,Y,Y,384,,,0,1,,,,,,10000,Commendation S x1; HardGypcerosHead x3; Lightcrystal x20; Novacrystal x10,,,,,Slow,Moderate,444,,"Normal S:6/6, Pierce S:3, Pellet S:6/6/6, Crag S:1, Clust S:1/1, RecovS:3/3, PoisnS:3/1, Para S:3/1, SleepS:3/1, Flame S:3, Water S:3, ThunderS:3, Freeze S:3, Tranq S:2, Paint S:2",,,,
6,gunner_weapon,274,Desert Diver G,heavy-bowgun,9,vallode,9,,,Y,Y,384,,,0,0,,,,,,10000,Commendation S x1; HvyPiscineFang x10; Coral Cphlos Fin x6; Union Ore x30,,,,,Fast,Moderate,444,,"Normal S:6/6/9, Pierce S:3, Pellet S:3, Crag S:1, Clust S:1, RecovS:3/3, Para S:3/1, SleepS:3/1, Flame S:4, Water S:4, ThunderS:4, Tranq S:2, Paint S:2",,,,
6,gunner_weapon,275,PressurizedPlesiothG,heavy-bowgun,9,vallode,9,,,,Y,396,,,0,1,,,,,,10000,Commendation S x1; ThckPlesiothScl x10; Ancient Fish x10; Hrd Monster Bone x20,,,,,Normal,Moderate,456,,"Normal S:6/6, Pierce S:2/2/2, Pellet S:2/2/2, Crag S:1/1/1, Clust S:1/1/1, RecovS:3/3, PoisnS:3/1, Para S:3/1, SleepS:3/1, Flame S:3, Water S:6, ThunderS:3, Freeze S:3, Tranq S:2, Paint S:2, Demon S:1, Armor S:1",,,,
6,gunner_weapon,276,Meteor Cannon G,heavy-bowgun,9,vallode,9,,,Y,Y,384,,,0,3,,,,,,10000,Commendation S x1; Firestone x40; Mellanje Ore x30; Basarios Tears x5,,,,,Fast,Moderate,444,,"Normal S:6/6/9, Pierce S:4/4/4, Crag S:1/1/1, Para S:3, SleepS:3, Flame S:3, Tranq S:2, Paint S:2",,,,
6,gunner_weapon,277,Black Cannon G,heavy-bowgun,10,vallode,10,,,Y,Y,408,,,0,1,,,,,,10000,Commendation S x1; Dark Stone x10; BigEDragonJewel x1; Giant Blk Pearl x5,,,,,Fast,Moderate,468,,"Normal S:6/6/9, Pierce S:3/3/3, Crag S:1/1/1, Clust S:1/1/1, RecovS:3, PoisnS:3, Para S:3, SleepS:3, Flame S:3, Water S:3, ThunderS:3, Tranq S:2, Paint S:2",,,,
6,gunner_weapon,278,Power Stinger G,heavy-bowgun,9,vallode,9,,,Y,Y,384,,,0,0,,,,,,10000,Commendation S x1; Vibrant Comb x2; HrdCongalalaClw+ x4; HrdE.CongaClaw x6,,,,,Fast,Moderate,444,,"Normal S:6/6/9, Pierce S:3/3/4, Pellet S:3/3, Clust S:1, RecovS:3/3, PoisnS:3/1, Para S:3/1, SleepS:3/1, Flame S:3, Tranq S:2, Paint S:2, Armor S:1",,,,
6,gunner_weapon,279,Queen Needle G,heavy-bowgun,10,vallode,10,,,Y,Y,384,,,20%,2,,,,,,10000,Commendation S x1; VespoidQn'sCrown x5; Thunderbug Jelly x20; Killer Beetle x99,,,,,Slow,Moderate,444,,"Normal S:9/9/12, Pierce S:0/2/2, Pellet S:3/3, Crag S:2/2, Clust S:2/2, PoisnS:3/1, Para S:3/1, ThunderS:6, Dragon S:3, Tranq S:2, Paint S:2, Demon S:1",,,,
6,gunner_weapon,280,Lunastra's Flames G,heavy-bowgun,10,vallode,10,,,Y,Y,420,,,0,0,,,,,,10000,Commendation S x1; ThckFireDrgnScl x4; LunastraCarapace x8; Fire Drgn Jwl x3,,,,,Normal,Moderate,480,,"Normal S:6/6/9, Pierce S:3/3, Pellet S:4, Crag S:3/3/3, Clust S:2/2/2, RecovS:3/3, SleepS:3/1, Flame S:6, Tranq S:2, Paint S:2, Armor S:1",,,,
6,gunner_weapon,281,SuperKut-KuCannon G,heavy-bowgun,9,vallode,9,,,Y,Y,408,,,0,1,,,,,,10000,Commendation S x1; Thick Kut-Ku Scl x10; Lucky Kut-Ku Ear x5; Pale Khezu Steak x3,,,,,VerySlow,Moderate,468,,"Normal S:9/9/12, Pierce S:0/3, Pellet S:0/4, Crag S:0/1, Clust S:0/1, PoisnS:3/1, Flame S:4, Tranq S:2, Paint S:2",,,,
6,gunner_weapon,282,UltraKut-KuCannon G,heavy-bowgun,9,vallode,9,,,Y,Y,408,,,10%,0,,,,,,10000,Commendation S x1; ThkBlueKut-KuScl x10; Long Kut-Ku Ear x10; KhezuSpecialCut x1,,,,,VerySlow,Moderate,468,,"Normal S:9/9/12, Pierce S:0/3, Pellet S:0/4, Crag S:0/1, Clust S:0/1, PoisnS:3/1, Flame S:4, Tranq S:2, Paint S:2",,,,
6,gunner_weapon,283,Crab Buster G,heavy-bowgun,9,vallode,9,,,Y,Y,384,,,0,2,,,,,,10000,Commendation S x1; Hermitaur Claw+ x8; HvyHermitaurShl x8; Black Pearl x20,,,,,Slow,Moderate,444,,"Normal S:6/6/9, Pierce S:3/3, Pellet S:4, Clust S:1, RecovS:3/3, Para S:3/1, Water S:3, Freeze S:3, Tranq S:2, Paint S:2, Armor S:1",,,,
6,gunner_weapon,284,Violet Punisher G,heavy-bowgun,9,vallode,9,,,Y,Y,396,,,0,1,,,,,,10000,Commendation S x1; PlumD.HermitrClw x6; PlumD.HermitrShl x8; Wyvern Skull Shl x3,,,,,Slow,Moderate,456,,"Normal S:6/6/9, Pierce S:3/3/3, Pellet S:4, Clust S:0/1, RecovS:3/3, PoisnS:3/1, SleepS:3/1, Water S:4, Freeze S:4, Tranq S:2, Paint S:2, Armor S:1",,,,
6,gunner_weapon,285,Monodevilcaster G,heavy-bowgun,9,vallode,9,,,Y,Y,420,,,0,0,,,,,,10000,Commendation S x1; Wht Monoblos Cpc x8; StoutBlkTwstdHrn x4; Monoblos Heart x2,,,,,VeryFast,Moderate,480,,"Normal S:6/6/6, Pierce S:2/2/2, Pellet S:2/2/2, Tranq S:2, Paint S:2",,,,
6,gunner_weapon,286,Duelcaster G,heavy-bowgun,9,vallode,9,,,Y,Y,432,,,0,0,,,,,,10000,Commendation S x1; HvyDiablosShell x8; Top-GrdPlatHorn x6; Wyvern Stone x10,,,,,VeryFast,Moderate,492,,"Normal S:6/6/6, Pierce S:2/2/2, Tranq S:2, Paint S:2",,,,
6,gunner_weapon,287,Lao-ShanLungCannon G,heavy-bowgun,10,vallode,10,,8,Y,Y,456,,,0,2,,,,,,10000,Commendation S x1; Lao-ShanHvnlyScl x1; Lao-Shan's Ruby x2; ElderDragonBlood x10,,,,,VerySlow,Weak,516,,"Normal S:0/6/9, Pierce S:0/0/3, Pellet S:0/0/4, Crag S:0/0/1, Clust S:0/0/1, PoisnS:0/1, Flame S:3, Water S:3, ThunderS:3, Tranq S:2, Paint S:2",,,,
6,gunner_weapon,288,Hunter's Bow G,bow,9,vallode,9,,9,Y,Y,276,,,0%,3,,,,,,75000,Commendation G x1; Hvy Monster Bone x3; RobustWyvernBone x10; Rare Scarab x10,,,,,,,,,,"closerng, paralysis, poison, sleep, paint, power","Rapd3, Sctr4, Rapd5, Sctr5",,
6,gunner_weapon,289,Hunter's Power BowIV,bow,9,vallode,9,,9,,Y,324,,,0%,0,,,,,Hunter's Power Bow III,,,49500,StrBasariosWing x1; HvyBasariosShell x6; Eltalite Ore x10; Hvy Monster Bone x5,,,,,,,,"paralysis, poison, sleep, power, paint","Rapd3, Rapd4, Rapd5, Prce5",,
6,gunner_weapon,290,Icicle Bow I,bow,9,vallode,9,,,,Y,228,,,0%,0,Ice 200,Ice 20,,,Hunter's Power Bow III,34650,Purecrystal x1; Ice Crystal x20; Eltalite Ore x15; Hvy Monster Bone x5,34650,Lg Pelagus Fang x6; Ice Crystal x20; RobustWyvernBone x5; Carbalite Ore x10,,Icicle Bow II,,,,,,"closerng, paralysis, poison, sleep, power, paint","Sctr3, Sctr4, Sctr4, Rapd4",,
6,gunner_weapon,291,Icicle Bow II,bow,9,vallode,9,,9,,Y,264,,,0%,0,Ice 230,Ice 23,,,Icicle Bow I,,,55450,HvyBlangongaFang x2; PureCrystal x3; Piercing Claw x10; Hvy Monster Bone x6,,,,,,,,"closerng, paralysis, poison, sleep, power, paint","Sctr3, Sctr4, Sctr5, Rapd4",,
6,gunner_weapon,292,Blango Fur Bow G,bow,9,vallode,9,,,Y,Y,276,,,0%,3,Ice 180,Ice 18,,,,75000,Commendation G x1; HrdBlangongaPlt+ x4; Top-GrdPlatHorn x3; HvyBlangongaFang x3,,,,,,,,,,"paralysis, poison, sleep, paint, power","Rapd2, Sctr3, Rapd4, Prce5",,
6,gunner_weapon,293,Abominable Bow II,bow,9,vallode,9,,9,,Y,288,,,0%,2,Ice 140,Ice 14,,,Abominable Bow I,,,69300,HrdBlangongaPlt+ x4; Massive Bone x4; Lthr Pelagus Plt x3; PhantomButterfly x4,,,,,,,,"paralysis, poison, sleep, power, paint","Rapd3, Prce4, Rapd4, Sctr5",,
6,gunner_weapon,294,Wild Bow G,bow,9,vallode,9,,,Y,Y,336,,,0%,3,,,,,,75000,Commendation G x1; HrdCongalalaPlt+ x6; Lg Pelagus Fang x4; Stout Bone x10,,,,,,,,,,"closerng, paralysis, poison, sleep, paint","Prce2, Rapd3, Prce4, Rapd5",,
6,gunner_weapon,295,Wild Power Bow G,bow,9,vallode,9,,,Y,Y,360,,,0%,2,,,,,,75000,Commendation G x1; Vibrant Pelt x3; HrdCongalalaClw+ x4; PhantomButterfly x4,,,,,,,,,,"closerng, paralysis, poison, sleep, paint","Rapd3, Rapd4, Prce4, Prce5",,
6,gunner_weapon,296,Jungle Bow I,bow,9,vallode,9,,,,Y,324,,,10%,0,,,,,Wild Power Bow II,49500,Congalala Pelt+ x6; Vibrant Comb x2; HrdCongalalaClw+ x3; Emperor Cricket x6,49500,Congalala Pelt+ x4; Lg Pelagus Fang x3; Eltalite Ore x4; Emperor Cricket x4,,Jungle Bow II,,,,,,"closerng, paralysis, poison, sleep, paint","Rapd3, Rapd3, Sctr4, Prce5",,
6,gunner_weapon,297,Jungle Bow II,bow,9,vallode,9,,,,Y,360,,,15%,0,,,,,Jungle Bow I,,,74250,Vibrant Comb x1; Blangonga Pelt+ x6; Massive Bone x3; PhantomButterfly x2,,,,,,,,"closerng, paralysis, poison, sleep, paint","Rapd3, Rapd4, Sctr5, Prce5",,
6,gunner_weapon,298,Kut-Ku Stave G,bow,9,vallode,9,,,Y,Y,276,,,0%,1,fire 220,fire 22,,,,75000,Commendation G x1; Thick Kut-Ku Scl x8; Hvy Kut-Ku Shell x6; Top-GrdRedHorn x3,,,,,,,,,,"paralysis, poison, sleep, paint, power","Sctr3, Sctr4, Sctr5, Prce4",,
6,gunner_weapon,299,Blue Kut-Ku Stave II,bow,8,vallode,8,,,,N,240,,,0%,2,Fire 180,Fire 18,,,Blue Kut-Ku Stave I,,,41600,HvyBlueKut-KuShl x4; Lucky Kut-Ku Ear x3; Blazing Fire Sac x4; Monster Essence x4,,Blue Kut-Ku Stave III,,,,,,"closerng, paralysis, poison, sleep, power, paint","Sctr3, Rapd3, Sctr5, Prce4",,
6,gunner_weapon,300,BlueKut-KuStave III,bow,9,vallode,9,,,,Y,276,,,0%,2,Fire 200,Fire 20,,,Blue Kut-Ku Stave II,,,62400,HvyAzurRthlsShl x3; ThkBlueKut-KuScl x6; Emperor Cricket x6; Mellanje Ore x5,,,,,,,,"closerng, paralysis, poison, sleep, power, paint","Sctr4, Rapd4, Sctr5, Prce4",,
6,gunner_weapon,301,Wolf Bow,bow,9,vallode,9,,,,Y,348,,,10%,0,,,,,Blue Kut-Ku Stave I,83150,Hvy Garuga Shell x5; SilverGarugaPelt x3; LethrGarugaTail x1; HardGypcerosHead x1,83150,ThickGarugaScale x5; Hvy Garuga Shell x4; Rejuvenated Beak x3; DeadlyPoisonSac x2,,Crow Bow,,,,,,"closerng, poison, power, paint","Rapd3, Rapd4, Rapd4, Sctr5",,
6,gunner_weapon,302,Crow Bow,bow,10,vallode,10,,,,Y,360,,,10%,0,,,,,Wolf Bow,,,103950,LethrGarugaTail x1; SilverGarugaPelt x3; PhantomButterfly x3; SpecChameleHide+ x4,,,,,,,,"closerng, poison, power, paint","Rapd3, Rapd4, Rapd5, Sctr5",,
6,gunner_weapon,303,Defect Swordfish Bow,bow,5,vallode,5,,,,N,132,,,0%,3,Paralysis Add,Paralysis Add,,,,1250,Speartuna x1; Black Pearl x2; Antiseptic Stone x2; FlynMealPassReg x1,,,,Whole Swordfish Bow,,,,,,"closerng, paralysis, sleep, power, paint","Rapd1, Sctr2, Sctr3, Rapd2",,
6,gunner_weapon,304,Whole Swordfish Bow,bow,8,vallode,8,,,,N,204,,,0%,3,Paralysis Add,Paralysis Add,,,Defect Swordfish Bow,,,5950,Speartuna x1; Novacrystal x1; Hrd Monster Bone x6; FlynMealPassPlus x3,,Perfect Swordfish Bow,,,,,,"closerng, paralysis, sleep, power, paint","Rapd2, Sctr3, Sctr4, Rapd3",,
6,gunner_weapon,305,PerfectSwordfishBow,bow,10,vallode,10,,,,Y,288,,,0%,3,Paralysis Add,Paralysis Add,,,Whole Swordfish Bow,,,35650,Speartuna x1; Ancient Fish x5; Paralysis Sac x10; Hvy Monster Bone x8,,,,,,,,"closerng, paralysis, sleep, power, paint","Rapd3, Sctr4, Sctr5, Rapd4",,
6,gunner_weapon,306,Swordfish Bow G,,,,,,,Y,,,,,,,,,,,,,,,,,,,,,,,,,,
6,gunner_weapon,307,Sonic Bow IV,bow,9,vallode,9,,,,Y,240,,,0%,2,Thunder 180,Thunder 18,,,Sonic Bow III,,,,VespoidQn'sCrown x3; Thunderbug Jelly x10; Thunder Sac x6; Vespoid Razorwing x6,,,,,,,,"closerng, paralysis, power, paint","Rapd3, Sctr4, Rapd4, Sctr5",,
6,gunner_weapon,308,Sonic Bow G,bow,9,vallode,9,,9,Y,Y,276,,,0%,2,Thunder 200,Thunder 20,,,,75000,Commendation S x1; VespoidQn'sCrown x5; Lightning Sac x4; Hornet Razorwing x6,,,,,,,,,,"closerng, paralysis, paint, power","Rapd3, Sctr4, Rapd5, Sctr5",,
6,gunner_weapon,309,Daimyo's Warbow G,bow,9,vallode,9,,9,Y,Y,276,,,0%,2,Water 180,Water 18,,,,75000,Commendation S x1; HvyHermitaurShl x6; Wyvern Skull Shl x4; MonoblosCarapace x6,,,,,,,,,,"paralysis, poison, sleep, paint, power","Sctr4, Sctr4, Prce4, Rapd5",,
6,gunner_weapon,310,Grt Purple Emperor I,,,,,,,,,,,,,,,,,,,,,,,,,,,,,,,,,
6,gunner_weapon,311,GrtPurpleEmperor II,,9,daigo,,,9,,Y,,,,,,,,,,,,,,,,,,,,,,,,,
6,gunner_weapon,312,Blue Blade Bow I,bow,4,vallode,4,,,,N,204,,,0%,0,,,,,,7700,Ceanataur Shell x4; Ceanataur Pincer x1; Hercudrome x2; Sharp Claw x7,,,,Blue Blade Bow II,,,,,,"closerng, paralysis, sleep, power, paint","Rapd2, Prce2, Prce3, Prce3",,
6,gunner_weapon,313,Blue Blade Bow II,bow,6,vallode,6,,,,N,264,,,0%,0,,,,,Blue Blade Bow I,,,23100,Ceanataur Carpce x5; Ceanataur Claw+ x3; Hrd monster Bone x3,,Blue Blade Bow III,,,,,,"closerng, paralysis, sleep, power, paint","Rapd2, Prce3, Prce3, Prce4",,
6,gunner_weapon,314,Blue Blade Bow III,bow,9,vallode,9,,,,Y,360,,,0%,1,,,,,Blue Blade Bow II,90100,HvyCeanataurShl x5; HrdCeanataurClaw x3; Giant Blk Pearl x2; Hvy Monster Bone x3,90100,HvyCeanataurShl x4; HvyCeanataurLeg x3; Hvy Monster Bone x3,,Showroom Model; Carmine Bow,,,,,,"closerng, paralysis, sleep, power, paint","Rapd3, Prce3, Prce4, Prce5",,
6,gunner_weapon,315,Showroom Model,bow,9,vallode,9,,,,Y,372,,,0%,1,,,,,Blue Blade Bow III,,,103950,HrdCeanataurClaw x2; Giant Blk Pearl x2; HvyGraviosShell x4,,,,,,,,"closerng, paralysis, sleep, power, paint","Rapd3, Prce4, Prce4, Prce5",,
6,gunner_weapon,316,Carmine Bow,bow,9,vallode,9,,,,Y,312,,,0%,0,Water 120,Water 12,,,Blue Blade Bow III,,,89100,TerraCeanatrShl x4; HvyCeanataurLeg x3; ThckPlesiothScl x4,,Eraser,,,,,,"closerng, paralysis, power, paint","Prce3, Rapd3, Prce4, Prce5",,
6,gunner_weapon,317,Eraser,bow,10,vallode,10,,,,Y,324,,,0%,0,Water 140,Water 14,,,Carmine Bow,,,103950,TerraCeanatrClaw x2; Giant Blk Pearl x2; HvyBlkGraviosShl x4,,,,,,,,"closerng, paralysis, power, paint","Prce3, Rapd4, Prce4, Prce5",,
6,gunner_weapon,318,Tigrex Whisker+,bow,6,vallode,6,,,,N,312,,,-30%,0,,,,,Tiger Arrow II,25700,Tigrex Carapace x4; Tigrex Scale+ x3; FireWyvrn BrnStm x2; Wyvern Stone x2,25700,Tigrex Carapace x4; FireWyvrn BrnStm x2; Wyvern Stone x3,,Tigrex Whisker+,,,,,,"poison, paint, power","Rapd2, Prce3, Rapd4, Prce4",,
6,gunner_weapon,319,Hidden Bow,bow,7,vallode,7,,,,N,252,,,50%,1,,,,,Tiger Arrow II,27750,Black Narga Pelt x6; NargaCuttingWing x4; Hrd Monster Bone x5; Narga Brain Stem x1,27750,Black Narga Pelt x4; NargaCuttingWing x3; Nargacuga Fang+ x6,,Midnight Bow,,,,,,"closerng, paralysis, poison, sleep, power, paint","Sctr4, Rapd4, Prce4, Rapd5",,
6,gunner_weapon,320,Midnight Bow,bow,10,vallode,10,,,,Y,324,,,50%,0,,,,,Hidden Bow,103950,ThickNargaScale x10; StrNargaCttngWng x6; HvyNargacugaFang x8; HvnlyNargaScale x1,103950,BlackNargaPelt+ x4; StrNargaCttngWng x6; HvyNargacugaFang x6; Narga Brain Stem x2,,,,,,,,"power, poison, closerng, paralysis, paint, sleep","Sctr4, Rapd5, Prce5",,
6,gunner_weapon,321,Black Bow I,bow,5,vallode,5,,8,,N,180,,,0%,1,Dragon 100,Dragon 10,,,,7500,Dark Stone x1; Dark Piece x4; Pokke Ticket x1,,,,Black Bow II,,,,,,"closerng, power, paint","Sctr2, Prce2, Prce3, Sctr4",,
6,gunner_weapon,322,Black Bow II,bow,8,vallode,8,,,,N,192,,,0%,1,Dragon 120,Dragon 12,,,Black Bow I,,,15000,Dark Stone x2; ElderDragonBlood x4; Union Ore x20,,Exterminator Bow I; Glorious Victory I,,,,,,"closerng, power, paint","Sctr3, Prce3, Prce4, Sctr4",,
6,gunner_weapon,323,Black Bow G,bow,10,vallode,10,,,Y,Y,300,,,0%,2,Dragon 160,Dragon 16,,,,75000,Commendation S x1; Big Wyvern Stone x10; Dark Piece x20; Pokke Ticket x10,,,,,,,,,,"closerng, power, paint","Sctr4, Prce4, Prce5, Sctr5",,
6,gunner_weapon,324,Exterminator Bow II,bow,10,vallode,10,,10,,Y,384,,,20%,1,,,,,Exterminator Bow I,,,150000,HardFatalisHorn x4; ThckFatalisScale x2; Hvy Fatalis Shl x1; BigEDragonJewel x1,,,,,,,,"power, paint","Sctr3, Sctr4, Rapd4, Rapd5",,
6,gunner_weapon,325,Glorious Victory II,bow,10,vallode,10,,,,Y,336,,,0%,0,Dragon 270,Dragon 27,,,Glorious Victory I,,,150000,HrdWhtFatlisHorn x4; ThckWhtFatlisScl x2; HvyWhtFatalisShl x1; BigEDragonJewel x3,,,,,,,,paint,"Sctr2, Prce3, Rapd3, Rapd4",,
6,gunner_weapon,326,Dragon Bow Chaos,bow,10,vallode,10,,10,,Y,360,,,0%,0,Dragon 220,Dragon 22,,,Dragon Bow Mountain,,,124750,Lao-ShanHvnlyScl x1; Lao-Shan'sHvyShl x6; Lao-Shan'sThkScl x4; Big Wyvern Stone x8,,,,,,,,"closerng, paralysis, poison, sleep, power, paint","Prce2, Prce3, Sctr5, Rapd4",,
6,gunner_weapon,327,Dragon Bow Solar G,bow,10,vallode,10,,,Y,Y,288,,,10%,1,Thunder 210,Thunder 21,,,,75000,Commendation S x1; Dragonwood+ x20; Dragonwood x20; YamaTsukamiFluid x8,,,,,,,,,,"paralysis, poison, sleep, paint, power","Sctr4, Sctr5, Prce3, Prce4",,
6,gunner_weapon,328,AncientDragonwoodBow,bow,10,vallode,10,,,,Y,300,,,20%,0,Thunder 180; Paralysis Add,Thunder 18; Paralysis Add,,,Dragon Bow Solar,115800,YamaTsukamiHide x6; YamaTsukaFillet x4; YamaTsukamiFluid x6; Commendation S x1,115800,YamaTsukamiHide x4; YamaTsukaFillet x3; AncientDrgnwood x4; AncientDrgnmoss x4,,,,,,,,"paralysis, poison, sleep, power, paint","Sctr3, Sctr4, Prce5, Rapd4",,
6,gunner_weapon,329,Prominence Bow IV,bow,9,vallode,9,,,,Y,288,,,0%,2,Fire 160,Fire 16,,,Prominence Bow III,61900,HvyRathalosShl x6; StrRathalosWing x4; Rathalos Ruby x1; ThckLavasiothScl x4,61900,HvyRathalosShl x5; Rathalos Ruby x1; ThckLavasiothScl x3,,Prominence Bow V,,,,,,"poison, power, paint","Rapd3, Sctr3, Prce4, Prce5",,
6,gunner_weapon,330,Prominence Bow V,bow,10,vallode,10,,10,,Y,300,,,0%,2,Fire 180,Fire 18,,,Prominence Bow IV,,,74250,Hrd Rathalos Scl x6; HvnlyRathalosScl x1; HvySlvrRthlsShl x3,,,,,,,,"poison, power, paint","Rapd3, Sctr4, Prce4, Prce5",,
6,gunner_weapon,331,Queen Blaster IV,bow,9,vallode,9,,,,Y,336,,,0%,2,Poison Add,Poison Add,,,Queen Blaster III,,,54450,ThckRathianScl x5; Rathian Ruby x1; DeadlyPoisonSac x4; PhantomButterfly x3,,Queen Blaster V,,,,,,"poison, power, paint","Sctr4, Prce3, Sctr5, Rapd4",,
6,gunner_weapon,332,Queen Blaster V,bow,10,vallode,10,,10,,Y,360,,,0%,2,Poison Add,Poison Add,,,Queen Blaster IV,,,69300,HvyRathianShell x4; HvnlyRathianScl x1; ThckGldRathnScl x5,,,,,,,,"poison, power, paint","Sctr4, Prce3, Sctr5, Rapd5",,
6,gunner_weapon,333,Heartshot Bow III,bow,10,vallode,10,,,,Y,336,,,20%,1,,,,,Heartshot Bow II,,,83150,Rathian Thorn x1; ThckPnkRathnScl x5; Mellanje Ore x5,,,,,,,,"paralysis, power, paint","Sctr3, Sctr3, Prce4, Sctr5",,
6,gunner_weapon,334,Wing Bow I,bow,6,vallode,6,,,,N,228,,,0%,1,Sleep Add,Sleep Add,,,,11100,OrangeHypnoPelt x4; Hypno Beak x2; Carbalite Ore x3; Hrd Monster Bone x4,,,,Wing Bow II,,,,,,"closerng, sleep, power, paint","Rapd2, Sctr3, Rapd3, Prce3",,
6,gunner_weapon,335,Wing Bow II,bow,6,vallode,6,,,,N,240,,,0%,1,Sleep Add,Sleep Add,,,Wing Bow I,,,13450,Top-GrdHypnoClaw x6; Basarios Carpace x6; Rare Scarab x3,,Wing Bow III,,,,,,"closerng, sleep, power, paint","Rapd2, Sctr4, Rapd4, Prce3",,
6,gunner_weapon,336,Wing Bow III,bow,9,vallode,9,,,,Y,312,,,0%,1,Sleep Add,Sleep Add,,,Wing Bow II,53450,OrangeHypnoPelt+ x8; Hypno Claw+ x6; Hypno Bezoar x1; Lucky Kut-Ku Ear x3,53450,Hypno Fang x3; OrangeHypnoPelt+ x6; Sleep Sac x4; Str Kut-Ku Wing x4,,Wing Bow IV,,,,,,"closerng, sleep, power, paint","Rapd3, Sctr4, Rapd4, Prce4",,
6,gunner_weapon,337,Wing Bow IV,bow,9,vallode,9,,,,Y,348,,,0%,1,Sleep Add,Sleep Add,,,Wing Bow III,,,77200,Hypno Bezoar+ x1; Hypno Claw+ x6; HvyGraviosShell x4; Coma Sac x2,,,,,,,,"closerng, sleep, power, paint","Rapd3, Sctr5, Rapd5, Prce4",,
6,gunner_weapon,338,Dragonhead Harp II,bow,9,vallode,9,,,,Y,204,,,30%,3,Water 270,Water 27,,,Dragonhead Harp I,,,50000,ThckPlesiothScl x4; ThckGrnPlesioScl x4; Purecrystal x2,,Dragonhead Harp III,,,,,,"poison, paint, power","Sctr4, Rapd2, Rapd1, Prce4",,
6,gunner_weapon,339,Dragonhead Harp III,bow,10,vallode,10,,10,,Y,240,,,30%,3,Water 300,Water 30,,,Dragonhead Harp II,,,125000,Commendation G x1; SpecPlesiothFin+ x3; SpecGrnPlesioFn+ x3; HvyLavasiothFang x3,,,,,,,,"poison, paint, power","Sctr5, Rapd2, Rapd1, Prce5",,
6,gunner_weapon,340,Diablos Horn Bow G,bow,9,vallode,9,,,Y,Y,372,,,10%,1,,,,,,75000,Commendation S x1; StoutWarpedHorn x2; HvyDiablosShell x8; Big Wyvern Stone x6,,,,,,,,,,"paint, power","Prce3, Prce4, Prce5, Sctr4",,
6,gunner_weapon,341,Gale Horn Bow,bow,9,vallode,9,,,,Y,336,,,20%,0,,,,,Diablos Horn Bow II,90100,HvyBlkBlosShell x8; HvyDiablosSpine x5; StoutBlkTwstdHrn x3; Big Wyvern Stone x2,90100,HvyBlkBlosSpine x4; HvyBlkBlosShell x6; StoutBlkTwstdHrn x2,,DiablosKingHornBow,,,,,,"power, paint","Prce3, Prce3, Prce4, Rapd4",,
6,gunner_weapon,342,DiablosKingHornBow,bow,10,vallode,10,,10,,Y,372,,,20%,0,,,,,Gale Horn Bow,,,117800,Big Wyvern Stone x4; HvyBlkBlosSpine x3; StoutBlkTwstdHrn x2; StoutWarpedHorn x2,,,,,,,,"power, paint","Prce3, Prce4, Prce5, Rapd4",,
6,gunner_weapon,343,Courageous Dream,bow,10,vallode,10,,,,Y,336,,,0%,2,Fire 110,Fire 11,,,Courageous Wish,,,111350,HrdFireDrgnClaw x2; ThckFireDrgnScl x4; LunastraCarapace x4; Commendation S x1,,,,,,,,"closerng, sleep, power, paint","Prce3, Sctr4, Rapd4, Rapd5",,
6,gunner_weapon,344,Akantor Chaos Bow,bow,10,vallode,10,,10,,Y,312,,,40%,1,Dragon 200,Dragon 20,,,Akantor Bow,,,145000,Akantor Fang x8; Big Wyvern stone x4; BigEDragonJewel x1; Ukanlos Stone x1,,,,,,,,"poison, paint, power","Sctr4, Prce4, Rapd5",,
6,gunner_weapon,345,Ukanlos Bow,bow,10,vallode,10,,,,Y,432,,,-40%,0,Ice 100,Ice 10,,,,150000,UkanlosShovelJaw x3; StrongUkanlosFin x4; UkanlosUnderscl x6; Ukanlos Stone x1,,,,,,,,,,"closerng, power, paint","Prce2, Rapd2, Sctr2, Rapd5",,
6,gunner_weapon,346,Khezu Bow I,bow,9,vallode,9,,,,Y,252,,,0%,1,Thunder 210,Thunder 21,,,,52000,KhezuHide-Cream x4; Lightning Sac x3; SpecRubberyHide+ x3; Eltalite Ore x5,,,,Khezu Bow II,,,,,,"closerng, paralysis, sleep, power, paint","Sctr2, Prce3, Sctr4, Rapd5",,
6,gunner_weapon,347,Khezu Bow II,bow,9,vallode,9,,,,Y,288,,,0%,1,Thunder 240,Thunder 24,,,Khezu Bow I,,,74,StrAlluringWing x4; KhezuSpecialCut x1; HrdPuGypcerosWng x3; SilverGarugaPelt x2,,,,,,,,"closerng, paralysis, sleep, power, paint","Sctr2, Prce4, Sctr5, Rapd5",,
6,gunner_weapon,348,Beast Thunderbow,bow,10,vallode,10,,,,Y,300,,,0%,0,Thunder 110,Thunder 11,,,,95000,Blk Rajang Pelt+ x4; Hvy Rajang Fang x5; Hard Rajang Claw x3; Gold Rajang Pelt x2,,,,BeastKingThunderbow,,,,,,"closerng, power, paint","Prce2, Rapd3, Rapd4, Prce5",,
6,gunner_weapon,349,BeastKingThunderbow,bow,10,vallode,10,,,,Y,336,,,10%,0,Thunder 130,Thunder 13,,,Beast Thunderbow,,,118800,GoldRajangPelt+ x2; Blk Rajang Pelt+ x3; HvyC.BlangoFang x3; Vibrant Comb x3,,,,,,,,"closerng, power, paint","Prce3, Rapd4, Rapd5, Prce5",,
6,gunner_weapon,350,Icy Steel Bow,bow,10,vallode,10,,,,Y,264,,,20%,1,Ice 160,Ice 16,,,,84150,Hvy Daora Shell x5; ThckDaoraDrgnScl x8; BigEDragonBone x4; Daora Jewel x1,,,,Daora's Sagittarii,,,,,,"paralysis, poison, power, paint","Rapd3, Sctr4, Prce4, Rapd4",,
6,gunner_weapon,351,Daora's Sagittarii,bow,10,vallode,10,,,,Y,300,,,30%,1,Ice 180,Ice 18,,,Icy Steel Bow,,,117800,Hard Daora Horn x4; Str Daora Wing x3; BigEDragonJewel x1; Commendation S x1,,,,,,,,"paralysis, poison, power, paint","Rapd3, Sctr4, Prce5, Rapd5",,
6,gunner_weapon,352,Jolly Roger Cannon,,,,,,,,,,,,,,,,,,,,,,,,,,,,,,,,,dummy
6,gunner_weapon,353,Devil Blos Bow,,9,daigo,,,9,,Y,,,,,,,,,,,,,,,,,,,,,,,,,dummy
1,head,0,Nothing equipped.,head,,,,,,,,,,,,,,,,,,,,,,,,,,,,,,,,
1,head,1,Leather Helm,helmet,1,vallode,1,,,,N,,,,,,,,,,,,,,,,,,,,,,,,,
1,head,2,Chain Helm,helmet,1,vallode,1,,,,N,,,,,,,,,,,,,,,,,,,,,,,,,
1,head,3,Hunter's Helm,helmet,1,vallode,1,,,,N,,,,,,,,,,,,,,,,,,,,,,,,,
1,head,4,Hunter's Cap,helmet,1,vallode,1,,,,N,,,,,,,,,,,,,,,,,,,,,,,,,
1,head,5,Bone Helm,helmet,2,vallode,2,,,,N,,,,,,,,,,,,,,,,,,,,,,,,,
1,head,6,Bone Cap,helmet,2,vallode,2,,,,N,,,,,,,,,,,,,,,,,,,,,,,,,
1,head,7,Velociprey Helm,helmet,2,vallode,2,,,,N,,,,,,,,,,,,,,,,,,,,,,,,,
1,head,8,Velociprey Cap,helmet,2,vallode,2,,,,N,,,,,,,,,,,,,,,,,,,,,,,,,
1,head,9,Battle Helm,helmet,2,vallode,2,,,,N,,,,,,,,,,,,,,,,,,,,,,,,,
1,head,10,Battle Cap,helmet,2,vallode,2,,,,N,,,,,,,,,,,,,,,,,,,,,,,,,
1,head,11,Vespoid Helm,helmet,3,vallode,3,,,,N,,,,,,,,,,,,,,,,,,,,,,,,,
1,head,12,Vespoid Cap,helmet,3,vallode,3,,,,N,,,,,,,,,,,,,,,,,,,,,,,,,
1,head,13,Hornet Helm,head,,,,,,,,,,,,,,,,,,,,,,,,,,,,,,,,
1,head,14,Hornet Cap,head,,,,,,,,,,,,,,,,,,,,,,,,,,,,,,,,
1,head,15,Hi-Metal Helm,helmet,3,vallode,3,,,,N,,,,,,,,,,,,,,,,,,,,,,,,,
1,head,16,Hi-Metal Cap,helmet,3,vallode,3,,,,N,,,,,,,,,,,,,,,,,,,,,,,,,
1,head,17,Genprey Helm,helmet,3,vallode,3,,,,N,,,,,,,,,,,,,,,,,,,,,,,,,
1,head,18,Genprey Cap,helmet,3,vallode,3,,,,N,,,,,,,,,,,,,,,,,,,,,,,,,
1,head,19,Ioprey Helm,helmet,3,vallode,3,,,,N,,,,,,,,,,,,,,,,,,,,,,,,,
1,head,20,Ioprey Cap,helmet,3,vallode,3,,,,N,,,,,,,,,,,,,,,,,,,,,,,,,
1,head,21,Gypceros Helm,helmet,3,vallode,3,,,,N,,,,,,,,,,,,,,,,,,,,,,,,,
1,head,22,Gypceros Cap,helmet,3,vallode,3,,,,N,,,,,,,,,,,,,,,,,,,,,,,,,
1,head,23,Cephalos Helm,helmet,3,vallode,3,,,,N,,,,,,,,,,,,,,,,,,,,,,,,,
1,head,24,Cephalos Cap,helmet,3,vallode,3,,,,N,,,,,,,,,,,,,,,,,,,,,,,,,
1,head,25,Rathian Helm,helmet,4,guide,4,4,,,N,,,,,,,,,,,,,,,,,,,,,,,,,
1,head,26,Rathian Cap,helmet,4,guide,4,4,,,N,,,,,,,,,,,,,,,,,,,,,,,,,
1,head,27,Khezu Helm,helmet,3,vallode,3,,,,N,,,,,,,,,,,,,,,,,,,,,,,,,
1,head,28,Khezu Cap,helmet,3,vallode,3,,,,N,,,,,,,,,,,,,,,,,,,,,,,,,
1,head,29,Rathalos Helm,helmet,4,guide,4,4,4,,N,,,,,,,,,,,,,,,,,,,,,,,,,
1,head,30,Rathalos Cap,helmet,4,guide,4,4,,,N,,,,,,,,,,,,,,,,,,,,,,,,,
1,head,31,Plesioth Helm,helmet,3,vallode,3,,,,N,,,,,,,,,,,,,,,,,,,,,,,,,
1,head,32,Plesioth Cap,helmet,3,vallode,3,,,,N,,,,,,,,,,,,,,,,,,,,,,,,,
1,head,33,Lobster Helm,helmet,3,vallode,3,,,,N,,,,,,,,,,,,,,,,,,,,,,,,,
1,head,34,Basarios Helm,helmet,4,guide,4,4,,,N,,,,,,,,,,,,,,,,,,,,,,,,,
1,head,35,Basarios Cap,helmet,4,guide,4,4,,,N,,,,,,,,,,,,,,,,,,,,,,,,,
1,head,36,Diablo Helm,helmet,4,guide,4,4,,,N,,,,,,,,,,,,,,,,,,,,,,,,,
1,head,37,Diablo Cap,helmet,4,guide,4,4,,,N,,,,,,,,,,,,,,,,,,,,,,,,,
1,head,38,Monoblos Helm,helmet,4,guide,4,4,,,N,,,,,,,,,,,,,,,,,,,,,,,,,
1,head,39,Monoblos Cap,helmet,4,guide,4,4,,,N,,,,,,,,,,,,,,,,,,,,,,,,,
1,head,40,Gravios Helm,helmet,4,guide,4,4,,,N,,,,,,,,,,,,,,,,,,,,,,,,,
1,head,41,Gravios Cap,helmet,4,guide,4,4,,,N,,,,,,,,,,,,,,,,,,,,,,,,,
1,head,42,Black Belt Helm,helmet,5,guide,5,5,5,,N,,,,,,,,,,,,,,,,,,,,,,,,,
1,head,43,Mosswine Mask,helmet,5,guide,5,5,,,N,,,,,,,,,,,,,,,,,,,,,,,,,
1,head,44,Felyne Mask,helmet,5,vallode,5,,5,,N,,,,,,,,,,,,,,,,,,,,,,,,,
1,head,45,Chaoshroom,head,5,daigo,,,5,,N,,,,,,,,,,,,,,,,,,,,,,,,,
1,head,46,Melahoa Flower Hat,helmet,5,guide,5,5,,,N,,,,,,,,,,,,,,,,,,,,,,,,,
1,head,47,Makluva Hood,helmet,5,guide,5,5,,,N,,,,,,,,,,,,,,,,,,,,,,,,,
1,head,48,Bistro Cap,helmet,5,guide,5,5,,,N,,,,,,,,,,,,,,,,,,,,,,,,,
1,head,49,Velociprey Mask,helmet,5,guide,5,5,,,N,,,,,,,,,,,,,,,,,,,,,,,,,
1,head,50,Genprey Mask,helmet,5,guide,5,5,,,N,,,,,,,,,,,,,,,,,,,,,,,,,
1,head,51,Ioprey Mask,helmet,5,guide,5,5,,,N,,,,,,,,,,,,,,,,,,,,,,,,,
1,head,52,Bullfango Mask,helmet,5,vallode,5,,,,N,,,,,,,,,,,,,,,,,,,,,,,,,
1,head,53,Red Piercing,helmet,5,vallode,5,,,,N,,,,,,,,,,,,,,,,,,,,,,,,,
1,head,54,Blue Piercing,helmet,5,vallode,5,,,,N,,,,,,,,,,,,,,,,,,,,,,,,,
1,head,55,Yellow Piercing,helmet,5,vallode,5,,,,N,,,,,,,,,,,,,,,,,,,,,,,,,
1,head,56,Black Piercing,helmet,5,vallode,5,,5,,N,,,,,,,,,,,,,,,,,,,,,,,,,
1,head,57,Shinobi Mask (Sun),helmet,5,guide,5,5,,,N,,,,,,,,,,,,,,,,,,,,,,,,,
1,head,58,Shinobi Mask (Moon),helmet,5,guide,5,5,,,N,,,,,,,,,,,,,,,,,,,,,,,,,
1,head,59,Guardian Helm,helmet,5,guide,5,5,,,N,,,,,,,,,,,,,,,,,,,,,,,,,
1,head,60,Guardian Mask,helmet,5,guide,5,5,,,N,,,,,,,,,,,,,,,,,,,,,,,,,
1,head,61,Helper Hood,helmet,5,guide,5,5,,,N,,,,,,,,,,,,,,,,,,,,,,,,,
1,head,62,Healer Glasses,helmet,5,guide,5,5,,,N,,,,,,,,,,,,,,,,,,,,,,,,,
1,head,63,Skull Face,helmet,8,vallode,8,,8,,N,,,,,,,,,,,,,,,,,,,,,,,,,
1,head,64,Yian Garuga Helm,helmet,4,guide,4,4,,,N,,,,,,,,,,,,,,,,,,,,,,,,,
1,head,65,Yian Garuga Cap,helmet,4,guide,4,4,,,N,,,,,,,,,,,,,,,,,,,,,,,,,
1,head,66,Garuga Mask,helmet,5,vallode,5,,5,,N,,,,,,,,,,,,,,,,,,,,,,,,,
1,head,67,Auroros Helm,helmet,5,vallode,5,,,,N,,,,,,,,,,,,,,,,,,,,,,,,,
1,head,68,Genesis Headpiece,helmet,5,vallode,5,,,,N,,,,,,,,,,,,,,,,,,,,,,,,,
1,head,69,Borealis Crown,helmet,5,vallode,5,,,,N,,,,,,,,,,,,,,,,,,,,,,,,,
1,head,70,Glyph Crown,helmet,5,vallode,5,,,,N,,,,,,,,,,,,,,,,,,,,,,,,,
1,head,71,Black Head,helmet,5,guide,5,5,,,N,,,,,,,,,,,,,,,,,,,,,,,,,
1,head,72,Black Face,helmet,5,guide,5,5,,,N,,,,,,,,,,,,,,,,,,,,,,,,,
1,head,73,Leather Helm U,helmet,7,guide,7,7,7,,N,,,,,,,,,,,,,,,,,,,,,,,,,
1,head,74,Chain Helm U,helmet,7,guide,7,7,7,,N,,,,,,,,,,,,,,,,,,,,,,,,,
1,head,75,Hunter's Helm U,helmet,7,guide,7,7,,,N,,,,,,,,,,,,,,,,,,,,,,,,,
1,head,76,Hunter's Cap U,helmet,7,guide,7,7,,,N,,,,,,,,,,,,,,,,,,,,,,,,,
1,head,77,Bone Helm U,helmet,7,guide,7,7,,,N,,,,,,,,,,,,,,,,,,,,,,,,,
1,head,78,Bone Cap U,helmet,7,guide,7,7,,,N,,,,,,,,,,,,,,,,,,,,,,,,,
1,head,79,Giaprey Helm U,helmet,7,guide,7,7,,,N,,,,,,,,,,,,,,,,,,,,,,,,,
1,head,80,Giaprey Cap U,helmet,7,guide,7,7,,,N,,,,,,,,,,,,,,,,,,,,,,,,,
1,head,81,Battle Helm U,helmet,7,guide,7,7,,,N,,,,,,,,,,,,,,,,,,,,,,,,,
1,head,82,Battle Cap U,helmet,7,guide,7,7,,,N,,,,,,,,,,,,,,,,,,,,,,,,,
1,head,83,Vespoid Helm U,helmet,7,guide,7,7,,,N,,,,,,,,,,,,,,,,,,,,,,,,,
1,head,84,Vespoid Cap U,helmet,7,guide,7,7,,,N,,,,,,,,,,,,,,,,,,,,,,,,,
1,head,85,Hornet Helm U,head,7,guide,,7,,,N,,,,,,,,,,,,,,,,,,,,,,,,,
1,head,86,Hornet Cap U,head,7,guide,,7,,,N,,,,,,,,,,,,,,,,,,,,,,,,,
1,head,87,Hi-Metal Helm U,helmet,7,guide,7,7,,,N,,,,,,,,,,,,,,,,,,,,,,,,,
1,head,88,Hi-Metal Cap U,helmet,7,guide,7,7,,,N,,,,,,,,,,,,,,,,,,,,,,,,,
1,head,89,Genprey Helm U,helmet,7,guide,7,7,,,N,,,,,,,,,,,,,,,,,,,,,,,,,
1,head,90,Genprey Cap U,helmet,7,guide,7,7,,,N,,,,,,,,,,,,,,,,,,,,,,,,,
1,head,91,Ioprey Helm U,helmet,7,guide,7,7,,,N,,,,,,,,,,,,,,,,,,,,,,,,,
1,head,92,Ioprey Cap U,helmet,7,guide,7,7,,,N,,,,,,,,,,,,,,,,,,,,,,,,,
1,head,93,Gypceros Helm U,helmet,7,guide,7,7,,,N,,,,,,,,,,,,,,,,,,,,,,,,,
1,head,94,Gypceros Cap U,helmet,7,guide,7,7,,,N,,,,,,,,,,,,,,,,,,,,,,,,,
1,head,95,Cephalos Helm U,helmet,7,guide,7,7,,,N,,,,,,,,,,,,,,,,,,,,,,,,,
1,head,96,Cephalos Cap U,helmet,7,guide,7,7,,,N,,,,,,,,,,,,,,,,,,,,,,,,,
1,head,97,Rathian Heart Helm,helmet,5,vallode,5,,,,N,,,,,,,,,,,,,,,,,,,,,,,,,
1,head,98,Rathian Heart Cap,helmet,5,vallode,5,,,,N,,,,,,,,,,,,,,,,,,,,,,,,,
1,head,99,Khezu Helm U,helmet,7,guide,7,7,,,N,,,,,,,,,,,,,,,,,,,,,,,,,
1,head,100,Khezu Cap U,helmet,7,guide,7,7,,,N,,,,,,,,,,,,,,,,,,,,,,,,,
1,head,101,Rathalos Soul Helm,helmet,5,vallode,5,,5,,N,,,,,,,,,,,,,,,,,,,,,,,,,
1,head,102,Rathalos Soul Cap,helmet,5,vallode,5,,,,N,,,,,,,,,,,,,,,,,,,,,,,,,
1,head,103,Plesioth Helm U,helmet,7,vallode,7,,,,N,,,,,,,,,,,,,,,,,,,,,,,,,
1,head,104,Plesioth Cap U,helmet,7,vallode,7,,,,N,,,,,,,,,,,,,,,,,,,,,,,,,
1,head,105,Basarios Helm U,helmet,7,vallode,7,,,,N,,,,,,,,,,,,,,,,,,,,,,,,,
1,head,106,Basarios Cap U,helmet,7,vallode,7,,,,N,,,,,,,,,,,,,,,,,,,,,,,,,
1,head,107,Diablo Helm U,helmet,7,vallode,7,,,,N,,,,,,,,,,,,,,,,,,,,,,,,,
1,head,108,Diablo Cap U,helmet,7,vallode,7,,,,N,,,,,,,,,,,,,,,,,,,,,,,,,
1,head,109,Monodevil Helm,helmet,5,vallode,5,,,,N,,,,,,,,,,,,,,,,,,,,,,,,,
1,head,110,Monodevil Cap,helmet,5,vallode,5,,,,N,,,,,,,,,,,,,,,,,,,,,,,,,
1,head,111,Gravios Helm U,helmet,7,vallode,7,,,,N,,,,,,,,,,,,,,,,,,,,,,,,,
1,head,112,Gravios Cap U,helmet,7,vallode,7,,,,N,,,,,,,,,,,,,,,,,,,,,,,,,
1,head,113,Shinobi Mask (Sky),helmet,8,guide,8,8,,,N,,,,,,,,,,,,,,,,,,,,,,,,,
1,head,114,Shinobi Mask (Sea),helmet,8,guide,8,8,8,,N,,,,,,,,,,,,,,,,,,,,,,,,,
1,head,115,Guardian Helm U,helmet,8,guide,8,8,,,N,,,,,,,,,,,,,,,,,,,,,,,,,
1,head,116,Guardian Mask U,helmet,8,guide,8,8,,,N,,,,,,,,,,,,,,,,,,,,,,,,,
1,head,117,Helper Hood U,helmet,8,guide,8,8,,,N,,,,,,,,,,,,,,,,,,,,,,,,,
1,head,118,Healer Beret U,helmet,8,guide,8,8,,,N,,,,,,,,,,,,,,,,,,,,,,,,,
1,head,119,Auroros Helm Ten,helmet,8,guide,8,8,,,N,,,,,,,,,,,,,,,,,,,,,,,,,
1,head,120,Genesis HeadpieceTen,helmet,8,guide,8,8,,,N,,,,,,,,,,,,,,,,,,,,,,,,,
1,head,121,Borealis Crown Ten,helmet,8,guide,8,8,,,N,,,,,,,,,,,,,,,,,,,,,,,,,
1,head,122,Glyph Crown Ten,helmet,8,guide,8,8,,,N,,,,,,,,,,,,,,,,,,,,,,,,,
1,head,123,Fatalis Head,helmet,8,guide,8,8,,,N,,,,,,,,,,,,,,,,,,,,,,,,,
1,head,124,Fatalis Face,helmet,8,guide,8,8,,,N,,,,,,,,,,,,,,,,,,,,,,,,,
1,head,125,Golden Moon Helm,helmet,8,guide,8,8,,,N,,,,,,,,,,,,,,,,,,,,,,,,,
1,head,126,Golden Moon Cap,helmet,8,guide,8,8,,,N,,,,,,,,,,,,,,,,,,,,,,,,,
1,head,127,Silver Sol Helm,helmet,8,guide,8,8,,,N,,,,,,,,,,,,,,,,,,,,,,,,,
1,head,128,Silver Sol Cap,helmet,8,guide,8,8,,,N,,,,,,,,,,,,,,,,,,,,,,,,,
1,head,129,Leather Helm S,helmet,6,guide,6,6,6,,N,,,,,,,,,,,,,,,,,,,,,,,,,
1,head,130,Chain Helm S,helmet,6,guide,6,6,,,N,,,,,,,,,,,,,,,,,,,,,,,,,
1,head,131,Hunter's Helm S,helmet,6,guide,6,6,,,N,,,,,,,,,,,,,,,,,,,,,,,,,
1,head,132,Hunter's Cap S,helmet,6,guide,6,6,,,N,,,,,,,,,,,,,,,,,,,,,,,,,
1,head,133,Bone Helm S,helmet,6,guide,6,6,,,N,,,,,,,,,,,,,,,,,,,,,,,,,
1,head,134,Bone Cap S,helmet,6,guide,6,6,,,N,,,,,,,,,,,,,,,,,,,,,,,,,
1,head,135,Velociprey Helm S,helmet,6,guide,6,6,,,N,,,,,,,,,,,,,,,,,,,,,,,,,
1,head,136,Velociprey Cap S,helmet,6,guide,6,6,,,N,,,,,,,,,,,,,,,,,,,,,,,,,
1,head,137,Battle Helm S,helmet,6,guide,6,6,,,N,,,,,,,,,,,,,,,,,,,,,,,,,
1,head,138,Battle Cap S,helmet,6,guide,6,6,,,N,,,,,,,,,,,,,,,,,,,,,,,,,
1,head,139,Vespoid Helm S,helmet,6,guide,6,6,,,N,,,,,,,,,,,,,,,,,,,,,,,,,
1,head,140,Vespoid Cap S,helmet,6,guide,6,6,,,N,,,,,,,,,,,,,,,,,,,,,,,,,
1,head,141,Hornet Helm S,head,6,guide,,6,,,N,,,,,,,,,,,,,,,,,,,,,,,,,
1,head,142,Hornet Cap S,head,6,guide,,6,,,N,,,,,,,,,,,,,,,,,,,,,,,,,
1,head,143,Hi-Metal Helm S,helmet,6,guide,6,6,,,N,,,,,,,,,,,,,,,,,,,,,,,,,
1,head,144,Hi-Metal Cap S,helmet,6,guide,6,6,,,N,,,,,,,,,,,,,,,,,,,,,,,,,
1,head,145,Genprey Helm S,helmet,6,guide,6,6,,,N,,,,,,,,,,,,,,,,,,,,,,,,,
1,head,146,Genprey Cap S,helmet,6,guide,6,6,,,N,,,,,,,,,,,,,,,,,,,,,,,,,
1,head,147,Kut-Ku Helm S,helmet,6,guide,6,6,,,N,,,,,,,,,,,,,,,,,,,,,,,,,
1,head,148,Kut-Ku Cap S,helmet,6,guide,6,6,,,N,,,,,,,,,,,,,,,,,,,,,,,,,
1,head,149,Ioprey Helm S,helmet,6,guide,6,6,,,N,,,,,,,,,,,,,,,,,,,,,,,,,
1,head,150,Ioprey Cap S,helmet,6,guide,6,6,,,N,,,,,,,,,,,,,,,,,,,,,,,,,
1,head,151,Gypceros Helm S,helmet,6,guide,6,6,,,N,,,,,,,,,,,,,,,,,,,,,,,,,
1,head,152,Gypceros Cap S,helmet,6,guide,6,6,,,N,,,,,,,,,,,,,,,,,,,,,,,,,
1,head,153,Cephalos Helm S,helmet,6,guide,6,6,,,N,,,,,,,,,,,,,,,,,,,,,,,,,
1,head,154,Cephalos Cap S,helmet,6,guide,6,6,,,N,,,,,,,,,,,,,,,,,,,,,,,,,
1,head,155,Rathian Helm S,helmet,6,vallode,6,,,,N,,,,,,,,,,,,,,,,,,,,,,,,,
1,head,156,Rathian Cap S,helmet,6,vallode,6,,,,N,,,,,,,,,,,,,,,,,,,,,,,,,
1,head,157,Khezu Helm S,helmet,6,guide,6,6,,,N,,,,,,,,,,,,,,,,,,,,,,,,,
1,head,158,Khezu Cap S,helmet,6,guide,6,6,,,N,,,,,,,,,,,,,,,,,,,,,,,,,
1,head,159,Rathalos Helm S,helmet,6,vallode,6,,,,N,,,,,,,,,,,,,,,,,,,,,,,,,
1,head,160,Rathalos Cap S,helmet,6,vallode,6,,,,N,,,,,,,,,,,,,,,,,,,,,,,,,
1,head,161,Plesioth Helm S,helmet,6,vallode,6,,,,N,,,,,,,,,,,,,,,,,,,,,,,,,
1,head,162,Plesioth Cap S,helmet,6,vallode,6,,,,N,,,,,,,,,,,,,,,,,,,,,,,,,
1,head,163,Basarios Helm S,helmet,6,vallode,6,,,,N,,,,,,,,,,,,,,,,,,,,,,,,,
1,head,164,Basarios Cap S,helmet,6,vallode,6,,,,N,,,,,,,,,,,,,,,,,,,,,,,,,
1,head,165,Diablo Helm S,helmet,6,vallode,6,,,,N,,,,,,,,,,,,,,,,,,,,,,,,,
1,head,166,Diablo Cap S,helmet,6,vallode,6,,,,N,,,,,,,,,,,,,,,,,,,,,,,,,
1,head,167,Monoblos Helm S,helmet,6,vallode,6,,,,N,,,,,,,,,,,,,,,,,,,,,,,,,
1,head,168,Monoblos Cap S,helmet,6,vallode,6,,,,N,,,,,,,,,,,,,,,,,,,,,,,,,
1,head,169,Gravios Helm S,helmet,6,vallode,6,,,,N,,,,,,,,,,,,,,,,,,,,,,,,,
1,head,170,Gravios Cap S,helmet,6,vallode,6,,,,N,,,,,,,,,,,,,,,,,,,,,,,,,
1,head,171,Shinobi Mask(Heaven),helmet,8,guide,8,8,,,N,,,,,,,,,,,,,,,,,,,,,,,,,
1,head,172,Shinobi Mask (Earth),helmet,8,guide,8,8,,,N,,,,,,,,,,,,,,,,,,,,,,,,,
1,head,173,RdGuildGuardTricorne,helmet,8,guide,8,8,,,N,,,,,,,,,,,,,,,,,,,,,,,,,
1,head,174,Red Guild Guard Mask,helmet,8,guide,8,8,,,N,,,,,,,,,,,,,,,,,,,,,,,,,
1,head,175,Red Guild Guard Hat,helmet,8,guide,8,8,,,N,,,,,,,,,,,,,,,,,,,,,,,,,
1,head,176,RedGuildGuardPiercng,helmet,8,guide,8,8,,,N,,,,,,,,,,,,,,,,,,,,,,,,,
1,head,177,Auroros Helm Haku,helmet,8,guide,8,8,,,N,,,,,,,,,,,,,,,,,,,,,,,,,
1,head,178,GenesisHeadpieceHaku,helmet,8,guide,8,8,,,N,,,,,,,,,,,,,,,,,,,,,,,,,
1,head,179,Borealis Crown Haku,helmet,8,guide,8,8,,,N,,,,,,,,,,,,,,,,,,,,,,,,,
1,head,180,Glyph Crown Haku,helmet,8,guide,8,8,,,N,,,,,,,,,,,,,,,,,,,,,,,,,
1,head,181,Dragonhead S,helmet,8,guide,8,8,,,N,,,,,,,,,,,,,,,,,,,,,,,,,
1,head,182,Dragonface S,helmet,8,guide,8,8,,,N,,,,,,,,,,,,,,,,,,,,,,,,,
1,head,183,Hermitaur Helm,helmet,3,vallode,3,,,,N,,,,,,,,,,,,,,,,,,,,,,,,,
1,head,184,Hermitaur Cap,helmet,3,vallode,3,,,,N,,,,,,,,,,,,,,,,,,,,,,,,,
1,head,185,Hermitaur Helm U,helmet,7,guide,7,7,,,N,,,,,,,,,,,,,,,,,,,,,,,,,
1,head,186,Hermitaur Cap U,helmet,7,guide,7,7,,,N,,,,,,,,,,,,,,,,,,,,,,,,,
1,head,187,Hermitaur Helm S,helmet,6,vallode,6,,,,N,,,,,,,,,,,,,,,,,,,,,,,,,
1,head,188,Hermitaur Cap S,helmet,6,vallode,6,,,,N,,,,,,,,,,,,,,,,,,,,,,,,,
1,head,189,Conga Helm,helmet,3,vallode,3,,,,N,,,,,,,,,,,,,,,,,,,,,,,,,
1,head,190,Conga Cap,helmet,3,vallode,3,,,,N,,,,,,,,,,,,,,,,,,,,,,,,,
1,head,191,Conga Helm U,helmet,7,guide,7,7,,,N,,,,,,,,,,,,,,,,,,,,,,,,,
1,head,192,Conga Cap U,helmet,7,guide,7,7,,,N,,,,,,,,,,,,,,,,,,,,,,,,,
1,head,193,Conga Helm S,helmet,6,guide,6,6,,,N,,,,,,,,,,,,,,,,,,,,,,,,,
1,head,194,Conga Cap S,helmet,6,guide,6,6,,,N,,,,,,,,,,,,,,,,,,,,,,,,,
1,head,195,Blango Helm,helmet,4,guide,4,4,,,N,,,,,,,,,,,,,,,,,,,,,,,,,
1,head,196,Blango Cap,helmet,4,guide,4,4,,,N,,,,,,,,,,,,,,,,,,,,,,,,,
1,head,197,Blango Helm U,helmet,7,vallode,7,,,,N,,,,,,,,,,,,,,,,,,,,,,,,,
1,head,198,Blango Cap U,helmet,7,vallode,7,,,,N,,,,,,,,,,,,,,,,,,,,,,,,,
1,head,199,Blango Helm S,helmet,6,vallode,6,,,,N,,,,,,,,,,,,,,,,,,,,,,,,,
1,head,200,Blango Cap S,helmet,6,vallode,6,,,,N,,,,,,,,,,,,,,,,,,,,,,,,,
1,head,201,Ceanataur Helm,helmet,4,guide,4,4,4,,N,,,,,,,,,,,,,,,,,,,,,,,,,
1,head,202,Ceanataur Cap,helmet,4,guide,4,4,,,N,,,,,,,,,,,,,,,,,,,,,,,,,
1,head,203,Ceanataur Helm U,helmet,7,vallode,7,,,,N,,,,,,,,,,,,,,,,,,,,,,,,,
1,head,204,Ceanataur Cap U,helmet,7,vallode,7,,,,N,,,,,,,,,,,,,,,,,,,,,,,,,
1,head,205,Ceanataur Helm S,helmet,6,vallode,6,,6,,N,,,,,,,,,,,,,,,,,,,,,,,,,
1,head,206,Ceanataur Cap S,helmet,6,vallode,6,,,,N,,,,,,,,,,,,,,,,,,,,,,,,,
1,head,207,Kirin Horn,helmet,5,vallode,5,,,,N,,,,,,,,,,,,,,,,,,,,,,,,,
1,head,208,Kirin Crest,helmet,5,vallode,5,,,,N,,,,,,,,,,,,,,,,,,,,,,,,,
1,head,209,Kirin Horn S,helmet,8,guide,8,8,,,N,,,,,,,,,,,,,,,,,,,,,,,,,
1,head,210,Kirin Crest S,helmet,8,guide,8,8,,,N,,,,,,,,,,,,,,,,,,,,,,,,,
1,head,211,Kushala Glare,helmet,5,guide,5,5,,,N,,,,,,,,,,,,,,,,,,,,,,,,,
1,head,212,Kushala Snarl,helmet,5,vallode,5,,,,N,,,,,,,,,,,,,,,,,,,,,,,,,
1,head,213,Mizuha Cap,helmet,5,guide,5,5,,,N,,,,,,,,,,,,,,,,,,,,,,,,,
1,head,214,Extravagant Cap,helmet,5,guide,5,5,,,N,,,,,,,,,,,,,,,,,,,,,,,,,
1,head,215,Empress Crown,helmet,5,vallode,5,,,,N,,,,,,,,,,,,,,,,,,,,,,,,,
1,head,216,Empress Mask,helmet,5,vallode,5,,,,N,,,,,,,,,,,,,,,,,,,,,,,,,
1,head,217,Indra Helm,helmet,5,vallode,5,,,,N,,,,,,,,,,,,,,,,,,,,,,,,,
1,head,218,Steadfast Helm,helmet,5,vallode,5,,,,N,,,,,,,,,,,,,,,,,,,,,,,,,
1,head,219,Kaiser Crown,helmet,5,vallode,5,,,,N,,,,,,,,,,,,,,,,,,,,,,,,,
1,head,220,Kaiser Mask,helmet,5,vallode,5,,,,N,,,,,,,,,,,,,,,,,,,,,,,,,
1,head,221,Guardian Spirit Mask,helmet,5,vallode,5,,,,N,,,,,,,,,,,,,,,,,,,,,,,,,
1,head,222,Carnage Mask,helmet,5,vallode,5,,,,N,,,,,,,,,,,,,,,,,,,,,,,,,
1,head,223,Golden Hair Tie,helmet,8,guide,8,8,8,,N,,,,,,,,,,,,,,,,,,,,,,,,,
1,head,224,Puppet Master Mask,helmet,8,guide,8,8,,,N,,,,,,,,,,,,,,,,,,,,,,,,,
1,head,225,White Fatalis Head,helmet,8,guide,8,8,,,N,,,,,,,,,,,,,,,,,,,,,,,,,
1,head,226,White Fatalis Face,helmet,8,guide,8,8,,,N,,,,,,,,,,,,,,,,,,,,,,,,,
1,head,227,Black Belt Helm S,helmet,8,guide,8,8,,,N,,,,,,,,,,,,,,,,,,,,,,,,,
1,head,228,Giaprey Mask,helmet,5,guide,5,5,,,N,,,,,,,,,,,,,,,,,,,,,,,,,
1,head,229,Remobra Face,helmet,5,guide,5,5,,,N,,,,,,,,,,,,,,,,,,,,,,,,,
1,head,230,Guild Knight Feather,helmet,5,guide,5,5,,,N,,,,,,,,,,,,,,,,,,,,,,,,,
1,head,231,Guild Knight Mask,helmet,5,guide,5,5,,,N,,,,,,,,,,,,,,,,,,,,,,,,,
1,head,232,Maiden's Hat,helmet,5,guide,5,5,,,N,,,,,,,,,,,,,,,,,,,,,,,,,
1,head,233,Designer Glasses,helmet,5,guide,5,5,,,N,,,,,,,,,,,,,,,,,,,,,,,,,
1,head,234,White Piercing,helmet,5,vallode,5,,,,N,,,,,,,,,,,,,,,,,,,,,,,,,
1,head,235,BlGuildGuardTricorne,helmet,8,guide,8,8,,,N,,,,,,,,,,,,,,,,,,,,,,,,,
1,head,236,Blue GuildGuard Mask,helmet,8,guide,8,8,,,N,,,,,,,,,,,,,,,,,,,,,,,,,
1,head,237,Blue Guild Guard Hat,helmet,8,guide,8,8,,,N,,,,,,,,,,,,,,,,,,,,,,,,,
1,head,238,BluGuildGuardPiercng,helmet,8,guide,8,8,,,N,,,,,,,,,,,,,,,,,,,,,,,,,
1,head,239,Lobster Cap,helmet,3,vallode,3,,,,N,,,,,,,,,,,,,,,,,,,,,,,,,
1,head,240,Silence Piercing,head,,"TRAINING-ONLY (not craftable, not obtainable)",,,,,,,,,,,,,,,,,,,,,,,,,,,,,,
1,head,241,Piercing of Rage,head,,"TRAINING-ONLY (not craftable, not obtainable)",,,,,,,,,,,,,,,,,,,,,,,,,,,,,,
1,head,242,Demon Edge Piercing,head,,"TRAINING-ONLY (not craftable, not obtainable)",,,,,,,,,,,,,,,,,,,,,,,,,,,,,,
1,head,243,Blast Piercing,head,,"TRAINING-ONLY (not craftable, not obtainable)",,,,,,,,,,,,,,,,,,,,,,,,,,,,,,
1,head,244,Piercing of Mastery,head,,"TRAINING-ONLY (not craftable, not obtainable)",,,,,,,,,,,,,,,,,,,,,,,,,,,,,,
1,head,245,Piercing of Pursuit,head,,"TRAINING-ONLY (not craftable, not obtainable)",,,,,,,,,,,,,,,,,,,,,,,,,,,,,,
1,head,246,Kirin Piercing,head,,"TRAINING-ONLY (not craftable, not obtainable)",,,,,,,,,,,,,,,,,,,,,,,,,,,,,,
1,head,247,Piercing of Might,head,,"TRAINING-ONLY (not craftable, not obtainable)",,,,,,,,,,,,,,,,,,,,,,,,,,,,,,
1,head,248,Piercing of Fate,head,,"TRAINING-ONLY (not craftable, not obtainable)",,,,,,,,,,,,,,,,,,,,,,,,,,,,,,
1,head,249,Echo Piercing,head,,"TRAINING-ONLY (not craftable, not obtainable)",,,,,,,,,,,,,,,,,,,,,,,,,,,,,,
1,head,250,Red Lobster Helm,head,5,daigo,,,5,,N,,,,,,,,,,,,,,,,,,,,,,,,,dummy
1,head,251,Red Lobster Cap,head,5,inferred: BM/gunner pair id-1 (180/180 validated),,,,,N,,,,,,,,,,,,,,,,,,,,,,,,,dummy
1,head,252,Mafumofu Hood,helmet,1,vallode,1,,,,N,,,,,,,,,,,,,,,,,,,,,,,,,
1,head,253,Mafumofu Hood S,helmet,6,guide,6,6,,,N,,,,,,,,,,,,,,,,,,,,,,,,,
1,head,254,Giaprey Helm,helmet,2,vallode,2,,,,N,,,,,,,,,,,,,,,,,,,,,,,,,
1,head,255,Giaprey Cap,helmet,2,vallode,2,,,,N,,,,,,,,,,,,,,,,,,,,,,,,,
1,head,256,Melahoa Bloom,helmet,5,guide,5,5,,,N,,,,,,,,,,,,,,,,,,,,,,,,,
1,head,257,Melahoa Flower Hat U,helmet,8,guide,8,8,8,,N,,,,,,,,,,,,,,,,,,,,,,,,,
1,head,258,Melahoa Bloom U,helmet,8,guide,8,8,,,N,,,,,,,,,,,,,,,,,,,,,,,,,
1,head,259,Makluva Gills,helmet,5,guide,5,5,,,N,,,,,,,,,,,,,,,,,,,,,,,,,
1,head,260,Makluva Hood U,helmet,8,guide,8,8,,,N,,,,,,,,,,,,,,,,,,,,,,,,,
1,head,261,Makluva Gills U,helmet,8,guide,8,8,,,N,,,,,,,,,,,,,,,,,,,,,,,,,
1,head,262,Bistro Cap U,helmet,8,guide,8,8,8,,N,,,,,,,,,,,,,,,,,,,,,,,,,
1,head,263,Kut-Ku Helm,helmet,3,vallode,3,,,,N,,,,,,,,,,,,,,,,,,,,,,,,,
1,head,264,Kut-Ku Cap,helmet,3,vallode,3,,,,N,,,,,,,,,,,,,,,,,,,,,,,,,
1,head,265,Kut-Ku Helm D,helmet,3,vallode,3,,,,N,,,,,,,,,,,,,,,,,,,,,,,,,
1,head,266,Kut-Ku Cap D,helmet,3,vallode,3,,,,N,,,,,,,,,,,,,,,,,,,,,,,,,
1,head,267,Kut-Ku Helm U,helmet,7,guide,7,7,7,,N,,,,,,,,,,,,,,,,,,,,,,,,,
1,head,268,Kut-Ku Cap U,helmet,7,guide,7,7,7,,N,,,,,,,,,,,,,,,,,,,,,,,,,
1,head,269,Gypceros Helm D,helmet,3,vallode,3,,,,N,,,,,,,,,,,,,,,,,,,,,,,,,
1,head,270,Gypceros Cap D,helmet,3,vallode,3,,,,N,,,,,,,,,,,,,,,,,,,,,,,,,
1,head,271,Plesioth Helm D,helmet,3,vallode,3,,,,N,,,,,,,,,,,,,,,,,,,,,,,,,
1,head,272,Plesioth Cap D,helmet,3,vallode,3,,,,N,,,,,,,,,,,,,,,,,,,,,,,,,
1,head,273,Khezu Helm D,helmet,3,vallode,3,,,,N,,,,,,,,,,,,,,,,,,,,,,,,,
1,head,274,Khezu Cap D,helmet,3,vallode,3,,,,N,,,,,,,,,,,,,,,,,,,,,,,,,
1,head,275,Obituary Testa,helmet,5,guide,5,5,,,N,,,,,,,,,,,,,,,,,,,,,,,,,
1,head,276,Obituary Caput,helmet,5,guide,5,5,,,N,,,,,,,,,,,,,,,,,,,,,,,,,
1,head,277,Butterfly Testa,helmet,5,guide,5,5,,,N,,,,,,,,,,,,,,,,,,,,,,,,,
1,head,278,Butterfly Caput,helmet,5,guide,5,5,,,N,,,,,,,,,,,,,,,,,,,,,,,,,
1,head,279,Obituary Testa S,helmet,8,guide,8,8,,,N,,,,,,,,,,,,,,,,,,,,,,,,,
1,head,280,Obituary Caput S,helmet,8,guide,8,8,,,N,,,,,,,,,,,,,,,,,,,,,,,,,
1,head,281,Butterfly Testa S,helmet,8,guide,8,8,,,N,,,,,,,,,,,,,,,,,,,,,,,,,
1,head,282,Butterfly Caput S,helmet,8,guide,8,8,,,N,,,,,,,,,,,,,,,,,,,,,,,,,
1,head,283,Kushala Glare S,helmet,8,guide,8,8,,,N,,,,,,,,,,,,,,,,,,,,,,,,,
1,head,284,Kushala Snarl S,helmet,8,guide,8,8,,,N,,,,,,,,,,,,,,,,,,,,,,,,,
1,head,285,Tigrex Helm,helmet,4,guide,4,4,,,N,,,,,,,,,,,,,,,,,,,,,,,,,
1,head,286,Tigrex Cap,helmet,4,guide,4,4,,,N,,,,,,,,,,,,,,,,,,,,,,,,,
1,head,287,Tigrex Helm S,helmet,6,vallode,6,,,,N,,,,,,,,,,,,,,,,,,,,,,,,,
1,head,288,Tigrex Cap S,helmet,6,vallode,6,,,,N,,,,,,,,,,,,,,,,,,,,,,,,,
1,head,289,Death Stench Brain,helmet,5,guide,5,5,,,N,,,,,,,,,,,,,,,,,,,,,,,,,
1,head,290,Death Stench Soul,helmet,5,guide,5,5,5,,N,,,,,,,,,,,,,,,,,,,,,,,,,
1,head,291,Death Stench Brain S,helmet,8,guide,8,8,,,N,,,,,,,,,,,,,,,,,,,,,,,,,
1,head,292,Death Stench Soul S,helmet,8,guide,8,8,,,N,,,,,,,,,,,,,,,,,,,,,,,,,
1,head,293,Diablo Helm D,helmet,4,guide,4,4,,,N,,,,,,,,,,,,,,,,,,,,,,,,,
1,head,294,Diablo Cap D,helmet,4,guide,4,4,,,N,,,,,,,,,,,,,,,,,,,,,,,,,
1,head,295,Gravios Helm D,helmet,4,guide,4,4,,,N,,,,,,,,,,,,,,,,,,,,,,,,,
1,head,296,Gravios Cap D,helmet,4,guide,4,4,,,N,,,,,,,,,,,,,,,,,,,,,,,,,
1,head,297,Supreme Mizuha Cap,helmet,8,guide,8,8,,,N,,,,,,,,,,,,,,,,,,,,,,,,,
1,head,298,SuprmeExtravagantCap,helmet,8,guide,8,8,,,N,,,,,,,,,,,,,,,,,,,,,,,,,
1,head,299,Kaiser Crown S,helmet,8,guide,8,8,,,N,,,,,,,,,,,,,,,,,,,,,,,,,
1,head,300,Kaiser Mask S,helmet,8,guide,8,8,,,N,,,,,,,,,,,,,,,,,,,,,,,,,
1,head,301,Rathian Heart Helm U,helmet,8,guide,8,8,,,N,,,,,,,,,,,,,,,,,,,,,,,,,
1,head,302,Rathian Heart Cap U,helmet,8,guide,8,8,,,N,,,,,,,,,,,,,,,,,,,,,,,,,
1,head,303,Rathalos Soul Helm U,helmet,8,guide,8,8,8,,N,,,,,,,,,,,,,,,,,,,,,,,,,
1,head,304,Rathalos Soul Cap U,helmet,8,guide,8,8,,,N,,,,,,,,,,,,,,,,,,,,,,,,,
1,head,305,Ultimate Indra Helm,helmet,8,guide,8,8,,,N,,,,,,,,,,,,,,,,,,,,,,,,,
1,head,306,SupremeSteadfastHelm,helmet,8,guide,8,8,,,N,,,,,,,,,,,,,,,,,,,,,,,,,
1,head,307,Dark Akantor Mask,helmet,8,guide,8,8,8,,N,,,,,,,,,,,,,,,,,,,,,,,,,
1,head,308,Dark Akantor Fangs,helmet,8,guide,8,8,,,N,,,,,,,,,,,,,,,,,,,,,,,,,
1,head,309,Sword Saint Piercing,helmet,5,vallode,5,,5,,N,,,,,,,,,,,,,,,,,,,,,,,,,
1,head,310,Barrage Piercing,helmet,5,vallode,5,,5,,N,,,,,,,,,,,,,,,,,,,,,,,,,
1,head,311,Protection Piercing,helmet,2,vallode,2,,,,N,,,,,,,,,,,,,,,,,,,,,,,,,
1,head,312,Devil Blos Helm,head,8,daigo,,,8,,N,,,,,,,,,,,,,,,,,,,,,,,,,dummy
1,head,313,Devil Blos Cap,head,8,inferred: BM/gunner pair id-1 (180/180 validated),,,,,N,,,,,,,,,,,,,,,,,,,,,,,,,dummy
1,head,314,Jolly Roger Hat,head,8,daigo,,,8,,N,,,,,,,,,,,,,,,,,,,,,,,,,dummy
1,head,315,Jolly Roger Cap,head,8,inferred: BM/gunner pair id-1 (180/180 validated),,,,,N,,,,,,,,,,,,,,,,,,,,,,,,,dummy
1,head,316,Hypno Helm X,head,9,guide,,9,,,Y,,,,,,,,,,,,,,,,,,,,,,,,,
1,head,317,Hypno Cap X,head,9,guide,,9,,,Y,,,,,,,,,,,,,,,,,,,,,,,,,
1,head,318,Lava Helm X,head,9,guide,,9,,,Y,,,,,,,,,,,,,,,,,,,,,,,,,
1,head,319,Lava Cap X,head,9,guide,,9,,,Y,,,,,,,,,,,,,,,,,,,,,,,,,
1,head,320,Garuga Helm X,head,9,guide,,9,,,Y,,,,,,,,,,,,,,,,,,,,,,,,,
1,head,321,Garuga Cap X,head,9,guide,,9,,,Y,,,,,,,,,,,,,,,,,,,,,,,,,
1,head,322,Kut-Ku Helm Z,helmet,9,guide,9,9,,,Y,,,,,,,,,,,,,,,,,,,,,,,,,
1,head,323,Kut-Ku Cap Z,helmet,9,guide,9,9,,,Y,,,,,,,,,,,,,,,,,,,,,,,,,
1,head,324,Gypceros Helm Z,helmet,9,guide,9,9,,,Y,,,,,,,,,,,,,,,,,,,,,,,,,
1,head,325,Gypceros Cap Z,helmet,9,guide,9,9,,,Y,,,,,,,,,,,,,,,,,,,,,,,,,
1,head,326,Khezu Helm Z,helmet,9,guide,9,9,,,Y,,,,,,,,,,,,,,,,,,,,,,,,,
1,head,327,Khezu Cap Z,helmet,9,guide,9,9,,,Y,,,,,,,,,,,,,,,,,,,,,,,,,
1,head,328,Basarios Helm X,helmet,9,guide,9,9,,,Y,,,,,,,,,,,,,,,,,,,,,,,,,
1,head,329,Basarios Cap X,helmet,9,guide,9,9,,,Y,,,,,,,,,,,,,,,,,,,,,,,,,
1,head,330,Plesioth Helm Z,helmet,9,guide,9,9,,,Y,,,,,,,,,,,,,,,,,,,,,,,,,
1,head,331,Plesioth Cap Z,helmet,9,guide,9,9,,,Y,,,,,,,,,,,,,,,,,,,,,,,,,
1,head,332,Hermitaur Helm Z,helmet,9,guide,9,9,,,Y,,,,,,,,,,,,,,,,,,,,,,,,,
1,head,333,Hermitaur Cap Z,helmet,9,guide,9,9,,,Y,,,,,,,,,,,,,,,,,,,,,,,,,
1,head,334,Conga Helm Z,helmet,9,guide,9,9,9,,Y,,,,,,,,,,,,,,,,,,,,,,,,,
1,head,335,Conga Cap Z,helmet,9,guide,9,9,9,,Y,,,,,,,,,,,,,,,,,,,,,,,,,
1,head,336,Rathian Heart Helm Z,helmet,10,guide,10,10,,,Y,,,,,,,,,,,,,,,,,,,,,,,,,
1,head,337,Rathian Heart Cap Z,helmet,10,guide,10,10,,,Y,,,,,,,,,,,,,,,,,,,,,,,,,
1,head,338,Rathalos Soul Helm Z,helmet,10,guide,10,10,,,Y,,,,,,,,,,,,,,,,,,,,,,,,,
1,head,339,Rathalos Soul Cap Z,helmet,10,guide,10,10,10,,Y,,,,,,,,,,,,,,,,,,,,,,,,,
1,head,340,Ceanataur Helm Z,helmet,9,guide,9,9,9,,Y,,,,,,,,,,,,,,,,,,,,,,,,,
1,head,341,Ceanataur Cap Z,helmet,9,guide,9,9,,,Y,,,,,,,,,,,,,,,,,,,,,,,,,
1,head,342,Blango Helm Z,helmet,9,guide,9,9,,,Y,,,,,,,,,,,,,,,,,,,,,,,,,
1,head,343,Blango Cap Z,helmet,9,guide,9,9,,,Y,,,,,,,,,,,,,,,,,,,,,,,,,
1,head,344,Auroros Helm Goku,head,10,guide,,10,,,Y,,,,,,,,,,,,,,,,,,,,,,,,,
1,head,345,GenesisHeadpieceGoku,head,10,guide,,10,,,Y,,,,,,,,,,,,,,,,,,,,,,,,,
1,head,346,Borealis Crown Goku,head,10,guide,,10,,,Y,,,,,,,,,,,,,,,,,,,,,,,,,
1,head,347,Glyph Crown Goku,head,10,guide,,10,,,Y,,,,,,,,,,,,,,,,,,,,,,,,,
1,head,348,Golden Moon Helm Z,helmet,10,guide,10,10,,,Y,,,,,,,,,,,,,,,,,,,,,,,,,
1,head,349,Golden Moon Cap Z,helmet,10,guide,10,10,,,Y,,,,,,,,,,,,,,,,,,,,,,,,,
1,head,350,Silver Sol Helm Z,helmet,10,guide,10,10,10,,Y,,,,,,,,,,,,,,,,,,,,,,,,,
1,head,351,Silver Sol Cap Z,helmet,10,guide,10,10,10,,Y,,,,,,,,,,,,,,,,,,,,,,,,,
1,head,352,Diablo Helm Z,helmet,9,guide,9,9,9,,Y,,,,,,,,,,,,,,,,,,,,,,,,,
1,head,353,Diablo Cap Z,helmet,9,guide,9,9,,,Y,,,,,,,,,,,,,,,,,,,,,,,,,
1,head,354,Gravios Helm Z,helmet,9,guide,9,9,,,Y,,,,,,,,,,,,,,,,,,,,,,,,,
1,head,355,Gravios Cap Z,helmet,9,guide,9,9,,,Y,,,,,,,,,,,,,,,,,,,,,,,,,
1,head,356,Tigrex Helm X,helmet,9,guide,9,9,,,Y,,,,,,,,,,,,,,,,,,,,,,,,,
1,head,357,Tigrex Cap X,helmet,9,guide,9,9,,,Y,,,,,,,,,,,,,,,,,,,,,,,,,
1,head,358,Indra Helm Shin,head,10,guide,,10,,,Y,,,,,,,,,,,,,,,,,,,,,,,,,
1,head,359,Steadfast Helm Shin,head,10,guide,,10,,,Y,,,,,,,,,,,,,,,,,,,,,,,,,
1,head,360,Golden Hair Tie Shin,head,10,guide,,10,10,,Y,,,,,,,,,,,,,,,,,,,,,,,,,
1,head,361,PuppetMasterMaskShin,head,10,guide,,10,,,Y,,,,,,,,,,,,,,,,,,,,,,,,,
1,head,362,Kirin Horn X,helmet,10,guide,10,10,,,Y,,,,,,,,,,,,,,,,,,,,,,,,,
1,head,363,Kirin Crest X,helmet,10,guide,10,10,,,Y,,,,,,,,,,,,,,,,,,,,,,,,,
1,head,364,Kushala Glare X,helmet,10,guide,10,10,,,Y,,,,,,,,,,,,,,,,,,,,,,,,,
1,head,365,Kushala Snarl X,head,10,guide,,10,,,Y,,,,,,,,,,,,,,,,,,,,,,,,,
1,head,366,Mizuha Cap Shin,head,10,guide,,10,10,,Y,,,,,,,,,,,,,,,,,,,,,,,,,
1,head,367,Extravagant Cap Shin,head,10,guide,,10,,,Y,,,,,,,,,,,,,,,,,,,,,,,,,
1,head,368,Kaiser Crown X,helmet,10,guide,10,10,10,,Y,,,,,,,,,,,,,,,,,,,,,,,,,
1,head,369,Kaiser Mask X,helmet,10,guide,10,10,,,Y,,,,,,,,,,,,,,,,,,,,,,,,,
1,head,370,GuardianSprtMaskShin,head,10,guide,,10,,,Y,,,,,,,,,,,,,,,,,,,,,,,,,
1,head,371,Carnage Mask Shin,head,10,guide,,10,,,Y,,,,,,,,,,,,,,,,,,,,,,,,,
1,head,372,Fatalis Head Z,helmet,10,guide,10,10,10,,Y,,,,,,,,,,,,,,,,,,,,,,,,,
1,head,373,Fatalis Face Z,helmet,10,guide,10,10,,,Y,,,,,,,,,,,,,,,,,,,,,,,,,
1,head,374,White Fatalis Head Z,helmet,10,guide,10,10,10,,Y,,,,,,,,,,,,,,,,,,,,,,,,,
1,head,375,White Fatalis Face Z,helmet,10,guide,10,10,,,Y,,,,,,,,,,,,,,,,,,,,,,,,,
1,head,376,Black Belt Helm X,helmet,10,guide,10,10,,,Y,,,,,,,,,,,,,,,,,,,,,,,,,
1,head,377,Black Belt Cap X,helmet,10,guide,10,10,10,,Y,,,,,,,,,,,,,,,,,,,,,,,,,
1,head,378,Melahoa Flower Hat Z,helmet,10,guide,10,10,,,Y,,,,,,,,,,,,,,,,,,,,,,,,,
1,head,379,Melahoa Bloom Z,helmet,10,guide,10,10,,,Y,,,,,,,,,,,,,,,,,,,,,,,,,
1,head,380,Makluva Hood Z,helmet,10,guide,10,10,,,Y,,,,,,,,,,,,,,,,,,,,,,,,,
1,head,381,Makluva Gills Z,helmet,10,guide,10,10,,,Y,,,,,,,,,,,,,,,,,,,,,,,,,
1,head,382,Chakra Piercing,head,10,guide,,10,10,,Y,,,,,,,,,,,,,,,,,,,,,,,,,
1,head,383,Hypno Helm S,head,,,,,,,,,,,,,,,,,,,,,,,,,,,,,,,,
1,head,384,Hypno Cap S,head,,,,,,,,,,,,,,,,,,,,,,,,,,,,,,,,
1,head,385,Garuga Helm S,helmet,6,vallode,6,,,,N,,,,,,,,,,,,,,,,,,,,,,,,,
1,head,386,Garuga Cap S,helmet,6,vallode,6,,,,N,,,,,,,,,,,,,,,,,,,,,,,,,
1,head,387,Narga Helm S,head,,,,,,,,,,,,,,,,,,,,,,,,,,,,,,,,
1,head,388,Narga Cap S,head,6,daigo,,,6,,N,,,,,,,,,,,,,,,,,,,,,,,,,
1,head,389,Monodevil Helm U,helmet,8,guide,8,8,,,N,,,,,,,,,,,,,,,,,,,,,,,,,
1,head,390,Monodevil Cap U,helmet,8,guide,8,8,,,N,,,,,,,,,,,,,,,,,,,,,,,,,
1,head,391,Kut-Ku Helm X,helmet,9,guide,9,9,,,Y,,,,,,,,,,,,,,,,,,,,,,,,,
1,head,392,Kut-Ku Cap X,helmet,9,guide,9,9,,,Y,,,,,,,,,,,,,,,,,,,,,,,,,
1,head,393,Conga Helm X,helmet,9,guide,9,9,,,Y,,,,,,,,,,,,,,,,,,,,,,,,,
1,head,394,Conga Cap X,helmet,9,guide,9,9,,,Y,,,,,,,,,,,,,,,,,,,,,,,,,
1,head,395,Gypceros Helm X,helmet,9,guide,9,9,,,Y,,,,,,,,,,,,,,,,,,,,,,,,,
1,head,396,Gypceros Cap X,helmet,9,guide,9,9,,,Y,,,,,,,,,,,,,,,,,,,,,,,,,
1,head,397,Khezu Helm X,helmet,9,guide,9,9,,,Y,,,,,,,,,,,,,,,,,,,,,,,,,
1,head,398,Khezu Cap X,helmet,9,guide,9,9,,,Y,,,,,,,,,,,,,,,,,,,,,,,,,
1,head,399,Hermitaur Helm X,helmet,9,guide,9,9,,,Y,,,,,,,,,,,,,,,,,,,,,,,,,
1,head,400,Hermitaur Cap X,helmet,9,guide,9,9,,,Y,,,,,,,,,,,,,,,,,,,,,,,,,
1,head,401,Plesioth Helm X,helmet,9,guide,9,9,,,Y,,,,,,,,,,,,,,,,,,,,,,,,,
1,head,402,Plesioth Cap X,helmet,9,guide,9,9,,,Y,,,,,,,,,,,,,,,,,,,,,,,,,
1,head,403,Obituary Testa X,helmet,10,guide,10,10,,,Y,,,,,,,,,,,,,,,,,,,,,,,,,
1,head,404,Obituary Caput X,helmet,10,guide,10,10,,,Y,,,,,,,,,,,,,,,,,,,,,,,,,
1,head,405,Butterfly Testa X,helmet,10,guide,10,10,,,Y,,,,,,,,,,,,,,,,,,,,,,,,,
1,head,406,Butterfly Caput X,helmet,10,guide,10,10,,,Y,,,,,,,,,,,,,,,,,,,,,,,,,
1,head,407,Blango Helm X,helmet,9,guide,9,9,,,Y,,,,,,,,,,,,,,,,,,,,,,,,,
1,head,408,Blango Cap X,helmet,9,guide,9,9,,,Y,,,,,,,,,,,,,,,,,,,,,,,,,
1,head,409,Monoblos Helm X,helmet,9,guide,9,9,,,Y,,,,,,,,,,,,,,,,,,,,,,,,,
1,head,410,Monoblos Cap X,helmet,9,guide,9,9,,,Y,,,,,,,,,,,,,,,,,,,,,,,,,
1,head,411,Ceanataur Helm X,helmet,9,guide,9,9,,,Y,,,,,,,,,,,,,,,,,,,,,,,,,
1,head,412,Ceanataur Cap X,helmet,9,guide,9,9,,,Y,,,,,,,,,,,,,,,,,,,,,,,,,
1,head,413,Rathian Helm X,helmet,9,guide,9,9,,,Y,,,,,,,,,,,,,,,,,,,,,,,,,
1,head,414,Rathian Cap X,helmet,9,guide,9,9,,,Y,,,,,,,,,,,,,,,,,,,,,,,,,
1,head,415,Rathalos Helm X,helmet,9,vallode,9,,9,,Y,,,,,,,,,,,,,,,,,,,,,,,,,
1,head,416,Rathalos Cap X,helmet,9,vallode,9,,9,,Y,,,,,,,,,,,,,,,,,,,,,,,,,
1,head,417,Narga Helm X,head,9,guide,,9,,,Y,,,,,,,,,,,,,,,,,,,,,,,,,
1,head,418,Narga Cap X,head,9,guide,,9,9,,Y,,,,,,,,,,,,,,,,,,,,,,,,,
1,head,419,Diablo Helm X,helmet,9,vallode,9,,,,Y,,,,,,,,,,,,,,,,,,,,,,,,,
1,head,420,Diablo Cap X,helmet,9,vallode,9,,9,,Y,,,,,,,,,,,,,,,,,,,,,,,,,
1,head,421,Gravios Helm X,helmet,9,vallode,9,,,,Y,,,,,,,,,,,,,,,,,,,,,,,,,
1,head,422,Gravios Cap X,helmet,9,vallode,9,,,,Y,,,,,,,,,,,,,,,,,,,,,,,,,
1,head,423,Empress Crown X,helmet,10,guide,10,10,,,Y,,,,,,,,,,,,,,,,,,,,,,,,,
1,head,424,Empress Mask X,helmet,10,guide,10,10,,,Y,,,,,,,,,,,,,,,,,,,,,,,,,
1,head,425,Dragonhead X,helmet,10,guide,10,10,,,Y,,,,,,,,,,,,,,,,,,,,,,,,,
1,head,426,Dragonface X,helmet,10,guide,10,10,,,Y,,,,,,,,,,,,,,,,,,,,,,,,,
1,head,427,Dark Ukanlos Mask,head,10,guide,,10,,,Y,,,,,,,,,,,,,,,,,,,,,,,,,
1,head,428,Dark Ukanlos Fangs,head,10,guide,,10,,,Y,,,,,,,,,,,,,,,,,,,,,,,,,
1,head,429,Hypno Helm,head,5,guide,,5,,,N,,,,,,,,,,,,,,,,,,,,,,,,,
1,head,430,Hypno Cap,head,5,guide,,5,,,N,,,,,,,,,,,,,,,,,,,,,,,,,
1,head,431,Lava Helm,head,5,guide,,5,,,N,,,,,,,,,,,,,,,,,,,,,,,,,
1,head,432,Lava Cap,head,5,guide,,5,,,N,,,,,,,,,,,,,,,,,,,,,,,,,
1,head,433,Ambitious Piercing,head,10,daigo,,,10,,Y,,,,,,,,,,,,,,,,,,,,,,,,,
1,head,434,Comrade Piercing,head,5,in-game (user-confirmed),,,,,N,,,,,,,,,,,,,,,,,,,,,,,,+15 CmrdGuide,
1,head,435,Hawkeye Piercing,head,10,daigo,,,10,,Y,,,,,,,,,,,,,,,,,,,,,,,,,
2,body,0,Nothing equipped.,body,,,,,,,,,,,,,,,,,,,,,,,,,,,,,,,,
2,body,1,Leather Armor,plate,1,vallode,1,,,,N,,,,,,,,,,,,,,,,,,,,,,,,,
2,body,2,Chain Mail,plate,1,vallode,1,,,,N,,,,,,,,,,,,,,,,,,,,,,,,,
2,body,3,Hunter's Mail,plate,1,vallode,1,,,,N,,,,,,,,,,,,,,,,,,,,,,,,,
2,body,4,Hunter's Vest,plate,1,vallode,1,,5,,N,,,,,,,,,,,,,,,,,,,,,,,,,
2,body,5,Bone Mail,plate,2,vallode,2,,,,N,,,,,,,,,,,,,,,,,,,,,,,,,
2,body,6,Bone Vest,plate,2,vallode,2,,,,N,,,,,,,,,,,,,,,,,,,,,,,,,
2,body,7,Velociprey Mail,plate,2,vallode,2,,,,N,,,,,,,,,,,,,,,,,,,,,,,,,
2,body,8,Velociprey Vest,plate,2,vallode,2,,,,N,,,,,,,,,,,,,,,,,,,,,,,,,
2,body,9,Battle Mail,plate,2,vallode,2,,,,N,,,,,,,,,,,,,,,,,,,,,,,,,
2,body,10,Battle Vest,plate,2,vallode,2,,,,N,,,,,,,,,,,,,,,,,,,,,,,,,
2,body,11,Vespoid Mail,plate,3,vallode,3,,,,N,,,,,,,,,,,,,,,,,,,,,,,,,
2,body,12,Vespoid Vest,plate,3,vallode,3,,,,N,,,,,,,,,,,,,,,,,,,,,,,,,
2,body,13,Hornet Mail,plate,3,vallode,3,,,,N,,,,,,,,,,,,,,,,,,,,,,,,,
2,body,14,Hornet Vest,plate,3,vallode,3,,,,N,,,,,,,,,,,,,,,,,,,,,,,,,
2,body,15,Hi-Metal Mail,plate,3,vallode,3,,,,N,,,,,,,,,,,,,,,,,,,,,,,,,
2,body,16,Hi-Metal Vest,plate,3,vallode,3,,,,N,,,,,,,,,,,,,,,,,,,,,,,,,
2,body,17,Genprey Mail,plate,3,vallode,3,,,,N,,,,,,,,,,,,,,,,,,,,,,,,,
2,body,18,Genprey Vest,plate,3,vallode,3,,,,N,,,,,,,,,,,,,,,,,,,,,,,,,
2,body,19,Kut-Ku Mail,plate,3,vallode,3,,5,,N,,,,,,,,,,,,,,,,,,,,,,,,,
2,body,20,Kut-Ku Vest,plate,3,vallode,3,,,,N,,,,,,,,,,,,,,,,,,,,,,,,,
2,body,21,Ioprey Mail,plate,3,vallode,3,,,,N,,,,,,,,,,,,,,,,,,,,,,,,,
2,body,22,Ioprey Vest,plate,3,vallode,3,,,,N,,,,,,,,,,,,,,,,,,,,,,,,,
2,body,23,Gypceros Mail,plate,3,vallode,3,,,,N,,,,,,,,,,,,,,,,,,,,,,,,,
2,body,24,Gypceros Vest,plate,3,vallode,3,,,,N,,,,,,,,,,,,,,,,,,,,,,,,,
2,body,25,Cephalos Mail,plate,3,vallode,3,,,,N,,,,,,,,,,,,,,,,,,,,,,,,,
2,body,26,Cephalos Vest,plate,3,vallode,3,,,,N,,,,,,,,,,,,,,,,,,,,,,,,,
2,body,27,Steel Mail,plate,3,vallode,3,,,,N,,,,,,,,,,,,,,,,,,,,,,,,,
2,body,28,Rathian Mail,plate,4,guide,4,4,,,N,,,,,,,,,,,,,,,,,,,,,,,,,
2,body,29,Rathian Vest,plate,4,guide,4,4,,,N,,,,,,,,,,,,,,,,,,,,,,,,,
2,body,30,Khezu Mail,plate,3,vallode,3,,,,N,,,,,,,,,,,,,,,,,,,,,,,,,
2,body,31,Khezu Vest,plate,3,vallode,3,,,,N,,,,,,,,,,,,,,,,,,,,,,,,,
2,body,32,Rathalos Mail,plate,4,guide,4,4,,,N,,,,,,,,,,,,,,,,,,,,,,,,,
2,body,33,Rathalos Vest,plate,4,guide,4,4,,,N,,,,,,,,,,,,,,,,,,,,,,,,,
2,body,34,Plesioth Mail,plate,3,vallode,3,,,,N,,,,,,,,,,,,,,,,,,,,,,,,,
2,body,35,Plesioth Vest,plate,3,vallode,3,,,,N,,,,,,,,,,,,,,,,,,,,,,,,,
2,body,36,Lobster Mail,plate,3,vallode,3,,,,N,,,,,,,,,,,,,,,,,,,,,,,,,
2,body,37,Lobster Vest,plate,3,vallode,3,,,,N,,,,,,,,,,,,,,,,,,,,,,,,,
2,body,38,Basarios Mail,plate,4,guide,4,4,,,N,,,,,,,,,,,,,,,,,,,,,,,,,
2,body,39,Basarios Vest,plate,4,guide,4,4,,,N,,,,,,,,,,,,,,,,,,,,,,,,,
2,body,40,Diablo Mail,plate,4,guide,4,4,,,N,,,,,,,,,,,,,,,,,,,,,,,,,
2,body,41,Diablo Vest,plate,4,guide,4,4,,,N,,,,,,,,,,,,,,,,,,,,,,,,,
2,body,42,Monoblos Mail,plate,4,guide,4,4,,,N,,,,,,,,,,,,,,,,,,,,,,,,,
2,body,43,Monoblos Vest,plate,4,guide,4,4,,,N,,,,,,,,,,,,,,,,,,,,,,,,,
2,body,44,Gravios Mail,plate,4,guide,4,4,,,N,,,,,,,,,,,,,,,,,,,,,,,,,
2,body,45,Gravios Vest,plate,4,guide,4,4,,,N,,,,,,,,,,,,,,,,,,,,,,,,,
2,body,46,Black Belt Mail,plate,5,guide,5,5,5,,N,,,,,,,,,,,,,,,,,,,,,,,,,
2,body,47,Moss Breastplate,plate,5,guide,5,5,,,N,,,,,,,,,,,,,,,,,,,,,,,,,
2,body,48,MelahoaFlowerJacket,plate,5,guide,5,5,,,N,,,,,,,,,,,,,,,,,,,,,,,,,
2,body,49,Makluva Cover,plate,5,guide,5,5,,,N,,,,,,,,,,,,,,,,,,,,,,,,,
2,body,50,Bistro Jacket,plate,5,guide,5,5,,,N,,,,,,,,,,,,,,,,,,,,,,,,,
2,body,51,Velociprey Body,plate,5,guide,5,5,,,N,,,,,,,,,,,,,,,,,,,,,,,,,
2,body,52,Genprey Body,plate,5,guide,5,5,,,N,,,,,,,,,,,,,,,,,,,,,,,,,
2,body,53,Ioprey Body,plate,5,guide,5,5,,,N,,,,,,,,,,,,,,,,,,,,,,,,,
2,body,54,Shinobi Suit (Sun),plate,5,guide,5,5,,,N,,,,,,,,,,,,,,,,,,,,,,,,,
2,body,55,Shinobi Suit (Moon),plate,5,guide,5,5,,,N,,,,,,,,,,,,,,,,,,,,,,,,,
2,body,56,Guardian Suit,plate,5,guide,5,5,,,N,,,,,,,,,,,,,,,,,,,,,,,,,
2,body,57,Guardian Vest,plate,5,guide,5,5,,,N,,,,,,,,,,,,,,,,,,,,,,,,,
2,body,58,Helper Vest,plate,5,guide,5,5,,,N,,,,,,,,,,,,,,,,,,,,,,,,,
2,body,59,Healer Vest,plate,5,vallode,5,,,,N,,,,,,,,,,,,,,,,,,,,,,,,,
2,body,60,Yian Garuga Mail,plate,4,guide,4,4,,,N,,,,,,,,,,,,,,,,,,,,,,,,,
2,body,61,Yian Garuga Vest,plate,4,guide,4,4,,,N,,,,,,,,,,,,,,,,,,,,,,,,,
2,body,62,Auroros Torso,plate,5,vallode,5,,,,N,,,,,,,,,,,,,,,,,,,,,,,,,
2,body,63,Genesis Torso,plate,5,vallode,5,,,,N,,,,,,,,,,,,,,,,,,,,,,,,,
2,body,64,Borealis Chest,plate,5,vallode,5,,,,N,,,,,,,,,,,,,,,,,,,,,,,,,
2,body,65,Glyph Chest,plate,5,vallode,5,,,,N,,,,,,,,,,,,,,,,,,,,,,,,,
2,body,66,Black Hide,plate,5,guide,5,5,,,N,,,,,,,,,,,,,,,,,,,,,,,,,
2,body,67,Black Skin,plate,5,guide,5,5,,,N,,,,,,,,,,,,,,,,,,,,,,,,,
2,body,68,Leather Armor U,plate,7,guide,7,7,7,,N,,,,,,,,,,,,,,,,,,,,,,,,,
2,body,69,Chain Mail U,plate,7,guide,7,7,,,N,,,,,,,,,,,,,,,,,,,,,,,,,
2,body,70,Hunter's Mail U,plate,7,guide,7,7,7,,N,,,,,,,,,,,,,,,,,,,,,,,,,
2,body,71,Hunter's Vest U,plate,7,guide,7,7,,,N,,,,,,,,,,,,,,,,,,,,,,,,,
2,body,72,Bone Mail U,plate,7,guide,7,7,,,N,,,,,,,,,,,,,,,,,,,,,,,,,
2,body,73,Bone Vest U,plate,7,guide,7,7,,,N,,,,,,,,,,,,,,,,,,,,,,,,,
2,body,74,Giaprey Mail U,plate,7,guide,7,7,,,N,,,,,,,,,,,,,,,,,,,,,,,,,
2,body,75,Giaprey Vest U,plate,7,guide,7,7,,,N,,,,,,,,,,,,,,,,,,,,,,,,,
2,body,76,Battle Mail U,plate,7,guide,7,7,,,N,,,,,,,,,,,,,,,,,,,,,,,,,
2,body,77,Battle Vest U,plate,7,guide,7,7,,,N,,,,,,,,,,,,,,,,,,,,,,,,,
2,body,78,Vespoid Mail U,plate,7,guide,7,7,,,N,,,,,,,,,,,,,,,,,,,,,,,,,
2,body,79,Vespoid Vest U,plate,7,guide,7,7,,,N,,,,,,,,,,,,,,,,,,,,,,,,,
2,body,80,Hornet Mail U,plate,7,guide,7,7,,,N,,,,,,,,,,,,,,,,,,,,,,,,,
2,body,81,Hornet Vest U,plate,7,guide,7,7,,,N,,,,,,,,,,,,,,,,,,,,,,,,,
2,body,82,Hi-Metal Mail U,plate,7,guide,7,7,,,N,,,,,,,,,,,,,,,,,,,,,,,,,
2,body,83,Hi-Metal Vest U,plate,7,guide,7,7,,,N,,,,,,,,,,,,,,,,,,,,,,,,,
2,body,84,Genprey Mail U,plate,7,guide,7,7,,,N,,,,,,,,,,,,,,,,,,,,,,,,,
2,body,85,Genprey Vest U,plate,7,guide,7,7,,,N,,,,,,,,,,,,,,,,,,,,,,,,,
2,body,86,Kut-Ku Mail U,plate,7,guide,7,7,,,N,,,,,,,,,,,,,,,,,,,,,,,,,
2,body,87,Kut-Ku Vest U,plate,7,guide,7,7,7,,N,,,,,,,,,,,,,,,,,,,,,,,,,
2,body,88,Ioprey Mail U,plate,7,guide,7,7,,,N,,,,,,,,,,,,,,,,,,,,,,,,,
2,body,89,Ioprey Vest U,plate,7,guide,7,7,,,N,,,,,,,,,,,,,,,,,,,,,,,,,
2,body,90,Gypceros Mail U,plate,7,guide,7,7,,,N,,,,,,,,,,,,,,,,,,,,,,,,,
2,body,91,Gypceros Vest U,plate,7,guide,7,7,,,N,,,,,,,,,,,,,,,,,,,,,,,,,
2,body,92,Cephalos Mail U,plate,7,guide,7,7,,,N,,,,,,,,,,,,,,,,,,,,,,,,,
2,body,93,Cephalos Vest U,plate,7,guide,7,7,,,N,,,,,,,,,,,,,,,,,,,,,,,,,
2,body,94,Steel Mail U,plate,7,vallode,7,,,,N,,,,,,,,,,,,,,,,,,,,,,,,,
2,body,95,Rathian Heart Mail,plate,5,vallode,5,,,,N,,,,,,,,,,,,,,,,,,,,,,,,,
2,body,96,Rathian Heart Vest,plate,5,vallode,5,,,,N,,,,,,,,,,,,,,,,,,,,,,,,,
2,body,97,Khezu Mail U,plate,7,guide,7,7,,,N,,,,,,,,,,,,,,,,,,,,,,,,,
2,body,98,Khezu Vest U,plate,7,guide,7,7,,,N,,,,,,,,,,,,,,,,,,,,,,,,,
2,body,99,Rathalos Soul Mail,plate,5,vallode,5,,5,,N,,,,,,,,,,,,,,,,,,,,,,,,,
2,body,100,Rathalos Soul Vest,plate,5,vallode,5,,,,N,,,,,,,,,,,,,,,,,,,,,,,,,
2,body,101,Plesioth Mail U,plate,7,vallode,7,,,,N,,,,,,,,,,,,,,,,,,,,,,,,,
2,body,102,Plesioth Vest U,plate,7,vallode,7,,,,N,,,,,,,,,,,,,,,,,,,,,,,,,
2,body,103,Basarios Mail U,plate,7,vallode,7,,,,N,,,,,,,,,,,,,,,,,,,,,,,,,
2,body,104,Basarios Vest U,plate,7,vallode,7,,,,N,,,,,,,,,,,,,,,,,,,,,,,,,
2,body,105,Diablo Mail U,plate,7,vallode,7,,,,N,,,,,,,,,,,,,,,,,,,,,,,,,
2,body,106,Diablo Vest U,plate,7,vallode,7,,,,N,,,,,,,,,,,,,,,,,,,,,,,,,
2,body,107,Monodevil Mail,plate,5,vallode,5,,,,N,,,,,,,,,,,,,,,,,,,,,,,,,
2,body,108,Monodevil Vest,plate,5,vallode,5,,,,N,,,,,,,,,,,,,,,,,,,,,,,,,
2,body,109,Gravios Mail U,plate,7,vallode,7,,,,N,,,,,,,,,,,,,,,,,,,,,,,,,
2,body,110,Gravios Vest U,plate,7,vallode,7,,,,N,,,,,,,,,,,,,,,,,,,,,,,,,
2,body,111,Shinobi Suit (Sky),plate,8,guide,8,8,,,N,,,,,,,,,,,,,,,,,,,,,,,,,
2,body,112,Shinobi Suit (Sea),plate,8,guide,8,8,,,N,,,,,,,,,,,,,,,,,,,,,,,,,
2,body,113,Guardian Suit U,plate,8,guide,8,8,,,N,,,,,,,,,,,,,,,,,,,,,,,,,
2,body,114,Guardian Vest U,plate,8,guide,8,8,,,N,,,,,,,,,,,,,,,,,,,,,,,,,
2,body,115,Helper Vest U,plate,8,guide,8,8,,,N,,,,,,,,,,,,,,,,,,,,,,,,,
2,body,116,Healer Vest U,plate,8,vallode,8,,,,N,,,,,,,,,,,,,,,,,,,,,,,,,
2,body,117,Auroros Torso Ten,plate,8,guide,8,8,,,N,,,,,,,,,,,,,,,,,,,,,,,,,
2,body,118,Genesis Torso Ten,plate,8,guide,8,8,,,N,,,,,,,,,,,,,,,,,,,,,,,,,
2,body,119,Borealis Chest Ten,plate,8,guide,8,8,,,N,,,,,,,,,,,,,,,,,,,,,,,,,
2,body,120,Glyph Chest Ten,plate,8,guide,8,8,,,N,,,,,,,,,,,,,,,,,,,,,,,,,
2,body,121,Fatalis Hide,plate,8,guide,8,8,,,N,,,,,,,,,,,,,,,,,,,,,,,,,
2,body,122,Fatalis Skin,plate,8,guide,8,8,,,N,,,,,,,,,,,,,,,,,,,,,,,,,
2,body,123,Golden Moon Mail,plate,8,guide,8,8,,,N,,,,,,,,,,,,,,,,,,,,,,,,,
2,body,124,Golden Moon Vest,plate,8,guide,8,8,,,N,,,,,,,,,,,,,,,,,,,,,,,,,
2,body,125,Silver Sol Mail,plate,8,guide,8,8,,,N,,,,,,,,,,,,,,,,,,,,,,,,,
2,body,126,Silver Sol Vest,plate,8,guide,8,8,,,N,,,,,,,,,,,,,,,,,,,,,,,,,
2,body,127,Leather Armor S,plate,6,guide,6,6,6,,N,,,,,,,,,,,,,,,,,,,,,,,,,
2,body,128,Chain Mail S,plate,6,guide,6,6,,,N,,,,,,,,,,,,,,,,,,,,,,,,,
2,body,129,Hunter's Mail S,plate,6,guide,6,6,,,N,,,,,,,,,,,,,,,,,,,,,,,,,
2,body,130,Hunter's Vest S,plate,6,guide,6,6,,,N,,,,,,,,,,,,,,,,,,,,,,,,,
2,body,131,Bone Mail S,plate,6,guide,6,6,,,N,,,,,,,,,,,,,,,,,,,,,,,,,
2,body,132,Bone Vest S,plate,6,guide,6,6,,,N,,,,,,,,,,,,,,,,,,,,,,,,,
2,body,133,Velociprey Mail S,plate,6,guide,6,6,,,N,,,,,,,,,,,,,,,,,,,,,,,,,
2,body,134,Velociprey Vest S,plate,6,guide,6,6,,,N,,,,,,,,,,,,,,,,,,,,,,,,,
2,body,135,Battle Mail S,plate,6,guide,6,6,6,,N,,,,,,,,,,,,,,,,,,,,,,,,,
2,body,136,Battle Vest S,plate,6,guide,6,6,,,N,,,,,,,,,,,,,,,,,,,,,,,,,
2,body,137,Vespoid Mail S,plate,6,guide,6,6,,,N,,,,,,,,,,,,,,,,,,,,,,,,,
2,body,138,Vespoid Vest S,plate,6,guide,6,6,,,N,,,,,,,,,,,,,,,,,,,,,,,,,
2,body,139,Hornet Mail S,plate,6,guide,6,6,,,N,,,,,,,,,,,,,,,,,,,,,,,,,
2,body,140,Hornet Vest S,plate,6,guide,6,6,,,N,,,,,,,,,,,,,,,,,,,,,,,,,
2,body,141,Hi-Metal Mail S,plate,6,guide,6,6,,,N,,,,,,,,,,,,,,,,,,,,,,,,,
2,body,142,Hi-Metal Vest S,plate,6,guide,6,6,,,N,,,,,,,,,,,,,,,,,,,,,,,,,
2,body,143,Genprey Mail S,plate,6,guide,6,6,,,N,,,,,,,,,,,,,,,,,,,,,,,,,
2,body,144,Genprey Vest S,plate,6,guide,6,6,,,N,,,,,,,,,,,,,,,,,,,,,,,,,
2,body,145,Kut-Ku Mail S,plate,6,guide,6,6,,,N,,,,,,,,,,,,,,,,,,,,,,,,,
2,body,146,Kut-Ku Vest S,plate,6,guide,6,6,,,N,,,,,,,,,,,,,,,,,,,,,,,,,
2,body,147,Ioprey Mail S,plate,6,guide,6,6,,,N,,,,,,,,,,,,,,,,,,,,,,,,,
2,body,148,Ioprey Vest S,plate,6,guide,6,6,,,N,,,,,,,,,,,,,,,,,,,,,,,,,
2,body,149,Gypceros Mail S,plate,6,guide,6,6,,,N,,,,,,,,,,,,,,,,,,,,,,,,,
2,body,150,Gypceros Vest S,plate,6,guide,6,6,,,N,,,,,,,,,,,,,,,,,,,,,,,,,
2,body,151,Cephalos Mail S,plate,6,guide,6,6,,,N,,,,,,,,,,,,,,,,,,,,,,,,,
2,body,152,Cephalos Vest S,plate,6,guide,6,6,,,N,,,,,,,,,,,,,,,,,,,,,,,,,
2,body,153,Steel Mail S,plate,6,vallode,6,,,,N,,,,,,,,,,,,,,,,,,,,,,,,,
2,body,154,Rathian Mail S,plate,6,vallode,6,,,,N,,,,,,,,,,,,,,,,,,,,,,,,,
2,body,155,Rathian Vest S,plate,6,vallode,6,,,,N,,,,,,,,,,,,,,,,,,,,,,,,,
2,body,156,Khezu Mail S,plate,6,guide,6,6,,,N,,,,,,,,,,,,,,,,,,,,,,,,,
2,body,157,Khezu Vest S,plate,6,guide,6,6,,,N,,,,,,,,,,,,,,,,,,,,,,,,,
2,body,158,Rathalos Mail S,plate,6,vallode,6,,,,N,,,,,,,,,,,,,,,,,,,,,,,,,
2,body,159,Rathalos Vest S,plate,6,vallode,6,,,,N,,,,,,,,,,,,,,,,,,,,,,,,,
2,body,160,Plesioth Mail S,plate,6,vallode,6,,,,N,,,,,,,,,,,,,,,,,,,,,,,,,
2,body,161,Plesioth Vest S,plate,6,vallode,6,,,,N,,,,,,,,,,,,,,,,,,,,,,,,,
2,body,162,Basarios Mail S,plate,6,vallode,6,,,,N,,,,,,,,,,,,,,,,,,,,,,,,,
2,body,163,Basarios Vest S,plate,6,vallode,6,,,,N,,,,,,,,,,,,,,,,,,,,,,,,,
2,body,164,Diablo Mail S,plate,6,vallode,6,,,,N,,,,,,,,,,,,,,,,,,,,,,,,,
2,body,165,Diablo Vest S,plate,6,vallode,6,,,,N,,,,,,,,,,,,,,,,,,,,,,,,,
2,body,166,Monoblos Mail S,plate,6,vallode,6,,,,N,,,,,,,,,,,,,,,,,,,,,,,,,
2,body,167,Monoblos Vest S,plate,6,vallode,6,,,,N,,,,,,,,,,,,,,,,,,,,,,,,,
2,body,168,Gravios Mail S,plate,6,vallode,6,,,,N,,,,,,,,,,,,,,,,,,,,,,,,,
2,body,169,Gravios Vest S,plate,6,vallode,6,,,,N,,,,,,,,,,,,,,,,,,,,,,,,,
2,body,170,Shinobi Suit(Heaven),plate,8,guide,8,8,8,,N,,,,,,,,,,,,,,,,,,,,,,,,,
2,body,171,Shinobi Suit (Earth),plate,8,guide,8,8,,,N,,,,,,,,,,,,,,,,,,,,,,,,,
2,body,172,Red Guild Guard Suit,plate,8,guide,8,8,,,N,,,,,,,,,,,,,,,,,,,,,,,,,
2,body,173,Red Guild Guard Vest,plate,8,guide,8,8,8,,N,,,,,,,,,,,,,,,,,,,,,,,,,
2,body,174,Red Guild Guard Suit,plate,8,guide,8,8,,,N,,,,,,,,,,,,,,,,,,,,,,,,,
2,body,175,Red Guild Guard Vest,plate,8,guide,8,8,,,N,,,,,,,,,,,,,,,,,,,,,,,,,
2,body,176,Auroros Torso Haku,plate,8,guide,8,8,,,N,,,,,,,,,,,,,,,,,,,,,,,,,
2,body,177,Genesis Torso Haku,plate,8,guide,8,8,,,N,,,,,,,,,,,,,,,,,,,,,,,,,
2,body,178,Borealis Chest Haku,plate,8,guide,8,8,,,N,,,,,,,,,,,,,,,,,,,,,,,,,
2,body,179,Glyph Chest Haku,plate,8,guide,8,8,,,N,,,,,,,,,,,,,,,,,,,,,,,,,
2,body,180,Dragonhide S,plate,8,guide,8,8,,,N,,,,,,,,,,,,,,,,,,,,,,,,,
2,body,181,Dragonskin S,plate,8,guide,8,8,,,N,,,,,,,,,,,,,,,,,,,,,,,,,
2,body,182,Hermitaur Mail,plate,3,vallode,3,,,,N,,,,,,,,,,,,,,,,,,,,,,,,,
2,body,183,Hermitaur Vest,plate,3,vallode,3,,,,N,,,,,,,,,,,,,,,,,,,,,,,,,
2,body,184,Hermitaur Mail U,plate,7,guide,7,7,,,N,,,,,,,,,,,,,,,,,,,,,,,,,
2,body,185,Hermitaur Vest U,plate,7,guide,7,7,,,N,,,,,,,,,,,,,,,,,,,,,,,,,
2,body,186,Hermitaur Mail S,plate,6,vallode,6,,,,N,,,,,,,,,,,,,,,,,,,,,,,,,
2,body,187,Hermitaur Vest S,plate,6,vallode,6,,,,N,,,,,,,,,,,,,,,,,,,,,,,,,
2,body,188,Conga Mail ,plate,3,vallode,3,,,,N,,,,,,,,,,,,,,,,,,,,,,,,,
2,body,189,Conga Vest,plate,3,vallode,3,,,,N,,,,,,,,,,,,,,,,,,,,,,,,,
2,body,190,Conga Mail U,plate,7,guide,7,7,,,N,,,,,,,,,,,,,,,,,,,,,,,,,
2,body,191,Conga Vest U,plate,7,guide,7,7,,,N,,,,,,,,,,,,,,,,,,,,,,,,,
2,body,192,Conga Mail S,plate,6,guide,6,6,,,N,,,,,,,,,,,,,,,,,,,,,,,,,
2,body,193,Conga Vest S,plate,6,guide,6,6,,,N,,,,,,,,,,,,,,,,,,,,,,,,,
2,body,194,Blango Mail,plate,4,guide,4,4,,,N,,,,,,,,,,,,,,,,,,,,,,,,,
2,body,195,Blango Vest,plate,4,guide,4,4,,,N,,,,,,,,,,,,,,,,,,,,,,,,,
2,body,196,Blango Mail U,plate,7,vallode,7,,,,N,,,,,,,,,,,,,,,,,,,,,,,,,
2,body,197,Blango Vest U,plate,7,vallode,7,,,,N,,,,,,,,,,,,,,,,,,,,,,,,,
2,body,198,Blango Mail S,plate,6,vallode,6,,,,N,,,,,,,,,,,,,,,,,,,,,,,,,
2,body,199,Blango Vest S,plate,6,vallode,6,,,,N,,,,,,,,,,,,,,,,,,,,,,,,,
2,body,200,Ceanataur Mail,plate,4,guide,4,4,5,,N,,,,,,,,,,,,,,,,,,,,,,,,,
2,body,201,Ceanataur Vest,plate,4,guide,4,4,,,N,,,,,,,,,,,,,,,,,,,,,,,,,
2,body,202,Ceanataur Mail U,plate,7,vallode,7,,7,,N,,,,,,,,,,,,,,,,,,,,,,,,,
2,body,203,Ceanataur Vest U,plate,7,vallode,7,,,,N,,,,,,,,,,,,,,,,,,,,,,,,,
2,body,204,Ceanataur Mail S,plate,6,vallode,6,,6,,N,,,,,,,,,,,,,,,,,,,,,,,,,
2,body,205,Ceanataur Vest S,plate,6,vallode,6,,,,N,,,,,,,,,,,,,,,,,,,,,,,,,
2,body,206,Kirin Jacket,plate,5,vallode,5,,,,N,,,,,,,,,,,,,,,,,,,,,,,,,
2,body,207,Kirin Cape,plate,5,vallode,5,,,,N,,,,,,,,,,,,,,,,,,,,,,,,,
2,body,208,Kirin Jacket S,plate,8,guide,8,8,,,N,,,,,,,,,,,,,,,,,,,,,,,,,
2,body,209,Kirin Cape S,plate,8,guide,8,8,,,N,,,,,,,,,,,,,,,,,,,,,,,,,
2,body,210,Kushala Cista,plate,5,guide,5,5,,,N,,,,,,,,,,,,,,,,,,,,,,,,,
2,body,211,Kushala Vise,plate,5,guide,5,5,,,N,,,,,,,,,,,,,,,,,,,,,,,,,
2,body,212,Mizuha Guards,plate,5,guide,5,5,,,N,,,,,,,,,,,,,,,,,,,,,,,,,
2,body,213,Extravagant Camise,plate,5,guide,5,5,,,N,,,,,,,,,,,,,,,,,,,,,,,,,
2,body,214,Empress Mail,plate,5,vallode,5,,,,N,,,,,,,,,,,,,,,,,,,,,,,,,
2,body,215,Empress Vest,plate,5,vallode,5,,,,N,,,,,,,,,,,,,,,,,,,,,,,,,
2,body,216,Indra Vest,plate,5,vallode,5,,,,N,,,,,,,,,,,,,,,,,,,,,,,,,
2,body,217,Steadfast Vest,plate,5,vallode,5,,,,N,,,,,,,,,,,,,,,,,,,,,,,,,
2,body,218,Kaiser Mail,plate,5,vallode,5,,,,N,,,,,,,,,,,,,,,,,,,,,,,,,
2,body,219,Kaiser Vest,plate,5,vallode,5,,,,N,,,,,,,,,,,,,,,,,,,,,,,,,
2,body,220,GuardianSpritRaiment,plate,5,vallode,5,,,,N,,,,,,,,,,,,,,,,,,,,,,,,,
2,body,221,Carnage Raiment,plate,5,vallode,5,,,,N,,,,,,,,,,,,,,,,,,,,,,,,,
2,body,222,Golden Haori,plate,8,guide,8,8,8,,N,,,,,,,,,,,,,,,,,,,,,,,,,
2,body,223,PuppetMaster Costume,plate,8,guide,8,8,,,N,,,,,,,,,,,,,,,,,,,,,,,,,
2,body,224,White Fatalis Hide,plate,8,guide,8,8,,,N,,,,,,,,,,,,,,,,,,,,,,,,,
2,body,225,White Fatalis Skin,plate,8,guide,8,8,,,N,,,,,,,,,,,,,,,,,,,,,,,,,
2,body,226,Black Belt Mail S,plate,8,guide,8,8,,,N,,,,,,,,,,,,,,,,,,,,,,,,,
2,body,227,Giaprey Body,plate,5,guide,5,5,,,N,,,,,,,,,,,,,,,,,,,,,,,,,
2,body,228,Famitsu T-Shirt S,body,8,daigo,,,8,,N,,,,,,,,,,,,,,,,,,,,,,,,,dummy
2,body,229,Remobra Suit,plate,5,guide,5,5,,,N,,,,,,,,,,,,,,,,,,,,,,,,,
2,body,230,Guild Knight Suit,plate,5,guide,5,5,,,N,,,,,,,,,,,,,,,,,,,,,,,,,
2,body,231,Guild Knight Vest,plate,5,guide,5,5,,,N,,,,,,,,,,,,,,,,,,,,,,,,,
2,body,232,Maiden's Vest,plate,5,guide,5,5,,,N,,,,,,,,,,,,,,,,,,,,,,,,,
2,body,233,Personal Vest,plate,5,guide,5,5,,,N,,,,,,,,,,,,,,,,,,,,,,,,,
2,body,234,Hunter T-Shirt,plate,8,vallode,8,,8,,N,,,,,,,,,,,,,,,,,,,,,,,,,
2,body,235,Famitsu T-Shirt,body,5,daigo,,,5,,N,,,,,,,,,,,,,,,,,,,,,,,,,dummy
2,body,236,Blue GuildGuard Suit,plate,8,guide,8,8,,,N,,,,,,,,,,,,,,,,,,,,,,,,,
2,body,237,Blue GuildGuard Vest,plate,8,guide,8,8,,,N,,,,,,,,,,,,,,,,,,,,,,,,,
2,body,238,Blue GuildGuard Suit,plate,8,guide,8,8,,,N,,,,,,,,,,,,,,,,,,,,,,,,,
2,body,239,Blue GuildGuard Vest,plate,8,guide,8,8,,,N,,,,,,,,,,,,,,,,,,,,,,,,,
2,body,240,Red Lobster Mail,body,5,daigo,,,5,,N,,,,,,,,,,,,,,,,,,,,,,,,,dummy
2,body,241,Red Lobster Vest,body,5,inferred: BM/gunner pair id-1 (180/180 validated),,,,,N,,,,,,,,,,,,,,,,,,,,,,,,,dummy
2,body,242,Mafumofu Jacket,plate,1,vallode,1,,5,,N,,,,,,,,,,,,,,,,,,,,,,,,,
2,body,243,Mafumofu Jacket S,plate,6,guide,6,6,,,N,,,,,,,,,,,,,,,,,,,,,,,,,
2,body,244,Giaprey Mail,plate,2,vallode,2,,,,N,,,,,,,,,,,,,,,,,,,,,,,,,
2,body,245,Giaprey Vest,plate,2,vallode,2,,,,N,,,,,,,,,,,,,,,,,,,,,,,,,
2,body,246,Melahoa Stalk,plate,5,guide,5,5,,,N,,,,,,,,,,,,,,,,,,,,,,,,,
2,body,247,MelahoaFlowerJacketU,plate,8,guide,8,8,,,N,,,,,,,,,,,,,,,,,,,,,,,,,
2,body,248,Melahoa Stalk U,plate,8,guide,8,8,,,N,,,,,,,,,,,,,,,,,,,,,,,,,
2,body,249,Makluva Scale,plate,5,guide,5,5,,,N,,,,,,,,,,,,,,,,,,,,,,,,,
2,body,250,Makluva Cover U,plate,8,guide,8,8,,,N,,,,,,,,,,,,,,,,,,,,,,,,,
2,body,251,Makluva Scale U,plate,8,guide,8,8,,,N,,,,,,,,,,,,,,,,,,,,,,,,,
2,body,252,Bistro Jacket U,plate,8,guide,8,8,8,,N,,,,,,,,,,,,,,,,,,,,,,,,,
2,body,253,Kut-Ku Mail D,plate,3,vallode,3,,,,N,,,,,,,,,,,,,,,,,,,,,,,,,
2,body,254,Kut-Ku Vest D,plate,3,vallode,3,,5,,N,,,,,,,,,,,,,,,,,,,,,,,,,
2,body,255,Gypceros Mail D,plate,3,vallode,3,,,,N,,,,,,,,,,,,,,,,,,,,,,,,,
2,body,256,Gypceros Vest D,plate,3,vallode,3,,,,N,,,,,,,,,,,,,,,,,,,,,,,,,
2,body,257,Plesioth Mail D,plate,3,vallode,3,,,,N,,,,,,,,,,,,,,,,,,,,,,,,,
2,body,258,Plesioth Vest D,plate,3,vallode,3,,,,N,,,,,,,,,,,,,,,,,,,,,,,,,
2,body,259,Khezu Mail D,plate,3,vallode,3,,,,N,,,,,,,,,,,,,,,,,,,,,,,,,
2,body,260,Khezu Vest D,plate,3,vallode,3,,,,N,,,,,,,,,,,,,,,,,,,,,,,,,
2,body,261,Obituary Petto,plate,5,guide,5,5,,,N,,,,,,,,,,,,,,,,,,,,,,,,,
2,body,262,Obituary Pectus,plate,5,guide,5,5,,,N,,,,,,,,,,,,,,,,,,,,,,,,,
2,body,263,Butterfly Petto,plate,5,guide,5,5,,,N,,,,,,,,,,,,,,,,,,,,,,,,,
2,body,264,Butterfly Pectus,plate,5,guide,5,5,,,N,,,,,,,,,,,,,,,,,,,,,,,,,
2,body,265,Obituary Petto S,plate,8,guide,8,8,,,N,,,,,,,,,,,,,,,,,,,,,,,,,
2,body,266,Obituary Pectus S,plate,8,guide,8,8,,,N,,,,,,,,,,,,,,,,,,,,,,,,,
2,body,267,Butterfly Petto S,plate,8,guide,8,8,,,N,,,,,,,,,,,,,,,,,,,,,,,,,
2,body,268,Butterfly Pectus S,plate,8,guide,8,8,,,N,,,,,,,,,,,,,,,,,,,,,,,,,
2,body,269,Kushala Cista S,plate,8,guide,8,8,,,N,,,,,,,,,,,,,,,,,,,,,,,,,
2,body,270,Kushala Vise S,plate,8,guide,8,8,,,N,,,,,,,,,,,,,,,,,,,,,,,,,
2,body,271,Tigrex Mail,plate,4,guide,4,4,,,N,,,,,,,,,,,,,,,,,,,,,,,,,
2,body,272,Tigrex Vest,plate,4,guide,4,4,,,N,,,,,,,,,,,,,,,,,,,,,,,,,
2,body,273,Tigrex Mail S,plate,6,vallode,6,,,,N,,,,,,,,,,,,,,,,,,,,,,,,,
2,body,274,Tigrex Vest S,plate,6,vallode,6,,,,N,,,,,,,,,,,,,,,,,,,,,,,,,
2,body,275,Death Stench Muscle,plate,5,guide,5,5,,,N,,,,,,,,,,,,,,,,,,,,,,,,,
2,body,276,Death Stench Heart,plate,5,guide,5,5,5,,N,,,,,,,,,,,,,,,,,,,,,,,,,
2,body,277,DeathStench Muscle S,plate,8,guide,8,8,,,N,,,,,,,,,,,,,,,,,,,,,,,,,
2,body,278,Death Stench Heart S,plate,8,guide,8,8,,,N,,,,,,,,,,,,,,,,,,,,,,,,,
2,body,279,Diablo Mail D,plate,4,guide,4,4,,,N,,,,,,,,,,,,,,,,,,,,,,,,,
2,body,280,Diablo Vest D,plate,4,guide,4,4,,,N,,,,,,,,,,,,,,,,,,,,,,,,,
2,body,281,Gravios Mail D,plate,4,guide,4,4,,,N,,,,,,,,,,,,,,,,,,,,,,,,,
2,body,282,Gravios Vest D,plate,4,guide,4,4,,,N,,,,,,,,,,,,,,,,,,,,,,,,,
2,body,283,SupremeMizuha Guards,plate,8,guide,8,8,,,N,,,,,,,,,,,,,,,,,,,,,,,,,
2,body,284,SprmExtrvagantCamise,plate,8,guide,8,8,,,N,,,,,,,,,,,,,,,,,,,,,,,,,
2,body,285,Kaiser Mail S,plate,8,guide,8,8,,,N,,,,,,,,,,,,,,,,,,,,,,,,,
2,body,286,Kaiser Vest S,plate,8,guide,8,8,,,N,,,,,,,,,,,,,,,,,,,,,,,,,
2,body,287,Rathian Heart Mail U,plate,8,guide,8,8,,,N,,,,,,,,,,,,,,,,,,,,,,,,,
2,body,288,Rathian Heart Vest U,plate,8,guide,8,8,,,N,,,,,,,,,,,,,,,,,,,,,,,,,
2,body,289,Rathalos Soul Mail U,plate,8,guide,8,8,,,N,,,,,,,,,,,,,,,,,,,,,,,,,
2,body,290,Rathalos Soul Vest U,plate,8,guide,8,8,8,,N,,,,,,,,,,,,,,,,,,,,,,,,,
2,body,291,Ultimate Indra Vest,plate,8,guide,8,8,,,N,,,,,,,,,,,,,,,,,,,,,,,,,
2,body,292,SupremeSteadfastVest,plate,8,guide,8,8,,,N,,,,,,,,,,,,,,,,,,,,,,,,,
2,body,293,Dark Akantor Aegis,plate,8,guide,8,8,8,,N,,,,,,,,,,,,,,,,,,,,,,,,,
2,body,294,Dark Akantor Plate,plate,8,guide,8,8,,,N,,,,,,,,,,,,,,,,,,,,,,,,,
2,body,295,Devil Blos Mail,body,8,daigo,,,8,,N,,,,,,,,,,,,,,,,,,,,,,,,,dummy
2,body,296,Devil Blos Vest,body,8,inferred: BM/gunner pair id-1 (180/180 validated),,,,,N,,,,,,,,,,,,,,,,,,,,,,,,,dummy
2,body,297,Jolly Roger Suit,body,8,daigo,,,8,,N,,,,,,,,,,,,,,,,,,,,,,,,,dummy
2,body,298,Jolly Roger Jacket,body,8,inferred: BM/gunner pair id-1 (180/180 validated),,,,,N,,,,,,,,,,,,,,,,,,,,,,,,,dummy
2,body,299,Hunting Soul T-Shirt,body,5,daigo,,,5,,N,,,,,,,,,,,,,,,,,,,,,,,,,
2,body,300,Hypno Mail X,body,9,guide,,9,,,Y,,,,,,,,,,,,,,,,,,,,,,,,,
2,body,301,Hypno Vest X,body,9,guide,,9,,,Y,,,,,,,,,,,,,,,,,,,,,,,,,
2,body,302,Lava Mail X,body,9,guide,,9,9,,Y,,,,,,,,,,,,,,,,,,,,,,,,,
2,body,303,Lava Vest X,body,9,guide,,9,9,,Y,,,,,,,,,,,,,,,,,,,,,,,,,
2,body,304,Garuga Mail X,body,9,guide,,9,,,Y,,,,,,,,,,,,,,,,,,,,,,,,,
2,body,305,Garuga Vest X,body,9,guide,,9,,,Y,,,,,,,,,,,,,,,,,,,,,,,,,
2,body,306,Kut-Ku Mail Z,plate,9,guide,9,9,,,Y,,,,,,,,,,,,,,,,,,,,,,,,,
2,body,307,Kut-Ku Vest Z,plate,9,guide,9,9,,,Y,,,,,,,,,,,,,,,,,,,,,,,,,
2,body,308,Gypceros Mail Z,plate,9,guide,9,9,,,Y,,,,,,,,,,,,,,,,,,,,,,,,,
2,body,309,Gypceros Vest Z,plate,9,guide,9,9,,,Y,,,,,,,,,,,,,,,,,,,,,,,,,
2,body,310,Khezu Mail Z,plate,9,guide,9,9,9,,Y,,,,,,,,,,,,,,,,,,,,,,,,,
2,body,311,Khezu Vest Z,plate,9,guide,9,9,,,Y,,,,,,,,,,,,,,,,,,,,,,,,,
2,body,312,Basarios Mail X,plate,9,guide,9,9,,,Y,,,,,,,,,,,,,,,,,,,,,,,,,
2,body,313,Basarios Vest X,plate,9,guide,9,9,,,Y,,,,,,,,,,,,,,,,,,,,,,,,,
2,body,314,Plesioth Mail Z,plate,9,guide,9,9,9,,Y,,,,,,,,,,,,,,,,,,,,,,,,,
2,body,315,Plesioth Vest Z,plate,9,guide,9,9,,,Y,,,,,,,,,,,,,,,,,,,,,,,,,
2,body,316,Hermitaur Mail Z,plate,9,guide,9,9,,,Y,,,,,,,,,,,,,,,,,,,,,,,,,
2,body,317,Hermitaur Vest Z,plate,9,guide,9,9,,,Y,,,,,,,,,,,,,,,,,,,,,,,,,
2,body,318,Conga Mail Z,plate,9,guide,9,9,9,,Y,,,,,,,,,,,,,,,,,,,,,,,,,
2,body,319,Conga Vest Z,plate,9,guide,9,9,9,,Y,,,,,,,,,,,,,,,,,,,,,,,,,
2,body,320,Rathian Heart Mail Z,plate,10,guide,10,10,,,Y,,,,,,,,,,,,,,,,,,,,,,,,,
2,body,321,Rathian Heart Vest Z,plate,10,guide,10,10,,,Y,,,,,,,,,,,,,,,,,,,,,,,,,
2,body,322,Rathalos Soul Mail Z,plate,10,guide,10,10,,,Y,,,,,,,,,,,,,,,,,,,,,,,,,
2,body,323,Rathalos Soul Vest Z,plate,10,guide,10,10,,,Y,,,,,,,,,,,,,,,,,,,,,,,,,
2,body,324,Ceanataur Mail Z,plate,9,guide,9,9,9,,Y,,,,,,,,,,,,,,,,,,,,,,,,,
2,body,325,Ceanataur Vest Z,plate,9,guide,9,9,,,Y,,,,,,,,,,,,,,,,,,,,,,,,,
2,body,326,Blango Mail Z,plate,9,guide,9,9,,,Y,,,,,,,,,,,,,,,,,,,,,,,,,
2,body,327,Blango Vest Z,plate,9,guide,9,9,,,Y,,,,,,,,,,,,,,,,,,,,,,,,,
2,body,328,Auroros Torso Goku,body,10,guide,,10,10,,Y,,,,,,,,,,,,,,,,,,,,,,,,,
2,body,329,Genesis Torso Goku,body,10,guide,,10,,,Y,,,,,,,,,,,,,,,,,,,,,,,,,
2,body,330,Borealis Chest Goku,body,10,guide,,10,,,Y,,,,,,,,,,,,,,,,,,,,,,,,,
2,body,331,Glyph Chest Goku,body,10,guide,,10,,,Y,,,,,,,,,,,,,,,,,,,,,,,,,
2,body,332,Golden Moon Mail Z,plate,10,guide,10,10,,,Y,,,,,,,,,,,,,,,,,,,,,,,,,
2,body,333,Golden Moon Vest Z,plate,10,guide,10,10,,,Y,,,,,,,,,,,,,,,,,,,,,,,,,
2,body,334,Silver Sol Mail Z,plate,10,guide,10,10,10,,Y,,,,,,,,,,,,,,,,,,,,,,,,,
2,body,335,Silver Sol Vest Z,plate,10,guide,10,10,10,,Y,,,,,,,,,,,,,,,,,,,,,,,,,
2,body,336,Diablo Mail Z,plate,9,guide,9,9,9,,Y,,,,,,,,,,,,,,,,,,,,,,,,,
2,body,337,Diablo Vest Z,plate,9,guide,9,9,,,Y,,,,,,,,,,,,,,,,,,,,,,,,,
2,body,338,Gravios Mail Z,plate,9,guide,9,9,,,Y,,,,,,,,,,,,,,,,,,,,,,,,,
2,body,339,Gravios Vest Z,plate,9,guide,9,9,9,,Y,,,,,,,,,,,,,,,,,,,,,,,,,
2,body,340,Tigrex Mail X,plate,9,guide,9,9,,,Y,,,,,,,,,,,,,,,,,,,,,,,,,
2,body,341,Tigrex Vest X,plate,9,guide,9,9,,,Y,,,,,,,,,,,,,,,,,,,,,,,,,
2,body,342,Indra Vest Shin,body,10,guide,,10,,,Y,,,,,,,,,,,,,,,,,,,,,,,,,
2,body,343,Steadfast Vest Shin,body,10,guide,,10,,,Y,,,,,,,,,,,,,,,,,,,,,,,,,
2,body,344,Golden Haori Shin,body,10,guide,,10,10,,Y,,,,,,,,,,,,,,,,,,,,,,,,,
2,body,345,PupptMastrCostShin,body,10,guide,,10,10,,Y,,,,,,,,,,,,,,,,,,,,,,,,,
2,body,346,Kirin Jacket X,plate,10,guide,10,10,,,Y,,,,,,,,,,,,,,,,,,,,,,,,,
2,body,347,Kirin Cape X,plate,10,guide,10,10,,,Y,,,,,,,,,,,,,,,,,,,,,,,,,
2,body,348,Kushala Cista X,plate,10,guide,10,10,,,Y,,,,,,,,,,,,,,,,,,,,,,,,,
2,body,349,Kushala Vise X,plate,10,guide,10,10,,,Y,,,,,,,,,,,,,,,,,,,,,,,,,
2,body,350,Mizuha Guards Shin,body,10,guide,,10,,,Y,,,,,,,,,,,,,,,,,,,,,,,,,
2,body,351,ExtrvagantCamiseShin,body,10,guide,,10,,,Y,,,,,,,,,,,,,,,,,,,,,,,,,
2,body,352,Kaiser Mail X,plate,10,guide,10,10,10,,Y,,,,,,,,,,,,,,,,,,,,,,,,,
2,body,353,Kaiser Vest X,plate,10,guide,10,10,10,,Y,,,,,,,,,,,,,,,,,,,,,,,,,
2,body,354,GuardSprRaimentShin,body,10,guide,,10,10,,Y,,,,,,,,,,,,,,,,,,,,,,,,,
2,body,355,Carnage Raiment Shin,body,10,guide,,10,,,Y,,,,,,,,,,,,,,,,,,,,,,,,,
2,body,356,Fatalis Hide Z,plate,10,guide,10,10,10,,Y,,,,,,,,,,,,,,,,,,,,,,,,,
2,body,357,Fatalis Skin Z,plate,10,guide,10,10,,,Y,,,,,,,,,,,,,,,,,,,,,,,,,
2,body,358,White Fatalis Hide Z,plate,10,guide,10,10,10,,Y,,,,,,,,,,,,,,,,,,,,,,,,,
2,body,359,White Fatalis Skin Z,plate,10,guide,10,10,,,Y,,,,,,,,,,,,,,,,,,,,,,,,,
2,body,360,Black Belt Mail X,plate,10,guide,10,10,,,Y,,,,,,,,,,,,,,,,,,,,,,,,,
2,body,361,Black Belt Vest X,plate,10,guide,10,10,,,Y,,,,,,,,,,,,,,,,,,,,,,,,,
2,body,362,MelahoaFlowerJacketZ,plate,10,guide,10,10,,,Y,,,,,,,,,,,,,,,,,,,,,,,,,
2,body,363,Melahoa Stalk Z,plate,10,guide,10,10,,,Y,,,,,,,,,,,,,,,,,,,,,,,,,
2,body,364,Makluva Cover Z,plate,10,guide,10,10,,,Y,,,,,,,,,,,,,,,,,,,,,,,,,
2,body,365,Makluva Scale Z,plate,10,guide,10,10,,,Y,,,,,,,,,,,,,,,,,,,,,,,,,
2,body,366,Chakra Necklace,plate,10,guide,10,10,10,,Y,,,,,,,,,,,,,,,,,,,,,,,,,
2,body,367,Hypno Mail S,body,,,,,,,,,,,,,,,,,,,,,,,,,,,,,,,,
2,body,368,Hypno Vest S,body,,,,,,,,,,,,,,,,,,,,,,,,,,,,,,,,
2,body,369,Garuga Mail S,body,,,,,,,,,,,,,,,,,,,,,,,,,,,,,,,,
2,body,370,Garuga Vest S,body,,,,,,,,,,,,,,,,,,,,,,,,,,,,,,,,
2,body,371,Narga Mail S,body,,,,,,,,,,,,,,,,,,,,,,,,,,,,,,,,
2,body,372,Narga Vest S,body,6,daigo,,,6,,N,,,,,,,,,,,,,,,,,,,,,,,,,
2,body,373,Monodevil Mail U,plate,8,guide,8,8,,,N,,,,,,,,,,,,,,,,,,,,,,,,,
2,body,374,Monodevil Vest U,plate,8,guide,8,8,5,,N,,,,,,,,,,,,,,,,,,,,,,,,,
2,body,375,Kut-Ku Mail X,plate,9,guide,9,9,,,Y,,,,,,,,,,,,,,,,,,,,,,,,,
2,body,376,Kut-Ku Vest X,plate,9,guide,9,9,,,Y,,,,,,,,,,,,,,,,,,,,,,,,,
2,body,377,Conga Mail X,plate,9,guide,9,9,,,Y,,,,,,,,,,,,,,,,,,,,,,,,,
2,body,378,Conga Vest X,plate,9,guide,9,9,,,Y,,,,,,,,,,,,,,,,,,,,,,,,,
2,body,379,Gypceros Mail X,plate,9,guide,9,9,,,Y,,,,,,,,,,,,,,,,,,,,,,,,,
2,body,380,Gypceros Vest X,plate,9,guide,9,9,,,Y,,,,,,,,,,,,,,,,,,,,,,,,,
2,body,381,Khezu Mail X,plate,9,guide,9,9,,,Y,,,,,,,,,,,,,,,,,,,,,,,,,
2,body,382,Khezu Vest X,plate,9,guide,9,9,,,Y,,,,,,,,,,,,,,,,,,,,,,,,,
2,body,383,Hermitaur Mail X,plate,9,guide,9,9,,,Y,,,,,,,,,,,,,,,,,,,,,,,,,
2,body,384,Hermitaur Vest X,plate,9,guide,9,9,,,Y,,,,,,,,,,,,,,,,,,,,,,,,,
2,body,385,Plesioth Mail X,plate,9,guide,9,9,,,Y,,,,,,,,,,,,,,,,,,,,,,,,,
2,body,386,Plesioth Vest X,plate,9,guide,9,9,,,Y,,,,,,,,,,,,,,,,,,,,,,,,,
2,body,387,Obituary Petto X,plate,10,guide,10,10,,,Y,,,,,,,,,,,,,,,,,,,,,,,,,
2,body,388,Obituary Pectus X,plate,10,guide,10,10,,,Y,,,,,,,,,,,,,,,,,,,,,,,,,
2,body,389,Butterfly Petto X,plate,10,guide,10,10,,,Y,,,,,,,,,,,,,,,,,,,,,,,,,
2,body,390,Butterfly Pectus X,plate,10,guide,10,10,,,Y,,,,,,,,,,,,,,,,,,,,,,,,,
2,body,391,Blango Mail X,plate,9,guide,9,9,,,Y,,,,,,,,,,,,,,,,,,,,,,,,,
2,body,392,Blango Vest X,plate,9,guide,9,9,,,Y,,,,,,,,,,,,,,,,,,,,,,,,,
2,body,393,Monoblos Mail X,plate,9,guide,9,9,,,Y,,,,,,,,,,,,,,,,,,,,,,,,,
2,body,394,Monoblos Vest X,plate,9,guide,9,9,,,Y,,,,,,,,,,,,,,,,,,,,,,,,,
2,body,395,Ceanataur Mail X,plate,9,guide,9,9,,,Y,,,,,,,,,,,,,,,,,,,,,,,,,
2,body,396,Ceanataur Vest X,plate,9,guide,9,9,,,Y,,,,,,,,,,,,,,,,,,,,,,,,,
2,body,397,Rathian Mail X,plate,9,guide,9,9,,,Y,,,,,,,,,,,,,,,,,,,,,,,,,
2,body,398,Rathian Vest X,plate,9,guide,9,9,,,Y,,,,,,,,,,,,,,,,,,,,,,,,,
2,body,399,Rathalos Mail X,plate,9,vallode,9,,9,,Y,,,,,,,,,,,,,,,,,,,,,,,,,
2,body,400,Rathalos Vest X,plate,9,vallode,9,,9,,Y,,,,,,,,,,,,,,,,,,,,,,,,,
2,body,401,Narga Mail X,body,9,guide,,9,9,,Y,,,,,,,,,,,,,,,,,,,,,,,,,
2,body,402,Narga Vest X,body,9,guide,,9,,,Y,,,,,,,,,,,,,,,,,,,,,,,,,
2,body,403,Diablo Mail X,plate,9,vallode,9,,,,Y,,,,,,,,,,,,,,,,,,,,,,,,,
2,body,404,Diablo Vest X,plate,9,vallode,9,,,,Y,,,,,,,,,,,,,,,,,,,,,,,,,
2,body,405,Gravios Mail X,plate,9,vallode,9,,,,Y,,,,,,,,,,,,,,,,,,,,,,,,,
2,body,406,Gravios Vest X,plate,9,vallode,9,,,,Y,,,,,,,,,,,,,,,,,,,,,,,,,
2,body,407,Empress Mail X,plate,10,guide,10,10,,,Y,,,,,,,,,,,,,,,,,,,,,,,,,
2,body,408,Empress Vest X,plate,10,guide,10,10,,,Y,,,,,,,,,,,,,,,,,,,,,,,,,
2,body,409,Dragonhide X,plate,10,guide,10,10,,,Y,,,,,,,,,,,,,,,,,,,,,,,,,
2,body,410,Dragonskin X,plate,10,guide,10,10,,,Y,,,,,,,,,,,,,,,,,,,,,,,,,
2,body,411,Dark Ukanlos Aegis,body,10,guide,,10,,,Y,,,,,,,,,,,,,,,,,,,,,,,,,
2,body,412,Dark Ukanlos Plate,body,10,guide,,10,,,Y,,,,,,,,,,,,,,,,,,,,,,,,,
2,body,413,HuntingSoulT-ShirtX,body,10,daigo,,,10,,Y,,,,,,,,,,,,,,,,,,,,,,,,,
2,body,414,Hunter T-Shirt X,plate,10,vallode,10,,10,,Y,,,,,,,,,,,,,,,,,,,,,,,,,
2,body,415,Famitsu T-Shirt X,body,10,daigo,,,10,,Y,,,,,,,,,,,,,,,,,,,,,,,,,dummy
2,body,416,Hypno Mail,body,5,guide,,5,,,N,,,,,,,,,,,,,,,,,,,,,,,,,
2,body,417,Hypno Vest,body,5,guide,,5,,,N,,,,,,,,,,,,,,,,,,,,,,,,,
2,body,418,Lava Mail,body,5,guide,,5,,,N,,,,,,,,,,,,,,,,,,,,,,,,,
2,body,419,Lava Vest,body,5,guide,,5,,,N,,,,,,,,,,,,,,,,,,,,,,,,,
3,arms,0,Nothing equipped.,arms,,,,,,,,,,,,,,,,,,,,,,,,,,,,,,,,
3,arms,1,Leather Vambraces,gauntlets,1,vallode,1,,,,N,,,,,,,,,,,,,,,,,,,,,,,,,
3,arms,2,Chain Vambraces,gauntlets,1,vallode,1,,,,N,,,,,,,,,,,,,,,,,,,,,,,,,
3,arms,3,Hunter's Vambraces,arms,,,,,,,,,,,,,,,,,,,,,,,,,,,,,,,,
3,arms,4,Hunter's Guards,arms,,,,,,,,,,,,,,,,,,,,,,,,,,,,,,,,
3,arms,5,Bone Vambraces,gauntlets,2,vallode,2,,,,N,,,,,,,,,,,,,,,,,,,,,,,,,
3,arms,6,Bone Guards,gauntlets,2,vallode,2,,,,N,,,,,,,,,,,,,,,,,,,,,,,,,
3,arms,7,Velociprey Braces,gauntlets,2,vallode,2,,,,N,,,,,,,,,,,,,,,,,,,,,,,,,
3,arms,8,Velociprey Guards,gauntlets,2,vallode,2,,,,N,,,,,,,,,,,,,,,,,,,,,,,,,
3,arms,9,Battle Vambraces,gauntlets,2,vallode,2,,,,N,,,,,,,,,,,,,,,,,,,,,,,,,
3,arms,10,Battle Guards,gauntlets,2,vallode,2,,4,,N,,,,,,,,,,,,,,,,,,,,,,,,,
3,arms,11,Vespoid Vambraces,gauntlets,3,vallode,3,,,,N,,,,,,,,,,,,,,,,,,,,,,,,,
3,arms,12,Vespoid Guards,gauntlets,3,vallode,3,,,,N,,,,,,,,,,,,,,,,,,,,,,,,,
3,arms,13,Hornet Vambraces,gauntlets,3,vallode,3,,,,N,,,,,,,,,,,,,,,,,,,,,,,,,
3,arms,14,Hornet Guards,gauntlets,3,vallode,3,,,,N,,,,,,,,,,,,,,,,,,,,,,,,,
3,arms,15,Hi-Metal Vambraces,gauntlets,3,vallode,3,,,,N,,,,,,,,,,,,,,,,,,,,,,,,,
3,arms,16,Hi-Metal Guards,gauntlets,3,vallode,3,,,,N,,,,,,,,,,,,,,,,,,,,,,,,,
3,arms,17,Genprey Vambraces,gauntlets,3,vallode,3,,,,N,,,,,,,,,,,,,,,,,,,,,,,,,
3,arms,18,Genprey Guards,gauntlets,3,vallode,3,,,,N,,,,,,,,,,,,,,,,,,,,,,,,,
3,arms,19,Kut-Ku Vambraces,gauntlets,3,vallode,3,,4,,N,,,,,,,,,,,,,,,,,,,,,,,,,
3,arms,20,Kut-Ku Guards,gauntlets,3,vallode,3,,,,N,,,,,,,,,,,,,,,,,,,,,,,,,
3,arms,21,Ioprey Vambraces,gauntlets,3,vallode,3,,,,N,,,,,,,,,,,,,,,,,,,,,,,,,
3,arms,22,Ioprey Guards,gauntlets,3,vallode,3,,4,,N,,,,,,,,,,,,,,,,,,,,,,,,,
3,arms,23,Gypceros Vambraces,gauntlets,3,vallode,3,,,,N,,,,,,,,,,,,,,,,,,,,,,,,,
3,arms,24,Gypceros Guards,gauntlets,3,vallode,3,,,,N,,,,,,,,,,,,,,,,,,,,,,,,,
3,arms,25,Cephalos Vambraces,gauntlets,3,vallode,3,,,,N,,,,,,,,,,,,,,,,,,,,,,,,,
3,arms,26,Cephalos Guards,gauntlets,3,vallode,3,,,,N,,,,,,,,,,,,,,,,,,,,,,,,,
3,arms,27,Steel Vambraces,gauntlets,3,vallode,3,,,,N,,,,,,,,,,,,,,,,,,,,,,,,,
3,arms,28,Rathian Vambraces,gauntlets,4,guide,4,4,,,N,,,,,,,,,,,,,,,,,,,,,,,,,
3,arms,29,Rathian Guards,gauntlets,4,guide,4,4,,,N,,,,,,,,,,,,,,,,,,,,,,,,,
3,arms,30,Khezu Vambraces,gauntlets,3,vallode,3,,,,N,,,,,,,,,,,,,,,,,,,,,,,,,
3,arms,31,Khezu Guards,gauntlets,3,vallode,3,,,,N,,,,,,,,,,,,,,,,,,,,,,,,,
3,arms,32,Rathalos Vambraces,gauntlets,4,guide,4,4,4,,N,,,,,,,,,,,,,,,,,,,,,,,,,
3,arms,33,Rathalos Guards,gauntlets,4,guide,4,4,,,N,,,,,,,,,,,,,,,,,,,,,,,,,
3,arms,34,Plesioth Vambraces,gauntlets,3,vallode,3,,,,N,,,,,,,,,,,,,,,,,,,,,,,,,
3,arms,35,Plesioth Guards,gauntlets,3,vallode,3,,,,N,,,,,,,,,,,,,,,,,,,,,,,,,
3,arms,36,Lobster Vambraces,gauntlets,3,vallode,3,,,,N,,,,,,,,,,,,,,,,,,,,,,,,,
3,arms,37,Lobster Guards,gauntlets,3,vallode,3,,,,N,,,,,,,,,,,,,,,,,,,,,,,,,
3,arms,38,Basarios Vambraces,gauntlets,4,guide,4,4,,,N,,,,,,,,,,,,,,,,,,,,,,,,,
3,arms,39,Basarios Guards,gauntlets,4,guide,4,4,,,N,,,,,,,,,,,,,,,,,,,,,,,,,
3,arms,40,Diablo Vambraces,gauntlets,4,guide,4,4,,,N,,,,,,,,,,,,,,,,,,,,,,,,,
3,arms,41,Diablo Guards ,gauntlets,4,guide,4,4,,,N,,,,,,,,,,,,,,,,,,,,,,,,,
3,arms,42,Monoblos Vambraces,gauntlets,4,guide,4,4,,,N,,,,,,,,,,,,,,,,,,,,,,,,,
3,arms,43,Monoblos Guards,gauntlets,4,guide,4,4,,,N,,,,,,,,,,,,,,,,,,,,,,,,,
3,arms,44,Gravios Vambraces,gauntlets,4,guide,4,4,,,N,,,,,,,,,,,,,,,,,,,,,,,,,
3,arms,45,Gravios Guards,gauntlets,4,guide,4,4,,,N,,,,,,,,,,,,,,,,,,,,,,,,,
3,arms,46,Black Belt Vambraces,gauntlets,5,guide,5,5,,,N,,,,,,,,,,,,,,,,,,,,,,,,,
3,arms,47,Mosswine Gloves,gauntlets,5,guide,5,5,,,N,,,,,,,,,,,,,,,,,,,,,,,,,
3,arms,48,Makluva Sleeves,gauntlets,5,guide,5,5,,,N,,,,,,,,,,,,,,,,,,,,,,,,,
3,arms,49,Velociprey Gloves,gauntlets,5,guide,5,5,,,N,,,,,,,,,,,,,,,,,,,,,,,,,
3,arms,50,Genprey Gloves,gauntlets,5,guide,5,5,,,N,,,,,,,,,,,,,,,,,,,,,,,,,
3,arms,51,Ioprey Gloves,gauntlets,5,guide,5,5,,,N,,,,,,,,,,,,,,,,,,,,,,,,,
3,arms,52,Shinobi Kote (Sun),gauntlets,5,guide,5,5,,,N,,,,,,,,,,,,,,,,,,,,,,,,,
3,arms,53,Shinobi Kote (Moon),gauntlets,5,guide,5,5,,,N,,,,,,,,,,,,,,,,,,,,,,,,,
3,arms,54,Guardian Vambraces,gauntlets,5,guide,5,5,,,N,,,,,,,,,,,,,,,,,,,,,,,,,
3,arms,55,Guardian Guards,gauntlets,5,guide,5,5,,,N,,,,,,,,,,,,,,,,,,,,,,,,,
3,arms,56,Helper Sleeves,gauntlets,5,guide,5,5,,,N,,,,,,,,,,,,,,,,,,,,,,,,,
3,arms,57,Healer Sleeves,gauntlets,5,guide,5,5,,,N,,,,,,,,,,,,,,,,,,,,,,,,,
3,arms,58,Garuga Vambraces,gauntlets,4,guide,4,4,,,N,,,,,,,,,,,,,,,,,,,,,,,,,
3,arms,59,Garuga Guards,gauntlets,4,guide,4,4,,,N,,,,,,,,,,,,,,,,,,,,,,,,,
3,arms,60,Auroros Gauntlets,gauntlets,5,vallode,5,,,,N,,,,,,,,,,,,,,,,,,,,,,,,,
3,arms,61,Genesis Gauntlets,gauntlets,5,vallode,5,,,,N,,,,,,,,,,,,,,,,,,,,,,,,,
3,arms,62,Borealis Gauntlets,gauntlets,5,vallode,5,,,,N,,,,,,,,,,,,,,,,,,,,,,,,,
3,arms,63,Glyph Gauntlets,gauntlets,5,vallode,5,,,,N,,,,,,,,,,,,,,,,,,,,,,,,,
3,arms,64,Black Claw,gauntlets,5,guide,5,5,,,N,,,,,,,,,,,,,,,,,,,,,,,,,
3,arms,65,Black Fist,gauntlets,5,guide,5,5,,,N,,,,,,,,,,,,,,,,,,,,,,,,,
3,arms,66,Leather Vambraces U,gauntlets,7,guide,7,7,7,,N,,,,,,,,,,,,,,,,,,,,,,,,,
3,arms,67,Chain Vambraces U,gauntlets,7,guide,7,7,,,N,,,,,,,,,,,,,,,,,,,,,,,,,
3,arms,68,Hunter's Vambraces U,arms,7,guide,,7,,,N,,,,,,,,,,,,,,,,,,,,,,,,,
3,arms,69,Hunter's Guards U,arms,7,guide,,7,,,N,,,,,,,,,,,,,,,,,,,,,,,,,
3,arms,70,Bone Vambraces U,gauntlets,7,guide,7,7,,,N,,,,,,,,,,,,,,,,,,,,,,,,,
3,arms,71,Bone Guards U,gauntlets,7,guide,7,7,,,N,,,,,,,,,,,,,,,,,,,,,,,,,
3,arms,72,Giaprey Vambraces U,gauntlets,7,guide,7,7,,,N,,,,,,,,,,,,,,,,,,,,,,,,,
3,arms,73,Giaprey Guards U,gauntlets,7,guide,7,7,,,N,,,,,,,,,,,,,,,,,,,,,,,,,
3,arms,74,Battle Vambraces U,gauntlets,7,guide,7,7,,,N,,,,,,,,,,,,,,,,,,,,,,,,,
3,arms,75,Battle Guards U,gauntlets,7,guide,7,7,,,N,,,,,,,,,,,,,,,,,,,,,,,,,
3,arms,76,Vespoid Vambraces U,gauntlets,7,guide,7,7,,,N,,,,,,,,,,,,,,,,,,,,,,,,,
3,arms,77,Vespoid Guards U,gauntlets,7,guide,7,7,,,N,,,,,,,,,,,,,,,,,,,,,,,,,
3,arms,78,Hornet Vambraces U,gauntlets,7,guide,7,7,,,N,,,,,,,,,,,,,,,,,,,,,,,,,
3,arms,79,Hornet Guards U,gauntlets,7,guide,7,7,,,N,,,,,,,,,,,,,,,,,,,,,,,,,
3,arms,80,Hi-Metal Vambraces U,gauntlets,7,guide,7,7,,,N,,,,,,,,,,,,,,,,,,,,,,,,,
3,arms,81,Hi-Metal Guards U,gauntlets,7,guide,7,7,,,N,,,,,,,,,,,,,,,,,,,,,,,,,
3,arms,82,Genprey Vambraces U,gauntlets,7,guide,7,7,,,N,,,,,,,,,,,,,,,,,,,,,,,,,
3,arms,83,Genprey Guards U,gauntlets,7,guide,7,7,,,N,,,,,,,,,,,,,,,,,,,,,,,,,
3,arms,84,Kut-Ku Vambraces U,gauntlets,7,guide,7,7,,,N,,,,,,,,,,,,,,,,,,,,,,,,,
3,arms,85,Kut-Ku Guards U,gauntlets,7,guide,7,7,7,,N,,,,,,,,,,,,,,,,,,,,,,,,,
3,arms,86,Ioprey Vambraces U,gauntlets,7,guide,7,7,,,N,,,,,,,,,,,,,,,,,,,,,,,,,
3,arms,87,Ioprey Guards U,gauntlets,7,guide,7,7,,,N,,,,,,,,,,,,,,,,,,,,,,,,,
3,arms,88,Gypceros Vambraces U,gauntlets,7,guide,7,7,,,N,,,,,,,,,,,,,,,,,,,,,,,,,
3,arms,89,Gypceros Guards U,gauntlets,7,guide,7,7,,,N,,,,,,,,,,,,,,,,,,,,,,,,,
3,arms,90,Cephalos Vambraces U,gauntlets,7,guide,7,7,,,N,,,,,,,,,,,,,,,,,,,,,,,,,
3,arms,91,Cephalos Guards U,gauntlets,7,guide,7,7,,,N,,,,,,,,,,,,,,,,,,,,,,,,,
3,arms,92,Steel Vambraces U,gauntlets,7,vallode,7,,,,N,,,,,,,,,,,,,,,,,,,,,,,,,
3,arms,93,Rathian Heart Braces,gauntlets,5,vallode,5,,,,N,,,,,,,,,,,,,,,,,,,,,,,,,
3,arms,94,Rathian Heart Guards,gauntlets,5,vallode,5,,5,,N,,,,,,,,,,,,,,,,,,,,,,,,,
3,arms,95,Khezu Vambraces U,gauntlets,7,guide,7,7,,,N,,,,,,,,,,,,,,,,,,,,,,,,,
3,arms,96,Khezu Guards U,gauntlets,7,guide,7,7,,,N,,,,,,,,,,,,,,,,,,,,,,,,,
3,arms,97,Rathalos Soul Braces,gauntlets,5,vallode,5,,5,,N,,,,,,,,,,,,,,,,,,,,,,,,,
3,arms,98,Rathalos Soul Guards,gauntlets,5,vallode,5,,,,N,,,,,,,,,,,,,,,,,,,,,,,,,
3,arms,99,Plesioth Vambraces U,gauntlets,7,vallode,7,,,,N,,,,,,,,,,,,,,,,,,,,,,,,,
3,arms,100,Plesioth Guards U,gauntlets,7,vallode,7,,,,N,,,,,,,,,,,,,,,,,,,,,,,,,
3,arms,101,Basarios Vambraces U,gauntlets,7,vallode,7,,,,N,,,,,,,,,,,,,,,,,,,,,,,,,
3,arms,102,Basarios Guards U,gauntlets,7,vallode,7,,,,N,,,,,,,,,,,,,,,,,,,,,,,,,
3,arms,103,Diablo Vambraces U,gauntlets,7,vallode,7,,,,N,,,,,,,,,,,,,,,,,,,,,,,,,
3,arms,104,Diablo Guards U,gauntlets,7,vallode,7,,,,N,,,,,,,,,,,,,,,,,,,,,,,,,
3,arms,105,Monodevil Vambraces,gauntlets,5,vallode,5,,,,N,,,,,,,,,,,,,,,,,,,,,,,,,
3,arms,106,Monodevil Guards,gauntlets,5,vallode,5,,,,N,,,,,,,,,,,,,,,,,,,,,,,,,
3,arms,107,Gravios Vambraces U,gauntlets,7,vallode,7,,,,N,,,,,,,,,,,,,,,,,,,,,,,,,
3,arms,108,Gravios Guards U,gauntlets,7,vallode,7,,,,N,,,,,,,,,,,,,,,,,,,,,,,,,
3,arms,109,Shinobi Kote (Sky),gauntlets,8,guide,8,8,8,,N,,,,,,,,,,,,,,,,,,,,,,,,,
3,arms,110,Shinobi Kote (Sea),gauntlets,8,guide,8,8,,,N,,,,,,,,,,,,,,,,,,,,,,,,,
3,arms,111,Guardian Vambraces U,gauntlets,8,guide,8,8,,,N,,,,,,,,,,,,,,,,,,,,,,,,,
3,arms,112,Guardian Guards U,gauntlets,8,guide,8,8,,,N,,,,,,,,,,,,,,,,,,,,,,,,,
3,arms,113,Helper Sleeves U,gauntlets,8,guide,8,8,,,N,,,,,,,,,,,,,,,,,,,,,,,,,
3,arms,114,Healer Sleeves U,gauntlets,8,guide,8,8,,,N,,,,,,,,,,,,,,,,,,,,,,,,,
3,arms,115,Auroros Gauntlet Ten,gauntlets,8,guide,8,8,,,N,,,,,,,,,,,,,,,,,,,,,,,,,
3,arms,116,Genesis Gauntlet Ten,gauntlets,8,guide,8,8,,,N,,,,,,,,,,,,,,,,,,,,,,,,,
3,arms,117,Borealis GauntletTen,gauntlets,8,guide,8,8,,,N,,,,,,,,,,,,,,,,,,,,,,,,,
3,arms,118,Glyph Gauntlets Ten,gauntlets,8,guide,8,8,,,N,,,,,,,,,,,,,,,,,,,,,,,,,
3,arms,119,Fatalis Claw,gauntlets,8,guide,8,8,,,N,,,,,,,,,,,,,,,,,,,,,,,,,
3,arms,120,Fatalis Fist,gauntlets,8,guide,8,8,,,N,,,,,,,,,,,,,,,,,,,,,,,,,
3,arms,121,Golden Moon Braces,gauntlets,8,guide,8,8,,,N,,,,,,,,,,,,,,,,,,,,,,,,,
3,arms,122,Golden Moon Guards,gauntlets,8,guide,8,8,,,N,,,,,,,,,,,,,,,,,,,,,,,,,
3,arms,123,Silver Sol Braces,gauntlets,8,guide,8,8,,,N,,,,,,,,,,,,,,,,,,,,,,,,,
3,arms,124,Silver Sol Guards,gauntlets,8,guide,8,8,,,N,,,,,,,,,,,,,,,,,,,,,,,,,
3,arms,125,Leather Vambraces S,gauntlets,6,guide,6,6,6,,N,,,,,,,,,,,,,,,,,,,,,,,,,
3,arms,126,Chain Vambraces S,gauntlets,6,guide,6,6,,,N,,,,,,,,,,,,,,,,,,,,,,,,,
3,arms,127,Hunter's Vambraces S,arms,6,guide,,6,,,N,,,,,,,,,,,,,,,,,,,,,,,,,
3,arms,128,Hunter's Guards S,arms,6,guide,,6,,,N,,,,,,,,,,,,,,,,,,,,,,,,,
3,arms,129,Bone Vambraces S,gauntlets,6,guide,6,6,,,N,,,,,,,,,,,,,,,,,,,,,,,,,
3,arms,130,Bone Guards S,gauntlets,6,guide,6,6,,,N,,,,,,,,,,,,,,,,,,,,,,,,,
3,arms,131,Velociprey Braces S,gauntlets,6,guide,6,6,,,N,,,,,,,,,,,,,,,,,,,,,,,,,
3,arms,132,Velociprey Guards S,gauntlets,6,guide,6,6,,,N,,,,,,,,,,,,,,,,,,,,,,,,,
3,arms,133,Battle Vambraces S,gauntlets,6,guide,6,6,,,N,,,,,,,,,,,,,,,,,,,,,,,,,
3,arms,134,Battle Guards S,gauntlets,6,guide,6,6,,,N,,,,,,,,,,,,,,,,,,,,,,,,,
3,arms,135,Vespoid Vambraces S,gauntlets,6,guide,6,6,,,N,,,,,,,,,,,,,,,,,,,,,,,,,
3,arms,136,Vespoid Guards S,gauntlets,6,guide,6,6,,,N,,,,,,,,,,,,,,,,,,,,,,,,,
3,arms,137,Hornet Vambraces S,gauntlets,6,guide,6,6,,,N,,,,,,,,,,,,,,,,,,,,,,,,,
3,arms,138,Hornet Guards S,gauntlets,6,guide,6,6,,,N,,,,,,,,,,,,,,,,,,,,,,,,,
3,arms,139,Hi-Metal Vambraces S,gauntlets,6,guide,6,6,,,N,,,,,,,,,,,,,,,,,,,,,,,,,
3,arms,140,Hi-Metal Guards S,gauntlets,6,guide,6,6,,,N,,,,,,,,,,,,,,,,,,,,,,,,,
3,arms,141,Genprey Vambraces S,gauntlets,6,guide,6,6,,,N,,,,,,,,,,,,,,,,,,,,,,,,,
3,arms,142,Genprey Guards S,gauntlets,6,guide,6,6,,,N,,,,,,,,,,,,,,,,,,,,,,,,,
3,arms,143,Kut-Ku Vambraces S,gauntlets,6,guide,6,6,,,N,,,,,,,,,,,,,,,,,,,,,,,,,
3,arms,144,Kut-Ku Guards S,gauntlets,6,guide,6,6,,,N,,,,,,,,,,,,,,,,,,,,,,,,,
3,arms,145,Ioprey Vambraces S,gauntlets,6,guide,6,6,,,N,,,,,,,,,,,,,,,,,,,,,,,,,
3,arms,146,Ioprey Guards S,gauntlets,6,guide,6,6,,,N,,,,,,,,,,,,,,,,,,,,,,,,,
3,arms,147,Gypceros Vambraces S,gauntlets,6,guide,6,6,,,N,,,,,,,,,,,,,,,,,,,,,,,,,
3,arms,148,Gypceros Guards S,gauntlets,6,guide,6,6,,,N,,,,,,,,,,,,,,,,,,,,,,,,,
3,arms,149,Cephalos Vambraces S,gauntlets,6,guide,6,6,,,N,,,,,,,,,,,,,,,,,,,,,,,,,
3,arms,150,Cephalos Guards S,gauntlets,6,guide,6,6,,,N,,,,,,,,,,,,,,,,,,,,,,,,,
3,arms,151,Steel Vambraces S,gauntlets,6,vallode,6,,,,N,,,,,,,,,,,,,,,,,,,,,,,,,
3,arms,152,Rathian Vambraces S,gauntlets,6,vallode,6,,,,N,,,,,,,,,,,,,,,,,,,,,,,,,
3,arms,153,Rathian Guards S,gauntlets,6,vallode,6,,,,N,,,,,,,,,,,,,,,,,,,,,,,,,
3,arms,154,Khezu Vambraces S,gauntlets,6,guide,6,6,,,N,,,,,,,,,,,,,,,,,,,,,,,,,
3,arms,155,Khezu Guards S,gauntlets,6,guide,6,6,,,N,,,,,,,,,,,,,,,,,,,,,,,,,
3,arms,156,Rathalos Vambraces S,gauntlets,6,vallode,6,,,,N,,,,,,,,,,,,,,,,,,,,,,,,,
3,arms,157,Rathalos Guards S,gauntlets,6,vallode,6,,,,N,,,,,,,,,,,,,,,,,,,,,,,,,
3,arms,158,Plesioth Vambraces S,gauntlets,6,vallode,6,,,,N,,,,,,,,,,,,,,,,,,,,,,,,,
3,arms,159,Plesioth Guards S,gauntlets,6,vallode,6,,,,N,,,,,,,,,,,,,,,,,,,,,,,,,
3,arms,160,Basarios Vambraces S,gauntlets,6,vallode,6,,,,N,,,,,,,,,,,,,,,,,,,,,,,,,
3,arms,161,Basarios Guards S,gauntlets,6,vallode,6,,,,N,,,,,,,,,,,,,,,,,,,,,,,,,
3,arms,162,Diablo Vambraces S,gauntlets,6,vallode,6,,,,N,,,,,,,,,,,,,,,,,,,,,,,,,
3,arms,163,Diablo Guards S,gauntlets,6,vallode,6,,,,N,,,,,,,,,,,,,,,,,,,,,,,,,
3,arms,164,Monoblos Vambraces S,gauntlets,6,vallode,6,,,,N,,,,,,,,,,,,,,,,,,,,,,,,,
3,arms,165,Monoblos Guards S,gauntlets,6,vallode,6,,,,N,,,,,,,,,,,,,,,,,,,,,,,,,
3,arms,166,Gravios Vambraces S,gauntlets,6,vallode,6,,,,N,,,,,,,,,,,,,,,,,,,,,,,,,
3,arms,167,Gravios Guards S,gauntlets,6,vallode,6,,,,N,,,,,,,,,,,,,,,,,,,,,,,,,
3,arms,168,Shinobi Kote(Heaven),gauntlets,8,guide,8,8,8,,N,,,,,,,,,,,,,,,,,,,,,,,,,
3,arms,169,Shinobi Kote (Earth),gauntlets,8,guide,8,8,,,N,,,,,,,,,,,,,,,,,,,,,,,,,
3,arms,170,RedGuildGuard Gloves,gauntlets,8,guide,8,8,,,N,,,,,,,,,,,,,,,,,,,,,,,,,
3,arms,171,RedGuildGuardSleeves,gauntlets,8,guide,8,8,,,N,,,,,,,,,,,,,,,,,,,,,,,,,
3,arms,172,RedGuildGuard Gloves,gauntlets,8,guide,8,8,,,N,,,,,,,,,,,,,,,,,,,,,,,,,
3,arms,173,RedGuildGuardSleeves,gauntlets,8,guide,8,8,,,N,,,,,,,,,,,,,,,,,,,,,,,,,
3,arms,174,Auroros GauntletHaku,gauntlets,8,guide,8,8,,,N,,,,,,,,,,,,,,,,,,,,,,,,,
3,arms,175,Genesis GauntletHaku,gauntlets,8,guide,8,8,,,N,,,,,,,,,,,,,,,,,,,,,,,,,
3,arms,176,BorealisGauntletHaku,gauntlets,8,guide,8,8,,,N,,,,,,,,,,,,,,,,,,,,,,,,,
3,arms,177,Glyph Gauntlets Haku,gauntlets,8,guide,8,8,,,N,,,,,,,,,,,,,,,,,,,,,,,,,
3,arms,178,Dragonclaw S,gauntlets,8,guide,8,8,,,N,,,,,,,,,,,,,,,,,,,,,,,,,
3,arms,179,Dragonfist S,gauntlets,8,guide,8,8,,,N,,,,,,,,,,,,,,,,,,,,,,,,,
3,arms,180,Hermitaur Braces,arms,,,,,,,,,,,,,,,,,,,,,,,,,,,,,,,,
3,arms,181,Hermitaur Guards ,gauntlets,3,vallode,3,,,,N,,,,,,,,,,,,,,,,,,,,,,,,,
3,arms,182,Hermitaur Braces U,gauntlets,7,guide,7,7,,,N,,,,,,,,,,,,,,,,,,,,,,,,,
3,arms,183,Hermitaur Guards U,gauntlets,7,guide,7,7,,,N,,,,,,,,,,,,,,,,,,,,,,,,,
3,arms,184,Hermitaur Braces S,gauntlets,6,vallode,6,,,,N,,,,,,,,,,,,,,,,,,,,,,,,,
3,arms,185,Hermitaur Guards S,gauntlets,6,vallode,6,,,,N,,,,,,,,,,,,,,,,,,,,,,,,,
3,arms,186,Conga Vambraces,gauntlets,3,vallode,3,,,,N,,,,,,,,,,,,,,,,,,,,,,,,,
3,arms,187,Conga Guards ,gauntlets,3,vallode,3,,,,N,,,,,,,,,,,,,,,,,,,,,,,,,
3,arms,188,Conga Vambraces U,gauntlets,7,guide,7,7,,,N,,,,,,,,,,,,,,,,,,,,,,,,,
3,arms,189,Conga Guards U,gauntlets,7,guide,7,7,7,,N,,,,,,,,,,,,,,,,,,,,,,,,,
3,arms,190,Conga Vambraces S,gauntlets,6,guide,6,6,,,N,,,,,,,,,,,,,,,,,,,,,,,,,
3,arms,191,Conga Guards S,gauntlets,6,guide,6,6,,,N,,,,,,,,,,,,,,,,,,,,,,,,,
3,arms,192,Blango Vambraces,gauntlets,4,guide,4,4,,,N,,,,,,,,,,,,,,,,,,,,,,,,,
3,arms,193,Blango Guards,gauntlets,4,guide,4,4,,,N,,,,,,,,,,,,,,,,,,,,,,,,,
3,arms,194,Blango Vambraces U,gauntlets,7,vallode,7,,,,N,,,,,,,,,,,,,,,,,,,,,,,,,
3,arms,195,Blango Guards U,gauntlets,7,vallode,7,,,,N,,,,,,,,,,,,,,,,,,,,,,,,,
3,arms,196,Blango Vambraces S,gauntlets,6,vallode,6,,,,N,,,,,,,,,,,,,,,,,,,,,,,,,
3,arms,197,Blango Guards S,gauntlets,6,vallode,6,,,,N,,,,,,,,,,,,,,,,,,,,,,,,,
3,arms,198,Ceanataur Braces,arms,4,guide,,4,4,,N,,,,,,,,,,,,,,,,,,,,,,,,,
3,arms,199,Ceanataur Guards,gauntlets,4,guide,4,4,,,N,,,,,,,,,,,,,,,,,,,,,,,,,
3,arms,200,Ceanataur Braces U,gauntlets,7,vallode,7,,7,,N,,,,,,,,,,,,,,,,,,,,,,,,,
3,arms,201,Ceanataur Guards U,gauntlets,7,vallode,7,,,,N,,,,,,,,,,,,,,,,,,,,,,,,,
3,arms,202,Ceanataur Braces S,gauntlets,6,vallode,6,,6,,N,,,,,,,,,,,,,,,,,,,,,,,,,
3,arms,203,Ceanataur Guards S,gauntlets,6,vallode,6,,,,N,,,,,,,,,,,,,,,,,,,,,,,,,
3,arms,204,Kirin Longarms,gauntlets,5,vallode,5,,,,N,,,,,,,,,,,,,,,,,,,,,,,,,
3,arms,205,Kirin Gloves,gauntlets,5,vallode,5,,,,N,,,,,,,,,,,,,,,,,,,,,,,,,
3,arms,206,Kirin Longarms S,gauntlets,8,guide,8,8,,,N,,,,,,,,,,,,,,,,,,,,,,,,,
3,arms,207,Kirin Gloves S,gauntlets,8,guide,8,8,,,N,,,,,,,,,,,,,,,,,,,,,,,,,
3,arms,208,Kushala Grip,gauntlets,5,guide,5,5,,,N,,,,,,,,,,,,,,,,,,,,,,,,,
3,arms,209,Kushala Embrace,gauntlets,5,guide,5,5,,,N,,,,,,,,,,,,,,,,,,,,,,,,,
3,arms,210,Mizuha Sleeves,gauntlets,5,guide,5,5,,,N,,,,,,,,,,,,,,,,,,,,,,,,,
3,arms,211,Extravagant Sleeves,gauntlets,5,guide,5,5,,,N,,,,,,,,,,,,,,,,,,,,,,,,,
3,arms,212,Empress Vambraces,gauntlets,5,vallode,5,,,,N,,,,,,,,,,,,,,,,,,,,,,,,,
3,arms,213,Empress Guards,gauntlets,5,vallode,5,,,,N,,,,,,,,,,,,,,,,,,,,,,,,,
3,arms,214,Indra Gloves,gauntlets,5,vallode,5,,,,N,,,,,,,,,,,,,,,,,,,,,,,,,
3,arms,215,Steadfast Guards,gauntlets,5,vallode,5,,,,N,,,,,,,,,,,,,,,,,,,,,,,,,
3,arms,216,Kaiser Vambraces,gauntlets,5,vallode,5,,,,N,,,,,,,,,,,,,,,,,,,,,,,,,
3,arms,217,Kaiser Guards,gauntlets,5,vallode,5,,,,N,,,,,,,,,,,,,,,,,,,,,,,,,
3,arms,218,GuardianSprtVambrces,gauntlets,5,vallode,5,,,,N,,,,,,,,,,,,,,,,,,,,,,,,,
3,arms,219,Carnage Vambraces,gauntlets,5,vallode,5,,,,N,,,,,,,,,,,,,,,,,,,,,,,,,
3,arms,220,Golden Kote,gauntlets,8,guide,8,8,8,,N,,,,,,,,,,,,,,,,,,,,,,,,,
3,arms,221,PuppetMaster Gloves,gauntlets,8,guide,8,8,,,N,,,,,,,,,,,,,,,,,,,,,,,,,
3,arms,222,White Fatalis Claw,gauntlets,8,guide,8,8,,,N,,,,,,,,,,,,,,,,,,,,,,,,,
3,arms,223,White Fatalis Fist,gauntlets,8,guide,8,8,,,N,,,,,,,,,,,,,,,,,,,,,,,,,
3,arms,224,BlackBeltVambraces S,gauntlets,8,guide,8,8,,,N,,,,,,,,,,,,,,,,,,,,,,,,,
3,arms,225,Giaprey Gloves,gauntlets,5,guide,5,5,,,N,,,,,,,,,,,,,,,,,,,,,,,,,
3,arms,226,Remobra Hands,gauntlets,5,guide,5,5,,,N,,,,,,,,,,,,,,,,,,,,,,,,,
3,arms,227,Guild Knight Gloves,gauntlets,5,guide,5,5,,,N,,,,,,,,,,,,,,,,,,,,,,,,,
3,arms,228,Guild Knight Sleeves,gauntlets,5,guide,5,5,5,,N,,,,,,,,,,,,,,,,,,,,,,,,,
3,arms,229,Maiden's Sleeves,gauntlets,5,guide,5,5,,,N,,,,,,,,,,,,,,,,,,,,,,,,,
3,arms,230,Personal Sleeves,gauntlets,5,guide,5,5,,,N,,,,,,,,,,,,,,,,,,,,,,,,,
3,arms,231,BlueGuildGuardGloves,gauntlets,8,guide,8,8,,,N,,,,,,,,,,,,,,,,,,,,,,,,,
3,arms,232,BluGuildGuardSleeves,gauntlets,8,guide,8,8,,,N,,,,,,,,,,,,,,,,,,,,,,,,,
3,arms,233,BlueGuildGuardGloves,gauntlets,8,guide,8,8,,,N,,,,,,,,,,,,,,,,,,,,,,,,,
3,arms,234,BluGuildGuardSleeves,gauntlets,8,guide,8,8,,,N,,,,,,,,,,,,,,,,,,,,,,,,,
3,arms,235,Red Lobster Braces,arms,5,daigo,,,5,,N,,,,,,,,,,,,,,,,,,,,,,,,,dummy
3,arms,236,Red Lobster Guards,arms,5,inferred: BM/gunner pair id-1 (180/180 validated),,,,,N,,,,,,,,,,,,,,,,,,,,,,,,,dummy
3,arms,237,Mafumofu Mittens,gauntlets,1,vallode,1,,4,,N,,,,,,,,,,,,,,,,,,,,,,,,,
3,arms,238,Mafumofu Mittens S,gauntlets,6,guide,6,6,,,N,,,,,,,,,,,,,,,,,,,,,,,,,
3,arms,239,Giaprey Vambraces,gauntlets,2,vallode,2,,,,N,,,,,,,,,,,,,,,,,,,,,,,,,
3,arms,240,Giaprey Guards,gauntlets,2,vallode,2,,,,N,,,,,,,,,,,,,,,,,,,,,,,,,
3,arms,241,Melahoa Branch,gauntlets,5,guide,5,5,,,N,,,,,,,,,,,,,,,,,,,,,,,,,
3,arms,242,Melahoa Petal,gauntlets,5,guide,5,5,,,N,,,,,,,,,,,,,,,,,,,,,,,,,
3,arms,243,Melahoa Branch U,gauntlets,8,guide,8,8,,,N,,,,,,,,,,,,,,,,,,,,,,,,,
3,arms,244,Melahoa Petal U,gauntlets,8,guide,8,8,,,N,,,,,,,,,,,,,,,,,,,,,,,,,
3,arms,245,Makluva Sucker,gauntlets,5,guide,5,5,,,N,,,,,,,,,,,,,,,,,,,,,,,,,
3,arms,246,Makluva Sleeves U,gauntlets,8,guide,8,8,,,N,,,,,,,,,,,,,,,,,,,,,,,,,
3,arms,247,Makluva Sucker U,gauntlets,8,guide,8,8,,,N,,,,,,,,,,,,,,,,,,,,,,,,,
3,arms,248,Kut-Ku Vambraces D,gauntlets,3,vallode,3,,,,N,,,,,,,,,,,,,,,,,,,,,,,,,
3,arms,249,Kut-Ku Guards D,gauntlets,3,vallode,3,,4,,N,,,,,,,,,,,,,,,,,,,,,,,,,
3,arms,250,Gypceros Vambraces D,gauntlets,3,vallode,3,,,,N,,,,,,,,,,,,,,,,,,,,,,,,,
3,arms,251,Gypceros Guards D,gauntlets,3,vallode,3,,,,N,,,,,,,,,,,,,,,,,,,,,,,,,
3,arms,252,Plesioth Vambraces D,gauntlets,3,vallode,3,,,,N,,,,,,,,,,,,,,,,,,,,,,,,,
3,arms,253,Plesioth Guards D,gauntlets,3,vallode,3,,,,N,,,,,,,,,,,,,,,,,,,,,,,,,
3,arms,254,Khezu Vambraces D,gauntlets,3,vallode,3,,,,N,,,,,,,,,,,,,,,,,,,,,,,,,
3,arms,255,Khezu Guards D,gauntlets,3,vallode,3,,,,N,,,,,,,,,,,,,,,,,,,,,,,,,
3,arms,256,Obituary Mano,gauntlets,5,guide,5,5,,,N,,,,,,,,,,,,,,,,,,,,,,,,,
3,arms,257,Obituary Brasso,gauntlets,5,guide,5,5,,,N,,,,,,,,,,,,,,,,,,,,,,,,,
3,arms,258,Butterfly Mano,gauntlets,5,guide,5,5,,,N,,,,,,,,,,,,,,,,,,,,,,,,,
3,arms,259,Butterfly Brasso,gauntlets,5,guide,5,5,,,N,,,,,,,,,,,,,,,,,,,,,,,,,
3,arms,260,Obituary Mano S,gauntlets,8,guide,8,8,,,N,,,,,,,,,,,,,,,,,,,,,,,,,
3,arms,261,Obituary Brasso S,gauntlets,8,guide,8,8,,,N,,,,,,,,,,,,,,,,,,,,,,,,,
3,arms,262,Butterfly Mano S,gauntlets,8,guide,8,8,,,N,,,,,,,,,,,,,,,,,,,,,,,,,
3,arms,263,Butterfly Brasso S,gauntlets,8,guide,8,8,,,N,,,,,,,,,,,,,,,,,,,,,,,,,
3,arms,264,Kushala Grip S,gauntlets,8,guide,8,8,,,N,,,,,,,,,,,,,,,,,,,,,,,,,
3,arms,265,Kushala Embrace S,gauntlets,8,guide,8,8,,,N,,,,,,,,,,,,,,,,,,,,,,,,,
3,arms,266,Tigrex Vambraces,gauntlets,4,guide,4,4,,,N,,,,,,,,,,,,,,,,,,,,,,,,,
3,arms,267,Tigrex Guards,gauntlets,4,guide,4,4,,,N,,,,,,,,,,,,,,,,,,,,,,,,,
3,arms,268,Tigrex Vambraces S,gauntlets,6,vallode,6,,,,N,,,,,,,,,,,,,,,,,,,,,,,,,
3,arms,269,Tigrex Guards S,gauntlets,6,vallode,6,,,,N,,,,,,,,,,,,,,,,,,,,,,,,,
3,arms,270,Death Stench Grip,gauntlets,5,guide,5,5,,,N,,,,,,,,,,,,,,,,,,,,,,,,,
3,arms,271,Death Stench Grasp,gauntlets,5,guide,5,5,,,N,,,,,,,,,,,,,,,,,,,,,,,,,
3,arms,272,Death Stench Grip S,gauntlets,8,guide,8,8,,,N,,,,,,,,,,,,,,,,,,,,,,,,,
3,arms,273,Death Stench Grasp S,gauntlets,8,guide,8,8,,,N,,,,,,,,,,,,,,,,,,,,,,,,,
3,arms,274,Diablo Vambraces D,gauntlets,4,guide,4,4,,,N,,,,,,,,,,,,,,,,,,,,,,,,,
3,arms,275,Diablo Guards D,gauntlets,4,guide,4,4,,,N,,,,,,,,,,,,,,,,,,,,,,,,,
3,arms,276,Gravios Vambraces D,gauntlets,4,guide,4,4,,,N,,,,,,,,,,,,,,,,,,,,,,,,,
3,arms,277,Gravios Guards D,gauntlets,4,guide,4,4,,,N,,,,,,,,,,,,,,,,,,,,,,,,,
3,arms,278,SupremeMizuhaSleeves,gauntlets,8,guide,8,8,,,N,,,,,,,,,,,,,,,,,,,,,,,,,
3,arms,279,SprmExtrvgantSleeves,gauntlets,8,guide,8,8,,,N,,,,,,,,,,,,,,,,,,,,,,,,,
3,arms,280,Kaiser Vambraces S,gauntlets,8,guide,8,8,,,N,,,,,,,,,,,,,,,,,,,,,,,,,
3,arms,281,Kaiser Guards S,gauntlets,8,guide,8,8,,,N,,,,,,,,,,,,,,,,,,,,,,,,,
3,arms,282,Rthan Heart Braces U,gauntlets,8,guide,8,8,,,N,,,,,,,,,,,,,,,,,,,,,,,,,
3,arms,283,Rathian HeartGuardsU,arms,8,guide,,8,,,N,,,,,,,,,,,,,,,,,,,,,,,,,
3,arms,284,Rthlos Soul Braces U,gauntlets,8,guide,8,8,,,N,,,,,,,,,,,,,,,,,,,,,,,,,
3,arms,285,Rthlos Soul Guards U,gauntlets,8,guide,8,8,,,N,,,,,,,,,,,,,,,,,,,,,,,,,
3,arms,286,UltimateIndraGloves,gauntlets,8,guide,8,8,,,N,,,,,,,,,,,,,,,,,,,,,,,,,
3,arms,287,SuprmSteadfastGuards,gauntlets,8,guide,8,8,,,N,,,,,,,,,,,,,,,,,,,,,,,,,
3,arms,288,Dark Akantor Claw,gauntlets,8,guide,8,8,8,,N,,,,,,,,,,,,,,,,,,,,,,,,,
3,arms,289,DarkAkantor Gauntlet,gauntlets,8,guide,8,8,,,N,,,,,,,,,,,,,,,,,,,,,,,,,
3,arms,290,Devil Blos Vambraces,arms,8,daigo,,,8,,N,,,,,,,,,,,,,,,,,,,,,,,,,dummy
3,arms,291,Devil Blos Guards,arms,8,inferred: BM/gunner pair id-1 (180/180 validated),,,,,N,,,,,,,,,,,,,,,,,,,,,,,,,dummy
3,arms,292,Jolly Roger Gloves,arms,8,daigo,,,8,,N,,,,,,,,,,,,,,,,,,,,,,,,,dummy
3,arms,293,Jolly Roger Cuffs,arms,8,inferred: BM/gunner pair id-1 (180/180 validated),,,,,N,,,,,,,,,,,,,,,,,,,,,,,,,dummy
3,arms,294,Hypno Vambraces X,arms,9,guide,,9,,,Y,,,,,,,,,,,,,,,,,,,,,,,,,
3,arms,295,Hypno Guards X,arms,9,guide,,9,,,Y,,,,,,,,,,,,,,,,,,,,,,,,,
3,arms,296,Lava Vambraces X,arms,9,guide,,9,9,,Y,,,,,,,,,,,,,,,,,,,,,,,,,
3,arms,297,Lava Guards X,arms,9,guide,,9,,,Y,,,,,,,,,,,,,,,,,,,,,,,,,
3,arms,298,Garuga Vambraces X,gauntlets,9,guide,9,9,,,Y,,,,,,,,,,,,,,,,,,,,,,,,,
3,arms,299,Garuga Guards X,gauntlets,9,guide,9,9,,,Y,,,,,,,,,,,,,,,,,,,,,,,,,
3,arms,300,Kut-Ku Vambraces Z,gauntlets,9,guide,9,9,,,Y,,,,,,,,,,,,,,,,,,,,,,,,,
3,arms,301,Kut-Ku Guards Z,gauntlets,9,guide,9,9,,,Y,,,,,,,,,,,,,,,,,,,,,,,,,
3,arms,302,Gypceros Vambraces Z,gauntlets,9,guide,9,9,,,Y,,,,,,,,,,,,,,,,,,,,,,,,,
3,arms,303,Gypceros Guards Z,gauntlets,9,guide,9,9,,,Y,,,,,,,,,,,,,,,,,,,,,,,,,
3,arms,304,Khezu Vambraces Z,gauntlets,9,guide,9,9,,,Y,,,,,,,,,,,,,,,,,,,,,,,,,
3,arms,305,Khezu Guards Z,gauntlets,9,guide,9,9,,,Y,,,,,,,,,,,,,,,,,,,,,,,,,
3,arms,306,Basarios Vambraces X,gauntlets,9,guide,9,9,,,Y,,,,,,,,,,,,,,,,,,,,,,,,,
3,arms,307,Basarios Guards X,gauntlets,9,guide,9,9,,,Y,,,,,,,,,,,,,,,,,,,,,,,,,
3,arms,308,Plesioth Vambraces Z,gauntlets,9,guide,9,9,,,Y,,,,,,,,,,,,,,,,,,,,,,,,,
3,arms,309,Plesioth Guards Z,gauntlets,9,guide,9,9,,,Y,,,,,,,,,,,,,,,,,,,,,,,,,
3,arms,310,HermitaurVambracesZ,arms,9,guide,,9,,,Y,,,,,,,,,,,,,,,,,,,,,,,,,
3,arms,311,Hermitaur Guards Z,gauntlets,9,guide,9,9,,,Y,,,,,,,,,,,,,,,,,,,,,,,,,
3,arms,312,Conga Vambraces Z,gauntlets,9,guide,9,9,,,Y,,,,,,,,,,,,,,,,,,,,,,,,,
3,arms,313,Conga Guards Z,gauntlets,9,guide,9,9,9,,Y,,,,,,,,,,,,,,,,,,,,,,,,,
3,arms,314,RathianHrtVambracesZ,arms,10,guide,,10,,,Y,,,,,,,,,,,,,,,,,,,,,,,,,
3,arms,315,RathianHeartGuardsZ,arms,10,guide,,10,,,Y,,,,,,,,,,,,,,,,,,,,,,,,,
3,arms,316,RathSoulVambracesZ,arms,10,guide,,10,10,,Y,,,,,,,,,,,,,,,,,,,,,,,,,
3,arms,317,RathalosSoulGuardsZ,arms,10,guide,,10,,,Y,,,,,,,,,,,,,,,,,,,,,,,,,
3,arms,318,CeanataurVambracesZ,arms,9,guide,,9,,,Y,,,,,,,,,,,,,,,,,,,,,,,,,
3,arms,319,Ceanataur Guards Z,gauntlets,9,guide,9,9,,,Y,,,,,,,,,,,,,,,,,,,,,,,,,
3,arms,320,Blango Vambraces Z,gauntlets,9,guide,9,9,,,Y,,,,,,,,,,,,,,,,,,,,,,,,,
3,arms,321,Blango Guards Z,gauntlets,9,guide,9,9,9,,Y,,,,,,,,,,,,,,,,,,,,,,,,,
3,arms,322,AurorosGauntletsGoku,arms,10,guide,,10,,,Y,,,,,,,,,,,,,,,,,,,,,,,,,
3,arms,323,GenesisGauntletsGoku,arms,10,guide,,10,,,Y,,,,,,,,,,,,,,,,,,,,,,,,,
3,arms,324,BorealsGauntletsGoku,arms,10,guide,,10,,,Y,,,,,,,,,,,,,,,,,,,,,,,,,
3,arms,325,Glyph Gauntlets Goku,arms,10,guide,,10,,,Y,,,,,,,,,,,,,,,,,,,,,,,,,
3,arms,326,GoldenMoonVambracesZ,arms,10,guide,,10,,,Y,,,,,,,,,,,,,,,,,,,,,,,,,
3,arms,327,Golden Moon Guards Z,gauntlets,10,guide,10,10,,,Y,,,,,,,,,,,,,,,,,,,,,,,,,
3,arms,328,SilverSolVambracesZ,arms,10,guide,,10,,,Y,,,,,,,,,,,,,,,,,,,,,,,,,
3,arms,329,Silver Sol Guards Z,gauntlets,10,guide,10,10,10,,Y,,,,,,,,,,,,,,,,,,,,,,,,,
3,arms,330,Diablo Vambraces Z,gauntlets,9,guide,9,9,,,Y,,,,,,,,,,,,,,,,,,,,,,,,,
3,arms,331,Diablo Guards Z,gauntlets,9,guide,9,9,9,,Y,,,,,,,,,,,,,,,,,,,,,,,,,
3,arms,332,Gravios Vambraces Z,gauntlets,9,guide,9,9,,,Y,,,,,,,,,,,,,,,,,,,,,,,,,
3,arms,333,Gravios Guards Z,gauntlets,9,guide,9,9,,,Y,,,,,,,,,,,,,,,,,,,,,,,,,
3,arms,334,Tigrex Vambraces X,gauntlets,9,guide,9,9,,,Y,,,,,,,,,,,,,,,,,,,,,,,,,
3,arms,335,Tigrex Guards X,gauntlets,9,guide,9,9,,,Y,,,,,,,,,,,,,,,,,,,,,,,,,
3,arms,336,Indra Gloves Shin,arms,10,guide,,10,10,,Y,,,,,,,,,,,,,,,,,,,,,,,,,
3,arms,337,SteadfastGuardsShin,arms,10,guide,,10,10,,Y,,,,,,,,,,,,,,,,,,,,,,,,,
3,arms,338,Golden Kote Shin,arms,10,guide,,10,10,,Y,,,,,,,,,,,,,,,,,,,,,,,,,
3,arms,339,PupptMastrGlovesShin,arms,10,guide,,10,,,Y,,,,,,,,,,,,,,,,,,,,,,,,,
3,arms,340,Kirin Longarms X,gauntlets,10,guide,10,10,10,,Y,,,,,,,,,,,,,,,,,,,,,,,,,
3,arms,341,Kirin Gloves X,gauntlets,10,guide,10,10,10,,Y,,,,,,,,,,,,,,,,,,,,,,,,,
3,arms,342,Kushala Grip X,gauntlets,10,guide,10,10,10,,Y,,,,,,,,,,,,,,,,,,,,,,,,,
3,arms,343,Kushala Embrace X,arms,10,guide,,10,,,Y,,,,,,,,,,,,,,,,,,,,,,,,,
3,arms,344,Mizuha Sleeves Shin,arms,10,guide,,10,,,Y,,,,,,,,,,,,,,,,,,,,,,,,,
3,arms,345,ExtrvagntSleevesShin,arms,10,daigo,,,10,,Y,,,,,,,,,,,,,,,,,,,,,,,,,
3,arms,346,Kaiser Vambraces X,gauntlets,10,guide,10,10,10,,Y,,,,,,,,,,,,,,,,,,,,,,,,,
3,arms,347,Kaiser Guards X,gauntlets,10,guide,10,10,,,Y,,,,,,,,,,,,,,,,,,,,,,,,,
3,arms,348,GuardSprtVmbrcesShin,arms,10,guide,,10,10,,Y,,,,,,,,,,,,,,,,,,,,,,,,,
3,arms,349,CarnageVambracesShin,arms,10,guide,,10,,,Y,,,,,,,,,,,,,,,,,,,,,,,,,
3,arms,350,Fatalis Claw Z,gauntlets,10,guide,10,10,10,,Y,,,,,,,,,,,,,,,,,,,,,,,,,
3,arms,351,Fatalis Fist Z,gauntlets,10,guide,10,10,,,Y,,,,,,,,,,,,,,,,,,,,,,,,,
3,arms,352,White Fatalis Claw Z,arms,10,guide,,10,10,,Y,,,,,,,,,,,,,,,,,,,,,,,,,
3,arms,353,White Fatalis Fist Z,arms,10,guide,,10,,,Y,,,,,,,,,,,,,,,,,,,,,,,,,
3,arms,354,BlackBeltVambracesX,arms,10,guide,,10,10,,Y,,,,,,,,,,,,,,,,,,,,,,,,,
3,arms,355,Black Belt Guards X,gauntlets,10,guide,10,10,,,Y,,,,,,,,,,,,,,,,,,,,,,,,,
3,arms,356,Melahoa Branch Z,gauntlets,10,guide,10,10,,,Y,,,,,,,,,,,,,,,,,,,,,,,,,
3,arms,357,Melahoa Petal Z,gauntlets,10,guide,10,10,,,Y,,,,,,,,,,,,,,,,,,,,,,,,,
3,arms,358,Makluva Sleeves Z,gauntlets,10,guide,10,10,10,,Y,,,,,,,,,,,,,,,,,,,,,,,,,
3,arms,359,Makluva Sucker Z,gauntlets,10,guide,10,10,10,,Y,,,,,,,,,,,,,,,,,,,,,,,,,
3,arms,360,Chakra Bracelet,arms,10,guide,,10,10,,Y,,,,,,,,,,,,,,,,,,,,,,,,,
3,arms,361,Hypno Vambraces S,arms,,,,,,,,,,,,,,,,,,,,,,,,,,,,,,,,
3,arms,362,Hypno Guards S,arms,,,,,,,,,,,,,,,,,,,,,,,,,,,,,,,,
3,arms,363,Garuga Vambraces S,gauntlets,6,vallode,6,,,,N,,,,,,,,,,,,,,,,,,,,,,,,,
3,arms,364,Garuga Guards S,gauntlets,6,vallode,6,,,,N,,,,,,,,,,,,,,,,,,,,,,,,,
3,arms,365,Narga Vambraces S,arms,,,,,,,,,,,,,,,,,,,,,,,,,,,,,,,,
3,arms,366,Narga Guards S,arms,,,,,,,,,,,,,,,,,,,,,,,,,,,,,,,,
3,arms,367,MonodevilVambracesU,arms,8,guide,,8,,,N,,,,,,,,,,,,,,,,,,,,,,,,,
3,arms,368,Monodevil Guards U,gauntlets,8,guide,8,8,,,N,,,,,,,,,,,,,,,,,,,,,,,,,
3,arms,369,Kut-Ku Vambraces X,gauntlets,9,guide,9,9,,,Y,,,,,,,,,,,,,,,,,,,,,,,,,
3,arms,370,Kut-Ku Guards X,gauntlets,9,guide,9,9,,,Y,,,,,,,,,,,,,,,,,,,,,,,,,
3,arms,371,Conga Vambraces X,gauntlets,9,guide,9,9,,,Y,,,,,,,,,,,,,,,,,,,,,,,,,
3,arms,372,Conga Guards X,gauntlets,9,guide,9,9,,,Y,,,,,,,,,,,,,,,,,,,,,,,,,
3,arms,373,Gypceros Vambraces X,gauntlets,9,guide,9,9,9,,Y,,,,,,,,,,,,,,,,,,,,,,,,,
3,arms,374,Gypceros Guards X,gauntlets,9,guide,9,9,,,Y,,,,,,,,,,,,,,,,,,,,,,,,,
3,arms,375,Khezu Vambraces X,gauntlets,9,guide,9,9,,,Y,,,,,,,,,,,,,,,,,,,,,,,,,
3,arms,376,Khezu Guards X,gauntlets,9,guide,9,9,,,Y,,,,,,,,,,,,,,,,,,,,,,,,,
3,arms,377,HermitaurVambracesX,arms,9,guide,,9,,,Y,,,,,,,,,,,,,,,,,,,,,,,,,
3,arms,378,Hermitaur Guards X,gauntlets,9,guide,9,9,,,Y,,,,,,,,,,,,,,,,,,,,,,,,,
3,arms,379,Plesioth Vambraces X,gauntlets,9,guide,9,9,,,Y,,,,,,,,,,,,,,,,,,,,,,,,,
3,arms,380,Plesioth Guards X,gauntlets,9,guide,9,9,,,Y,,,,,,,,,,,,,,,,,,,,,,,,,
3,arms,381,Obituary Mano X,gauntlets,10,guide,10,10,,,Y,,,,,,,,,,,,,,,,,,,,,,,,,
3,arms,382,Obituary Brasso X,gauntlets,10,guide,10,10,,,Y,,,,,,,,,,,,,,,,,,,,,,,,,
3,arms,383,Butterfly Mano X,gauntlets,10,guide,10,10,,,Y,,,,,,,,,,,,,,,,,,,,,,,,,
3,arms,384,Butterfly Brasso X,gauntlets,10,guide,10,10,,,Y,,,,,,,,,,,,,,,,,,,,,,,,,
3,arms,385,Blango Vambraces X,gauntlets,9,guide,9,9,,,Y,,,,,,,,,,,,,,,,,,,,,,,,,
3,arms,386,Blango Guards X,gauntlets,9,guide,9,9,,,Y,,,,,,,,,,,,,,,,,,,,,,,,,
3,arms,387,Monoblos Vambraces X,gauntlets,9,guide,9,9,,,Y,,,,,,,,,,,,,,,,,,,,,,,,,
3,arms,388,Monoblos Guards X,gauntlets,9,guide,9,9,,,Y,,,,,,,,,,,,,,,,,,,,,,,,,
3,arms,389,CeanataurVambracesX,arms,9,guide,,9,9,,Y,,,,,,,,,,,,,,,,,,,,,,,,,
3,arms,390,Ceanataur Guards X,gauntlets,9,guide,9,9,,,Y,,,,,,,,,,,,,,,,,,,,,,,,,
3,arms,391,Rathian Vambraces X,gauntlets,9,guide,9,9,,,Y,,,,,,,,,,,,,,,,,,,,,,,,,
3,arms,392,Rathian Guards X,gauntlets,9,guide,9,9,,,Y,,,,,,,,,,,,,,,,,,,,,,,,,
3,arms,393,Rathalos Vambraces X,gauntlets,9,vallode,9,,9,,Y,,,,,,,,,,,,,,,,,,,,,,,,,
3,arms,394,Rathalos Guards X,gauntlets,9,vallode,9,,9,,Y,,,,,,,,,,,,,,,,,,,,,,,,,
3,arms,395,Narga Vambraces X,arms,9,guide,,9,9,,Y,,,,,,,,,,,,,,,,,,,,,,,,,
3,arms,396,Narga Guards X,arms,9,guide,,9,,,Y,,,,,,,,,,,,,,,,,,,,,,,,,
3,arms,397,Diablo Vambraces X,gauntlets,9,vallode,9,,,,Y,,,,,,,,,,,,,,,,,,,,,,,,,
3,arms,398,Diablo Guards X,gauntlets,9,vallode,9,,,,Y,,,,,,,,,,,,,,,,,,,,,,,,,
3,arms,399,Gravios Vambraces X,gauntlets,9,vallode,9,,,,Y,,,,,,,,,,,,,,,,,,,,,,,,,
3,arms,400,Gravios Guards X,gauntlets,9,vallode,9,,,,Y,,,,,,,,,,,,,,,,,,,,,,,,,
3,arms,401,Empress Vambraces X,gauntlets,10,guide,10,10,,,Y,,,,,,,,,,,,,,,,,,,,,,,,,
3,arms,402,Empress Guards X,gauntlets,10,guide,10,10,,,Y,,,,,,,,,,,,,,,,,,,,,,,,,
3,arms,403,Dragonclaw X,gauntlets,10,guide,10,10,,,Y,,,,,,,,,,,,,,,,,,,,,,,,,
3,arms,404,Dragonfist X,gauntlets,10,guide,10,10,,,Y,,,,,,,,,,,,,,,,,,,,,,,,,
3,arms,405,Dark Ukanlos Claw,arms,10,guide,,10,,,Y,,,,,,,,,,,,,,,,,,,,,,,,,
3,arms,406,DarkUkanlosGauntlet,arms,10,guide,,10,,,Y,,,,,,,,,,,,,,,,,,,,,,,,,
3,arms,407,Hypno Vambraces,arms,5,guide,,5,,,N,,,,,,,,,,,,,,,,,,,,,,,,,
3,arms,408,Hypno Guards,arms,5,guide,,5,,,N,,,,,,,,,,,,,,,,,,,,,,,,,
3,arms,409,Lava Vambraces,arms,5,guide,,5,,,N,,,,,,,,,,,,,,,,,,,,,,,,,
3,arms,410,Lava Guards,arms,5,guide,,5,,,N,,,,,,,,,,,,,,,,,,,,,,,,,
4,waist,0,Nothing equipped.,waist,,,,,,,,,,,,,,,,,,,,,,,,,,,,,,,,
4,waist,1,Leather Belt,waist,1,vallode,1,,,,N,,,,,,,,,,,,,,,,,,,,,,,,,
4,waist,2,Light Belt,waist,1,vallode,1,,,,N,,,,,,,,,,,,,,,,,,,,,,,,,
4,waist,3,Chain Belt,waist,1,vallode,1,,,,N,,,,,,,,,,,,,,,,,,,,,,,,,
4,waist,4,Iron Belt,waist,1,vallode,1,,,,N,,,,,,,,,,,,,,,,,,,,,,,,,
4,waist,5,Hunter's Tasset,waist,,,,,,,,,,,,,,,,,,,,,,,,,,,,,,,,
4,waist,6,Hunter's Coat,waist,4,daigo,,,4,,N,,,,,,,,,,,,,,,,,,,,,,,,,
4,waist,7,Bone Tasset,waist,2,vallode,2,,,,N,,,,,,,,,,,,,,,,,,,,,,,,,
4,waist,8,Bone Coat,waist,2,vallode,2,,,,N,,,,,,,,,,,,,,,,,,,,,,,,,
4,waist,9,Velociprey Tasset,waist,2,vallode,2,,,,N,,,,,,,,,,,,,,,,,,,,,,,,,
4,waist,10,Velociprey Coat,waist,2,vallode,2,,,,N,,,,,,,,,,,,,,,,,,,,,,,,,
4,waist,11,Battle Tasset,waist,2,vallode,2,,4,,N,,,,,,,,,,,,,,,,,,,,,,,,,
4,waist,12,Battle Coat,waist,2,vallode,2,,,,N,,,,,,,,,,,,,,,,,,,,,,,,,
4,waist,13,Hide Belt,waist,2,vallode,2,,4,,N,,,,,,,,,,,,,,,,,,,,,,,,,
4,waist,14,Vespoid Tasset,waist,3,vallode,3,,,,N,,,,,,,,,,,,,,,,,,,,,,,,,
4,waist,15,Vespoid Coat,waist,3,vallode,3,,,,N,,,,,,,,,,,,,,,,,,,,,,,,,
4,waist,16,Hornet Tasset,waist,3,vallode,3,,,,N,,,,,,,,,,,,,,,,,,,,,,,,,
4,waist,17,Hornet Coat,waist,3,vallode,3,,,,N,,,,,,,,,,,,,,,,,,,,,,,,,
4,waist,18,Hi-Metal Tasset,waist,3,vallode,3,,,,N,,,,,,,,,,,,,,,,,,,,,,,,,
4,waist,19,Hi-Metal Coat,waist,3,vallode,3,,,,N,,,,,,,,,,,,,,,,,,,,,,,,,
4,waist,20,Genprey Tasset,waist,3,vallode,3,,,,N,,,,,,,,,,,,,,,,,,,,,,,,,
4,waist,21,Genprey Coat,waist,3,vallode,3,,,,N,,,,,,,,,,,,,,,,,,,,,,,,,
4,waist,22,Chrome Metal Coat,waist,3,vallode,3,,,,N,,,,,,,,,,,,,,,,,,,,,,,,,
4,waist,23,Kut-Ku Tasset,waist,3,vallode,3,,,,N,,,,,,,,,,,,,,,,,,,,,,,,,
4,waist,24,Kut-Ku Coat,waist,3,vallode,3,,,,N,,,,,,,,,,,,,,,,,,,,,,,,,
4,waist,25,Ioprey Tasset,waist,3,vallode,3,,,,N,,,,,,,,,,,,,,,,,,,,,,,,,
4,waist,26,Ioprey Coat,waist,3,vallode,3,,,,N,,,,,,,,,,,,,,,,,,,,,,,,,
4,waist,27,Gypceros Tasset,waist,3,vallode,3,,,,N,,,,,,,,,,,,,,,,,,,,,,,,,
4,waist,28,Gypceros Coat,waist,3,vallode,3,,,,N,,,,,,,,,,,,,,,,,,,,,,,,,
4,waist,29,Cephalos Tasset,waist,3,vallode,3,,,,N,,,,,,,,,,,,,,,,,,,,,,,,,
4,waist,30,Cephalos Coat,waist,3,vallode,3,,,,N,,,,,,,,,,,,,,,,,,,,,,,,,
4,waist,31,Steel Belt,waist,3,vallode,3,,,,N,,,,,,,,,,,,,,,,,,,,,,,,,
4,waist,32,Rathian Tasset,waist,4,guide,4,4,,,N,,,,,,,,,,,,,,,,,,,,,,,,,
4,waist,33,Rathian Coat,waist,4,guide,4,4,,,N,,,,,,,,,,,,,,,,,,,,,,,,,
4,waist,34,Khezu Tasset,waist,3,vallode,3,,,,N,,,,,,,,,,,,,,,,,,,,,,,,,
4,waist,35,Khezu Coat,waist,3,vallode,3,,,,N,,,,,,,,,,,,,,,,,,,,,,,,,
4,waist,36,Rathalos Tasset,waist,4,guide,4,4,4,,N,,,,,,,,,,,,,,,,,,,,,,,,,
4,waist,37,Rathalos Coat,waist,4,guide,4,4,,,N,,,,,,,,,,,,,,,,,,,,,,,,,
4,waist,38,Basarios Tasset,waist,4,guide,4,4,,,N,,,,,,,,,,,,,,,,,,,,,,,,,
4,waist,39,Basarios Coat,waist,4,guide,4,4,,,N,,,,,,,,,,,,,,,,,,,,,,,,,
4,waist,40,Diablo Coil,waist,4,guide,4,4,,,N,,,,,,,,,,,,,,,,,,,,,,,,,
4,waist,41,Diablo Coat,waist,4,guide,4,4,,,N,,,,,,,,,,,,,,,,,,,,,,,,,
4,waist,42,Monoblos Coil,waist,4,guide,4,4,,,N,,,,,,,,,,,,,,,,,,,,,,,,,
4,waist,43,Monoblos Coat,waist,4,guide,4,4,,,N,,,,,,,,,,,,,,,,,,,,,,,,,
4,waist,44,Gravios Tasset,waist,4,guide,4,4,,,N,,,,,,,,,,,,,,,,,,,,,,,,,
4,waist,45,Gravios Coat,waist,4,guide,4,4,,,N,,,,,,,,,,,,,,,,,,,,,,,,,
4,waist,46,Black Belt Tasset,waist,5,guide,5,5,,,N,,,,,,,,,,,,,,,,,,,,,,,,,
4,waist,47,Mosswine Hip,waist,5,guide,5,5,,,N,,,,,,,,,,,,,,,,,,,,,,,,,
4,waist,48,Melahoa Skirt,waist,5,guide,5,5,,,N,,,,,,,,,,,,,,,,,,,,,,,,,
4,waist,49,Bistro Apron,waist,5,guide,5,5,,,N,,,,,,,,,,,,,,,,,,,,,,,,,
4,waist,50,Shinobi Belt (Sun),waist,5,guide,5,5,,,N,,,,,,,,,,,,,,,,,,,,,,,,,
4,waist,51,Shinobi Belt (Moon),waist,5,guide,5,5,,,N,,,,,,,,,,,,,,,,,,,,,,,,,
4,waist,52,Guardian Coil,waist,5,guide,5,5,,,N,,,,,,,,,,,,,,,,,,,,,,,,,
4,waist,53,Guardian Coat,waist,5,guide,5,5,,,N,,,,,,,,,,,,,,,,,,,,,,,,,
4,waist,54,Helper Skirt,waist,5,guide,5,5,,,N,,,,,,,,,,,,,,,,,,,,,,,,,
4,waist,55,Healer Frills,waist,5,guide,5,5,,,N,,,,,,,,,,,,,,,,,,,,,,,,,
4,waist,56,Garuga Tasset,waist,4,guide,4,4,,,N,,,,,,,,,,,,,,,,,,,,,,,,,
4,waist,57,Garuga Coat,waist,4,guide,4,4,,,N,,,,,,,,,,,,,,,,,,,,,,,,,
4,waist,58,Auroros Tasset,waist,5,vallode,5,,,,N,,,,,,,,,,,,,,,,,,,,,,,,,
4,waist,59,Genesis Tasset,waist,5,vallode,5,,,,N,,,,,,,,,,,,,,,,,,,,,,,,,
4,waist,60,Borealis Tasset,waist,5,vallode,5,,,,N,,,,,,,,,,,,,,,,,,,,,,,,,
4,waist,61,Glyph Tasset,waist,5,vallode,5,,,,N,,,,,,,,,,,,,,,,,,,,,,,,,
4,waist,62,Red Borealis Tasset,waist,5,vallode,5,,,,N,,,,,,,,,,,,,,,,,,,,,,,,,
4,waist,63,Red Glyph Tasset,waist,5,vallode,5,,,,N,,,,,,,,,,,,,,,,,,,,,,,,,
4,waist,64,Black Spine,waist,5,guide,5,5,,,N,,,,,,,,,,,,,,,,,,,,,,,,,
4,waist,65,Black Scale,waist,5,vallode,5,,5,,N,,,,,,,,,,,,,,,,,,,,,,,,,
4,waist,66,Leather Belt U,waist,7,guide,7,7,,,N,,,,,,,,,,,,,,,,,,,,,,,,,
4,waist,67,Chain Belt U,waist,7,guide,7,7,7,,N,,,,,,,,,,,,,,,,,,,,,,,,,
4,waist,68,Hunter's Tasset U,waist,7,guide,,7,,,N,,,,,,,,,,,,,,,,,,,,,,,,,
4,waist,69,Hunter's Coat U,waist,7,guide,,7,,,N,,,,,,,,,,,,,,,,,,,,,,,,,
4,waist,70,Bone Tasset U,waist,7,guide,7,7,,,N,,,,,,,,,,,,,,,,,,,,,,,,,
4,waist,71,Bone Coat U,waist,7,guide,7,7,,,N,,,,,,,,,,,,,,,,,,,,,,,,,
4,waist,72,Giaprey Tasset U,waist,7,guide,7,7,,,N,,,,,,,,,,,,,,,,,,,,,,,,,
4,waist,73,Giaprey Coat U,waist,7,guide,7,7,,,N,,,,,,,,,,,,,,,,,,,,,,,,,
4,waist,74,Battle Tasset U,waist,7,guide,7,7,,,N,,,,,,,,,,,,,,,,,,,,,,,,,
4,waist,75,Battle Coat U,waist,7,guide,7,7,,,N,,,,,,,,,,,,,,,,,,,,,,,,,
4,waist,76,Vespoid Tasset U,waist,7,guide,7,7,,,N,,,,,,,,,,,,,,,,,,,,,,,,,
4,waist,77,Vespoid Coat U,waist,7,guide,7,7,,,N,,,,,,,,,,,,,,,,,,,,,,,,,
4,waist,78,Hornet Tasset U,waist,7,guide,7,7,,,N,,,,,,,,,,,,,,,,,,,,,,,,,
4,waist,79,Hornet Coat U,waist,7,guide,7,7,,,N,,,,,,,,,,,,,,,,,,,,,,,,,
4,waist,80,Hi-Metal Tasset U,waist,7,guide,7,7,,,N,,,,,,,,,,,,,,,,,,,,,,,,,
4,waist,81,Hi-Metal Coat U,waist,7,guide,7,7,,,N,,,,,,,,,,,,,,,,,,,,,,,,,
4,waist,82,Genprey Tasset U,waist,7,guide,7,7,,,N,,,,,,,,,,,,,,,,,,,,,,,,,
4,waist,83,Genprey Coat U,waist,7,guide,7,7,,,N,,,,,,,,,,,,,,,,,,,,,,,,,
4,waist,84,Kut-Ku Tasset U,waist,7,guide,7,7,,,N,,,,,,,,,,,,,,,,,,,,,,,,,
4,waist,85,Kut-Ku Coat U,waist,7,guide,7,7,7,,N,,,,,,,,,,,,,,,,,,,,,,,,,
4,waist,86,Ioprey Tasset U,waist,7,guide,7,7,7,,N,,,,,,,,,,,,,,,,,,,,,,,,,
4,waist,87,Ioprey Coat U,waist,7,guide,7,7,,,N,,,,,,,,,,,,,,,,,,,,,,,,,
4,waist,88,Gypceros Tasset U,waist,7,guide,7,7,,,N,,,,,,,,,,,,,,,,,,,,,,,,,
4,waist,89,Gypceros Coat U,waist,7,guide,7,7,,,N,,,,,,,,,,,,,,,,,,,,,,,,,
4,waist,90,Cephalos Tasset U,waist,7,guide,7,7,,,N,,,,,,,,,,,,,,,,,,,,,,,,,
4,waist,91,Cephalos Coat U,waist,7,guide,7,7,,,N,,,,,,,,,,,,,,,,,,,,,,,,,
4,waist,92,Steel Belt U,waist,7,vallode,7,,,,N,,,,,,,,,,,,,,,,,,,,,,,,,
4,waist,93,Rathian Heart Coil,waist,5,vallode,5,,,,N,,,,,,,,,,,,,,,,,,,,,,,,,
4,waist,94,Rathian Heart Coat,waist,5,vallode,5,,,,N,,,,,,,,,,,,,,,,,,,,,,,,,
4,waist,95,Khezu Tasset U,waist,7,guide,7,7,,,N,,,,,,,,,,,,,,,,,,,,,,,,,
4,waist,96,Khezu Coat U,waist,7,guide,7,7,,,N,,,,,,,,,,,,,,,,,,,,,,,,,
4,waist,97,Rathalos Soul Coil,waist,5,vallode,5,,5,,N,,,,,,,,,,,,,,,,,,,,,,,,,
4,waist,98,Rathalos Soul Coat,waist,5,vallode,5,,,,N,,,,,,,,,,,,,,,,,,,,,,,,,
4,waist,99,Basarios Tasset U,waist,7,vallode,7,,,,N,,,,,,,,,,,,,,,,,,,,,,,,,
4,waist,100,Basarios Coat U,waist,7,vallode,7,,,,N,,,,,,,,,,,,,,,,,,,,,,,,,
4,waist,101,Diablo Coil U,waist,7,vallode,7,,,,N,,,,,,,,,,,,,,,,,,,,,,,,,
4,waist,102,Diablo Coat U,waist,7,vallode,7,,,,N,,,,,,,,,,,,,,,,,,,,,,,,,
4,waist,103,Monodevil Coil,waist,5,vallode,5,,,,N,,,,,,,,,,,,,,,,,,,,,,,,,
4,waist,104,Monodevil Coat,waist,5,vallode,5,,,,N,,,,,,,,,,,,,,,,,,,,,,,,,
4,waist,105,Gravios Tasset U,waist,7,vallode,7,,,,N,,,,,,,,,,,,,,,,,,,,,,,,,
4,waist,106,Gravios Coat U,waist,7,vallode,7,,,,N,,,,,,,,,,,,,,,,,,,,,,,,,
4,waist,107,Shinobi Belt (Sky),waist,8,guide,8,8,,,N,,,,,,,,,,,,,,,,,,,,,,,,,
4,waist,108,Shinobi Belt (Sea),waist,8,guide,8,8,,,N,,,,,,,,,,,,,,,,,,,,,,,,,
4,waist,109,Guardian Coil U,waist,8,guide,8,8,,,N,,,,,,,,,,,,,,,,,,,,,,,,,
4,waist,110,Guardian Coat U,waist,8,guide,8,8,,,N,,,,,,,,,,,,,,,,,,,,,,,,,
4,waist,111,Helper Skirt U,waist,8,guide,8,8,,,N,,,,,,,,,,,,,,,,,,,,,,,,,
4,waist,112,Healer Frills U,waist,8,guide,8,8,,,N,,,,,,,,,,,,,,,,,,,,,,,,,
4,waist,113,Auroros Tasset Ten,waist,8,guide,8,8,,,N,,,,,,,,,,,,,,,,,,,,,,,,,
4,waist,114,Genesis Tasset Ten,waist,8,guide,8,8,,,N,,,,,,,,,,,,,,,,,,,,,,,,,
4,waist,115,Borealis Tasset Ten,waist,8,guide,8,8,,,N,,,,,,,,,,,,,,,,,,,,,,,,,
4,waist,116,Glyph Tasset Ten,waist,8,guide,8,8,,,N,,,,,,,,,,,,,,,,,,,,,,,,,
4,waist,117,Fatalis Spine,waist,8,guide,8,8,,,N,,,,,,,,,,,,,,,,,,,,,,,,,
4,waist,118,Fatalis Scales,waist,8,guide,,8,,,N,,,,,,,,,,,,,,,,,,,,,,,,,
4,waist,119,Golden Moon Tasset ,waist,8,guide,8,8,,,N,,,,,,,,,,,,,,,,,,,,,,,,,
4,waist,120,Golden Moon Coat,waist,8,guide,8,8,,,N,,,,,,,,,,,,,,,,,,,,,,,,,
4,waist,121,Silver Sol Tasset,waist,8,guide,8,8,8,,N,,,,,,,,,,,,,,,,,,,,,,,,,
4,waist,122,Silver Sol Coat,waist,8,guide,8,8,,,N,,,,,,,,,,,,,,,,,,,,,,,,,
4,waist,123,Leather Belt S,waist,6,guide,6,6,,,N,,,,,,,,,,,,,,,,,,,,,,,,,
4,waist,124,Chain Belt S,waist,6,guide,6,6,,,N,,,,,,,,,,,,,,,,,,,,,,,,,
4,waist,125,Hunter's Tasset S,waist,6,guide,,6,,,N,,,,,,,,,,,,,,,,,,,,,,,,,
4,waist,126,Hunter's Coat S,waist,6,guide,,6,,,N,,,,,,,,,,,,,,,,,,,,,,,,,
4,waist,127,Bone Tasset S,waist,6,guide,6,6,,,N,,,,,,,,,,,,,,,,,,,,,,,,,
4,waist,128,Bone Coat S,waist,6,guide,6,6,,,N,,,,,,,,,,,,,,,,,,,,,,,,,
4,waist,129,Velociprey Tasset S,waist,6,guide,6,6,6,,N,,,,,,,,,,,,,,,,,,,,,,,,,
4,waist,130,Velociprey Coat S,waist,6,guide,6,6,6,,N,,,,,,,,,,,,,,,,,,,,,,,,,
4,waist,131,Battle Tasset S,waist,6,guide,6,6,,,N,,,,,,,,,,,,,,,,,,,,,,,,,
4,waist,132,Battle Coat S,waist,6,guide,6,6,,,N,,,,,,,,,,,,,,,,,,,,,,,,,
4,waist,133,Vespoid Tasset S,waist,6,guide,6,6,,,N,,,,,,,,,,,,,,,,,,,,,,,,,
4,waist,134,Vespoid Coat S,waist,6,guide,6,6,,,N,,,,,,,,,,,,,,,,,,,,,,,,,
4,waist,135,Hornet Tasset S,waist,6,guide,6,6,,,N,,,,,,,,,,,,,,,,,,,,,,,,,
4,waist,136,Hornet Coat S,waist,6,guide,6,6,,,N,,,,,,,,,,,,,,,,,,,,,,,,,
4,waist,137,Hi-Metal Tasset S,waist,6,guide,6,6,,,N,,,,,,,,,,,,,,,,,,,,,,,,,
4,waist,138,Hi-Metal Coat S,waist,6,guide,6,6,,,N,,,,,,,,,,,,,,,,,,,,,,,,,
4,waist,139,Genprey Tasset S,waist,6,guide,6,6,,,N,,,,,,,,,,,,,,,,,,,,,,,,,
4,waist,140,Genprey Coat S,waist,6,guide,6,6,,,N,,,,,,,,,,,,,,,,,,,,,,,,,
4,waist,141,Kut-Ku Tasset S,waist,6,guide,6,6,,,N,,,,,,,,,,,,,,,,,,,,,,,,,
4,waist,142,Kut-Ku Coat S,waist,6,guide,6,6,,,N,,,,,,,,,,,,,,,,,,,,,,,,,
4,waist,143,Ioprey Tasset S,waist,6,guide,6,6,,,N,,,,,,,,,,,,,,,,,,,,,,,,,
4,waist,144,Ioprey Coat S,waist,6,guide,6,6,,,N,,,,,,,,,,,,,,,,,,,,,,,,,
4,waist,145,Gypceros Tasset S,waist,6,guide,6,6,,,N,,,,,,,,,,,,,,,,,,,,,,,,,
4,waist,146,Gypceros Coat S,waist,6,guide,6,6,,,N,,,,,,,,,,,,,,,,,,,,,,,,,
4,waist,147,Cephalos Tasset S,waist,6,guide,6,6,,,N,,,,,,,,,,,,,,,,,,,,,,,,,
4,waist,148,Cephalos Coat S,waist,6,guide,6,6,,,N,,,,,,,,,,,,,,,,,,,,,,,,,
4,waist,149,Steel Belt S,waist,6,vallode,6,,,,N,,,,,,,,,,,,,,,,,,,,,,,,,
4,waist,150,Rathian Tasset S,waist,6,vallode,6,,,,N,,,,,,,,,,,,,,,,,,,,,,,,,
4,waist,151,Rathian Coat S,waist,6,vallode,6,,,,N,,,,,,,,,,,,,,,,,,,,,,,,,
4,waist,152,Khezu Tasset S,waist,6,guide,6,6,,,N,,,,,,,,,,,,,,,,,,,,,,,,,
4,waist,153,Khezu Coat S,waist,6,guide,6,6,,,N,,,,,,,,,,,,,,,,,,,,,,,,,
4,waist,154,Rathalos Tasset S,waist,6,vallode,6,,,,N,,,,,,,,,,,,,,,,,,,,,,,,,
4,waist,155,Rathalos Coat S,waist,6,vallode,6,,,,N,,,,,,,,,,,,,,,,,,,,,,,,,
4,waist,156,Basarios Tasset S,waist,6,vallode,6,,,,N,,,,,,,,,,,,,,,,,,,,,,,,,
4,waist,157,Basarios Coat S,waist,6,vallode,6,,,,N,,,,,,,,,,,,,,,,,,,,,,,,,
4,waist,158,Diablo Coil S,waist,6,vallode,6,,,,N,,,,,,,,,,,,,,,,,,,,,,,,,
4,waist,159,Diablo Coat S,waist,6,vallode,6,,,,N,,,,,,,,,,,,,,,,,,,,,,,,,
4,waist,160,Monoblos Coil S,waist,6,vallode,6,,,,N,,,,,,,,,,,,,,,,,,,,,,,,,
4,waist,161,Monoblos Coat S,waist,6,vallode,6,,,,N,,,,,,,,,,,,,,,,,,,,,,,,,
4,waist,162,Gravios Tasset S,waist,6,vallode,6,,,,N,,,,,,,,,,,,,,,,,,,,,,,,,
4,waist,163,Gravios Coat S,waist,6,vallode,6,,,,N,,,,,,,,,,,,,,,,,,,,,,,,,
4,waist,164,Shinobi Belt(Heaven),waist,8,guide,8,8,,,N,,,,,,,,,,,,,,,,,,,,,,,,,
4,waist,165,Shinobi Belt (Earth),waist,8,guide,8,8,8,,N,,,,,,,,,,,,,,,,,,,,,,,,,
4,waist,166,Red Guild Guard Coil,waist,8,guide,8,8,,,N,,,,,,,,,,,,,,,,,,,,,,,,,
4,waist,167,Red Guild Guard Coat,waist,8,guide,8,8,8,,N,,,,,,,,,,,,,,,,,,,,,,,,,
4,waist,168,Red Guild Guard Coil,waist,8,guide,8,8,,,N,,,,,,,,,,,,,,,,,,,,,,,,,
4,waist,169,Red Guild Guard Coat,waist,8,guide,8,8,,,N,,,,,,,,,,,,,,,,,,,,,,,,,
4,waist,170,Auroros Tasset Haku,waist,8,guide,8,8,,,N,,,,,,,,,,,,,,,,,,,,,,,,,
4,waist,171,Genesis Tasset Haku,waist,8,guide,8,8,,,N,,,,,,,,,,,,,,,,,,,,,,,,,
4,waist,172,Borealis Tasset Haku,waist,8,guide,8,8,,,N,,,,,,,,,,,,,,,,,,,,,,,,,
4,waist,173,Glyph Tasset Haku,waist,8,guide,8,8,,,N,,,,,,,,,,,,,,,,,,,,,,,,,
4,waist,174,Dragon Spine S,waist,8,guide,8,8,,,N,,,,,,,,,,,,,,,,,,,,,,,,,
4,waist,175,Dragon Scales S,waist,8,guide,,8,,,N,,,,,,,,,,,,,,,,,,,,,,,,,
4,waist,176,Hermitaur Tasset,waist,3,vallode,3,,,,N,,,,,,,,,,,,,,,,,,,,,,,,,
4,waist,177,Hermitaur Coat,waist,3,vallode,3,,,,N,,,,,,,,,,,,,,,,,,,,,,,,,
4,waist,178,Hermitaur Tasset U,waist,7,guide,7,7,,,N,,,,,,,,,,,,,,,,,,,,,,,,,
4,waist,179,Hermitaur Coat U,waist,7,guide,7,7,,,N,,,,,,,,,,,,,,,,,,,,,,,,,
4,waist,180,Hermitaur Tasset S,waist,6,vallode,6,,,,N,,,,,,,,,,,,,,,,,,,,,,,,,
4,waist,181,Hermitaur Coat S,waist,6,vallode,6,,,,N,,,,,,,,,,,,,,,,,,,,,,,,,
4,waist,182,Conga Tasset,waist,3,vallode,3,,,,N,,,,,,,,,,,,,,,,,,,,,,,,,
4,waist,183,Conga Coat,waist,3,vallode,3,,,,N,,,,,,,,,,,,,,,,,,,,,,,,,
4,waist,184,Conga Tasset U,waist,7,guide,7,7,,,N,,,,,,,,,,,,,,,,,,,,,,,,,
4,waist,185,Conga Coat U,waist,7,guide,7,7,,,N,,,,,,,,,,,,,,,,,,,,,,,,,
4,waist,186,Conga Tasset S,waist,6,guide,6,6,,,N,,,,,,,,,,,,,,,,,,,,,,,,,
4,waist,187,Conga Coat S,waist,6,guide,6,6,,,N,,,,,,,,,,,,,,,,,,,,,,,,,
4,waist,188,Blango Tasset,waist,4,guide,4,4,,,N,,,,,,,,,,,,,,,,,,,,,,,,,
4,waist,189,Blango Coat,waist,4,guide,4,4,,,N,,,,,,,,,,,,,,,,,,,,,,,,,
4,waist,190,Blango Tasset U,waist,7,vallode,7,,,,N,,,,,,,,,,,,,,,,,,,,,,,,,
4,waist,191,Blango Coat U,waist,7,vallode,7,,,,N,,,,,,,,,,,,,,,,,,,,,,,,,
4,waist,192,Blango Tasset S,waist,6,vallode,6,,,,N,,,,,,,,,,,,,,,,,,,,,,,,,
4,waist,193,Blango Coat S,waist,6,vallode,6,,,,N,,,,,,,,,,,,,,,,,,,,,,,,,
4,waist,194,Ceanataur Tasset,waist,4,guide,4,4,4,,N,,,,,,,,,,,,,,,,,,,,,,,,,
4,waist,195,Ceanataur Coat,waist,4,guide,4,4,,,N,,,,,,,,,,,,,,,,,,,,,,,,,
4,waist,196,Ceanataur Tasset U,waist,7,vallode,7,,,,N,,,,,,,,,,,,,,,,,,,,,,,,,
4,waist,197,Ceanataur Coat U,waist,7,vallode,7,,,,N,,,,,,,,,,,,,,,,,,,,,,,,,
4,waist,198,Ceanataur Tasset S,waist,6,vallode,6,,6,,N,,,,,,,,,,,,,,,,,,,,,,,,,
4,waist,199,Ceanataur Coat S,waist,6,vallode,6,,,,N,,,,,,,,,,,,,,,,,,,,,,,,,
4,waist,200,Kirin Hoop,waist,5,vallode,5,,,,N,,,,,,,,,,,,,,,,,,,,,,,,,
4,waist,201,Kirin Shorts,waist,5,vallode,5,,,,N,,,,,,,,,,,,,,,,,,,,,,,,,
4,waist,202,Kirin Hoop S,waist,8,guide,8,8,,,N,,,,,,,,,,,,,,,,,,,,,,,,,
4,waist,203,Kirin Shorts S,waist,8,guide,8,8,,,N,,,,,,,,,,,,,,,,,,,,,,,,,
4,waist,204,Kushala Cocoon,waist,5,guide,5,5,,,N,,,,,,,,,,,,,,,,,,,,,,,,,
4,waist,205,Kushala Wind Wrap,waist,5,guide,5,5,,,N,,,,,,,,,,,,,,,,,,,,,,,,,
4,waist,206,Mizuha Sash,waist,5,guide,5,5,,,N,,,,,,,,,,,,,,,,,,,,,,,,,
4,waist,207,Extravagant Coat,waist,5,guide,5,5,,,N,,,,,,,,,,,,,,,,,,,,,,,,,
4,waist,208,Empress Tasset,waist,5,vallode,5,,,,N,,,,,,,,,,,,,,,,,,,,,,,,,
4,waist,209,Empress Coat,waist,5,vallode,5,,,,N,,,,,,,,,,,,,,,,,,,,,,,,,
4,waist,210,Indra Wrap,waist,5,vallode,5,,,,N,,,,,,,,,,,,,,,,,,,,,,,,,
4,waist,211,Steadfast Coat,waist,5,vallode,5,,,,N,,,,,,,,,,,,,,,,,,,,,,,,,
4,waist,212,Kaiser Tasset,waist,5,vallode,5,,,,N,,,,,,,,,,,,,,,,,,,,,,,,,
4,waist,213,Kaiser Coat,waist,5,vallode,5,,,,N,,,,,,,,,,,,,,,,,,,,,,,,,
4,waist,214,Guardian Spirit Coil,waist,5,vallode,5,,,,N,,,,,,,,,,,,,,,,,,,,,,,,,
4,waist,215,Carnage Wrap,waist,5,vallode,5,,,,N,,,,,,,,,,,,,,,,,,,,,,,,,
4,waist,216,Golden Obi,waist,8,guide,8,8,8,,N,,,,,,,,,,,,,,,,,,,,,,,,,
4,waist,217,Puppet Master Obi,waist,8,guide,8,8,,,N,,,,,,,,,,,,,,,,,,,,,,,,,
4,waist,218,White Fatalis Spine,waist,8,guide,8,8,,,N,,,,,,,,,,,,,,,,,,,,,,,,,
4,waist,219,White Fatalis Scale,waist,8,guide,8,8,,,N,,,,,,,,,,,,,,,,,,,,,,,,,
4,waist,220,Plesioth Tasset S,waist,6,vallode,6,,,,N,,,,,,,,,,,,,,,,,,,,,,,,,
4,waist,221,Plesioth Coat S,waist,6,vallode,6,,,,N,,,,,,,,,,,,,,,,,,,,,,,,,
4,waist,222,Black Belt Tasset S,waist,8,guide,8,8,,,N,,,,,,,,,,,,,,,,,,,,,,,,,
4,waist,223,Remobra Belt,waist,5,guide,5,5,5,,N,,,,,,,,,,,,,,,,,,,,,,,,,
4,waist,224,Guild Knight Coat,waist,5,guide,5,5,,,N,,,,,,,,,,,,,,,,,,,,,,,,,
4,waist,225,Guild Knight Kilt,waist,5,guide,5,5,,,N,,,,,,,,,,,,,,,,,,,,,,,,,
4,waist,226,Maiden's Skirt,waist,5,guide,5,5,,,N,,,,,,,,,,,,,,,,,,,,,,,,,
4,waist,227,Personal Frills,waist,5,guide,5,5,,,N,,,,,,,,,,,,,,,,,,,,,,,,,
4,waist,228,Blue GuildGuard Coil,waist,8,guide,8,8,,,N,,,,,,,,,,,,,,,,,,,,,,,,,
4,waist,229,Blue GuildGuard Coat,waist,8,guide,8,8,,,N,,,,,,,,,,,,,,,,,,,,,,,,,
4,waist,230,Blue GuildGuard Coil,waist,8,guide,8,8,,,N,,,,,,,,,,,,,,,,,,,,,,,,,
4,waist,231,Blue GuildGuard Coat,waist,8,guide,8,8,,,N,,,,,,,,,,,,,,,,,,,,,,,,,
4,waist,232,Lobster Coil,waist,3,vallode,3,,,,N,,,,,,,,,,,,,,,,,,,,,,,,,
4,waist,233,Lobster Coat,waist,3,vallode,3,,,,N,,,,,,,,,,,,,,,,,,,,,,,,,
4,waist,234,Red Lobster Tasset,waist,5,daigo,,,5,,N,,,,,,,,,,,,,,,,,,,,,,,,,dummy
4,waist,235,Red Lobster Coat,waist,5,inferred: BM/gunner pair id-1 (180/180 validated),,,,,N,,,,,,,,,,,,,,,,,,,,,,,,,dummy
4,waist,236,Mafumofu Coat,waist,1,vallode,1,,4,,N,,,,,,,,,,,,,,,,,,,,,,,,,
4,waist,237,Mafumofu Coat S,waist,6,guide,6,6,,,N,,,,,,,,,,,,,,,,,,,,,,,,,
4,waist,238,Giaprey Tasset,waist,2,vallode,2,,4,,N,,,,,,,,,,,,,,,,,,,,,,,,,
4,waist,239,Giaprey Coat,waist,2,vallode,2,,4,,N,,,,,,,,,,,,,,,,,,,,,,,,,
4,waist,240,Melahoa Trunk,waist,5,guide,5,5,,,N,,,,,,,,,,,,,,,,,,,,,,,,,
4,waist,241,Melahoa Skirt U,waist,8,guide,8,8,,,N,,,,,,,,,,,,,,,,,,,,,,,,,
4,waist,242,Melahoa Trunk U,waist,8,guide,8,8,,,N,,,,,,,,,,,,,,,,,,,,,,,,,
4,waist,243,Makluva Coat,waist,5,guide,5,5,,,N,,,,,,,,,,,,,,,,,,,,,,,,,
4,waist,244,Makluva Fin,waist,5,guide,5,5,,,N,,,,,,,,,,,,,,,,,,,,,,,,,
4,waist,245,Makluva Coat U,waist,8,guide,8,8,,,N,,,,,,,,,,,,,,,,,,,,,,,,,
4,waist,246,Makluva Fin U,waist,8,guide,8,8,,,N,,,,,,,,,,,,,,,,,,,,,,,,,
4,waist,247,Bistro Apron U,waist,8,guide,8,8,8,,N,,,,,,,,,,,,,,,,,,,,,,,,,
4,waist,248,Kut-Ku Tasset D,waist,3,vallode,3,,,,N,,,,,,,,,,,,,,,,,,,,,,,,,
4,waist,249,Kut-Ku Coat D,waist,3,vallode,3,,4,,N,,,,,,,,,,,,,,,,,,,,,,,,,
4,waist,250,Gypceros Tasset D,waist,3,vallode,3,,,,N,,,,,,,,,,,,,,,,,,,,,,,,,
4,waist,251,Gypceros Coat D,waist,3,vallode,3,,,,N,,,,,,,,,,,,,,,,,,,,,,,,,
4,waist,252,Khezu Tasset D,waist,3,vallode,3,,,,N,,,,,,,,,,,,,,,,,,,,,,,,,
4,waist,253,Khezu Coat D,waist,3,vallode,3,,,,N,,,,,,,,,,,,,,,,,,,,,,,,,
4,waist,254,Obituary Anca,waist,5,guide,,5,,,N,,,,,,,,,,,,,,,,,,,,,,,,,
4,waist,255,Obituary Cocusa,waist,5,guide,5,5,,,N,,,,,,,,,,,,,,,,,,,,,,,,,
4,waist,256,Butterfly Anca,waist,5,guide,,5,,,N,,,,,,,,,,,,,,,,,,,,,,,,,
4,waist,257,Butterfly Cocusa,waist,5,guide,5,5,,,N,,,,,,,,,,,,,,,,,,,,,,,,,
4,waist,258,Obituary Anca S,waist,8,guide,,8,,,N,,,,,,,,,,,,,,,,,,,,,,,,,
4,waist,259,Obituary Cocusa S,waist,8,guide,8,8,,,N,,,,,,,,,,,,,,,,,,,,,,,,,
4,waist,260,Butterfly Anca S,waist,8,guide,,8,,,N,,,,,,,,,,,,,,,,,,,,,,,,,
4,waist,261,Butterfly Cocusa S,waist,8,guide,8,8,,,N,,,,,,,,,,,,,,,,,,,,,,,,,
4,waist,262,Kushala Cocoon S,waist,8,guide,8,8,,,N,,,,,,,,,,,,,,,,,,,,,,,,,
4,waist,263,Kushala Wind Wrap S,waist,8,guide,8,8,,,N,,,,,,,,,,,,,,,,,,,,,,,,,
4,waist,264,Tigrex Tasset,waist,4,guide,4,4,,,N,,,,,,,,,,,,,,,,,,,,,,,,,
4,waist,265,Tigrex Coat,waist,4,guide,4,4,,,N,,,,,,,,,,,,,,,,,,,,,,,,,
4,waist,266,Tigrex Tasset S,waist,6,vallode,6,,,,N,,,,,,,,,,,,,,,,,,,,,,,,,
4,waist,267,Tigrex Coat S,waist,6,vallode,6,,,,N,,,,,,,,,,,,,,,,,,,,,,,,,
4,waist,268,Death Stench Bowels,waist,5,guide,5,5,,,N,,,,,,,,,,,,,,,,,,,,,,,,,
4,waist,269,Death Stench Belly,waist,5,guide,5,5,,,N,,,,,,,,,,,,,,,,,,,,,,,,,
4,waist,270,DeathStench Bowels S,waist,8,guide,8,8,,,N,,,,,,,,,,,,,,,,,,,,,,,,,
4,waist,271,Death Stench Belly S,waist,8,guide,8,8,,,N,,,,,,,,,,,,,,,,,,,,,,,,,
4,waist,272,Diablo Coil D,waist,4,guide,4,4,,,N,,,,,,,,,,,,,,,,,,,,,,,,,
4,waist,273,Diablo Coat D,waist,4,guide,4,4,,,N,,,,,,,,,,,,,,,,,,,,,,,,,
4,waist,274,Gravios Tasset D,waist,4,guide,4,4,,,N,,,,,,,,,,,,,,,,,,,,,,,,,
4,waist,275,Gravios Coat D,waist,4,guide,4,4,,,N,,,,,,,,,,,,,,,,,,,,,,,,,
4,waist,276,Supreme Mizuha Sash,waist,8,guide,8,8,,,N,,,,,,,,,,,,,,,,,,,,,,,,,
4,waist,277,SuprmExtravagantCoat,waist,8,guide,8,8,,,N,,,,,,,,,,,,,,,,,,,,,,,,,
4,waist,278,Kaiser Tasset S,waist,8,guide,8,8,,,N,,,,,,,,,,,,,,,,,,,,,,,,,
4,waist,279,Kaiser Coat S,waist,8,guide,8,8,,,N,,,,,,,,,,,,,,,,,,,,,,,,,
4,waist,280,Rathian Heart Coil U,waist,8,guide,8,8,,,N,,,,,,,,,,,,,,,,,,,,,,,,,
4,waist,281,Rathian Heart Coat U,waist,8,guide,8,8,,,N,,,,,,,,,,,,,,,,,,,,,,,,,
4,waist,282,Rathalos Soul Coil U,waist,8,guide,8,8,8,,N,,,,,,,,,,,,,,,,,,,,,,,,,
4,waist,283,Rathalos Soul Coat U,waist,8,guide,8,8,8,,N,,,,,,,,,,,,,,,,,,,,,,,,,
4,waist,284,Ultimate Indra Wrap,waist,8,guide,8,8,,,N,,,,,,,,,,,,,,,,,,,,,,,,,
4,waist,285,SupremeSteadfastCoat,waist,8,guide,8,8,,,N,,,,,,,,,,,,,,,,,,,,,,,,,
4,waist,286,DarkAkantor Cincture,waist,8,guide,8,8,8,,N,,,,,,,,,,,,,,,,,,,,,,,,,
4,waist,287,Dark Akantor Sash,waist,8,guide,8,8,,,N,,,,,,,,,,,,,,,,,,,,,,,,,
4,waist,288,Devil Blos Coil,waist,8,daigo,,,8,,N,,,,,,,,,,,,,,,,,,,,,,,,,dummy
4,waist,289,Devil Blos Coat,waist,8,inferred: BM/gunner pair id-1 (180/180 validated),,,,,N,,,,,,,,,,,,,,,,,,,,,,,,,dummy
4,waist,290,Jolly Roger Coil,waist,8,daigo,,,8,,N,,,,,,,,,,,,,,,,,,,,,,,,,dummy
4,waist,291,Jolly Roger Skirt,waist,8,inferred: BM/gunner pair id-1 (180/180 validated),,,,,N,,,,,,,,,,,,,,,,,,,,,,,,,dummy
4,waist,292,Hypno Tasset X,waist,9,guide,,9,,,Y,,,,,,,,,,,,,,,,,,,,,,,,,
4,waist,293,Hypno Coat X,waist,9,guide,,9,,,Y,,,,,,,,,,,,,,,,,,,,,,,,,
4,waist,294,Lava Tasset X,waist,9,guide,,9,,,Y,,,,,,,,,,,,,,,,,,,,,,,,,
4,waist,295,Lava Coat X,waist,9,guide,,9,,,Y,,,,,,,,,,,,,,,,,,,,,,,,,
4,waist,296,Garuga Tasset X,waist,9,guide,9,9,,,Y,,,,,,,,,,,,,,,,,,,,,,,,,
4,waist,297,Garuga Coat X,waist,9,guide,9,9,,,Y,,,,,,,,,,,,,,,,,,,,,,,,,
4,waist,298,Kut-Ku Tasset Z,waist,9,guide,9,9,,,Y,,,,,,,,,,,,,,,,,,,,,,,,,
4,waist,299,Kut-Ku Coat Z,waist,9,guide,9,9,,,Y,,,,,,,,,,,,,,,,,,,,,,,,,
4,waist,300,Gypceros Tasset Z,waist,9,guide,9,9,,,Y,,,,,,,,,,,,,,,,,,,,,,,,,
4,waist,301,Gypceros Coat Z,waist,9,guide,9,9,,,Y,,,,,,,,,,,,,,,,,,,,,,,,,
4,waist,302,Khezu Tasset Z,waist,9,guide,9,9,9,,Y,,,,,,,,,,,,,,,,,,,,,,,,,
4,waist,303,Khezu Coat Z,waist,9,guide,9,9,9,,Y,,,,,,,,,,,,,,,,,,,,,,,,,
4,waist,304,Basarios Tasset X,waist,9,guide,9,9,,,Y,,,,,,,,,,,,,,,,,,,,,,,,,
4,waist,305,Basarios Coat X,waist,9,guide,9,9,,,Y,,,,,,,,,,,,,,,,,,,,,,,,,
4,waist,306,Plesioth Tasset Z,waist,9,guide,9,9,,,Y,,,,,,,,,,,,,,,,,,,,,,,,,
4,waist,307,Plesioth Coat Z,waist,9,guide,9,9,,,Y,,,,,,,,,,,,,,,,,,,,,,,,,
4,waist,308,Hermitaur Tasset Z,waist,9,guide,9,9,,,Y,,,,,,,,,,,,,,,,,,,,,,,,,
4,waist,309,Hermitaur Coat Z,waist,9,guide,9,9,,,Y,,,,,,,,,,,,,,,,,,,,,,,,,
4,waist,310,Conga Tasset Z,waist,9,guide,9,9,,,Y,,,,,,,,,,,,,,,,,,,,,,,,,
4,waist,311,Conga Coat Z,waist,9,guide,9,9,,,Y,,,,,,,,,,,,,,,,,,,,,,,,,
4,waist,312,Rathian Heart Coil Z,waist,10,guide,10,10,,,Y,,,,,,,,,,,,,,,,,,,,,,,,,
4,waist,313,Rathian Heart Coat Z,waist,10,guide,10,10,,,Y,,,,,,,,,,,,,,,,,,,,,,,,,
4,waist,314,Rathalos Soul Coil Z,waist,10,guide,10,10,,,Y,,,,,,,,,,,,,,,,,,,,,,,,,
4,waist,315,Rathalos Soul Coat Z,waist,10,guide,10,10,,,Y,,,,,,,,,,,,,,,,,,,,,,,,,
4,waist,316,Ceanataur Tasset Z,waist,9,guide,9,9,9,,Y,,,,,,,,,,,,,,,,,,,,,,,,,
4,waist,317,Ceanataur Coat Z,waist,9,guide,9,9,,,Y,,,,,,,,,,,,,,,,,,,,,,,,,
4,waist,318,Blango Tasset Z,waist,9,guide,9,9,,,Y,,,,,,,,,,,,,,,,,,,,,,,,,
4,waist,319,Blango Coat Z,waist,9,guide,9,9,,,Y,,,,,,,,,,,,,,,,,,,,,,,,,
4,waist,320,Auroros Tasset Goku,waist,10,guide,,10,,,Y,,,,,,,,,,,,,,,,,,,,,,,,,
4,waist,321,Genesis Tasset Goku,waist,10,guide,,10,,,Y,,,,,,,,,,,,,,,,,,,,,,,,,
4,waist,322,Borealis Tasset Goku,waist,10,guide,,10,,,Y,,,,,,,,,,,,,,,,,,,,,,,,,
4,waist,323,Glyph Tasset Goku,waist,10,guide,,10,,,Y,,,,,,,,,,,,,,,,,,,,,,,,,
4,waist,324,Golden Moon Coil Z,waist,10,guide,,10,,,Y,,,,,,,,,,,,,,,,,,,,,,,,,
4,waist,325,Golden Moon Coat Z,waist,10,guide,10,10,,,Y,,,,,,,,,,,,,,,,,,,,,,,,,
4,waist,326,Silver Sol Coil Z,waist,10,guide,,10,10,,Y,,,,,,,,,,,,,,,,,,,,,,,,,
4,waist,327,Silver Sol Coat Z,waist,10,guide,10,10,10,,Y,,,,,,,,,,,,,,,,,,,,,,,,,
4,waist,328,Diablo Coil Z,waist,9,guide,9,9,9,,Y,,,,,,,,,,,,,,,,,,,,,,,,,
4,waist,329,Diablo Coat Z,waist,9,guide,9,9,,,Y,,,,,,,,,,,,,,,,,,,,,,,,,
4,waist,330,Gravios Tasset Z,waist,9,guide,9,9,,,Y,,,,,,,,,,,,,,,,,,,,,,,,,
4,waist,331,Gravios Coat Z,waist,9,guide,9,9,,,Y,,,,,,,,,,,,,,,,,,,,,,,,,
4,waist,332,Tigrex Tasset X,waist,9,guide,9,9,,,Y,,,,,,,,,,,,,,,,,,,,,,,,,
4,waist,333,Tigrex Coat X,waist,9,guide,9,9,,,Y,,,,,,,,,,,,,,,,,,,,,,,,,
4,waist,334,Indra Wrap Shin,waist,10,guide,,10,,,Y,,,,,,,,,,,,,,,,,,,,,,,,,
4,waist,335,Steadfast Coat Shin,waist,10,guide,,10,10,,Y,,,,,,,,,,,,,,,,,,,,,,,,,
4,waist,336,Golden Obi Shin,waist,10,guide,,10,10,,Y,,,,,,,,,,,,,,,,,,,,,,,,,
4,waist,337,PuppetMasterObiShin,waist,10,guide,,10,10,,Y,,,,,,,,,,,,,,,,,,,,,,,,,
4,waist,338,Kirin Hoop X,waist,10,guide,10,10,,,Y,,,,,,,,,,,,,,,,,,,,,,,,,
4,waist,339,Kirin Shorts X,waist,10,guide,10,10,10,,Y,,,,,,,,,,,,,,,,,,,,,,,,,
4,waist,340,Kushala Cocoon X,waist,10,guide,10,10,,,Y,,,,,,,,,,,,,,,,,,,,,,,,,
4,waist,341,Kushala Wind Wrap X,waist,10,guide,10,10,,,Y,,,,,,,,,,,,,,,,,,,,,,,,,
4,waist,342,Mizuha Sash Shin,waist,10,guide,,10,,,Y,,,,,,,,,,,,,,,,,,,,,,,,,
4,waist,343,ExtravagantCoatShin,waist,10,guide,,10,,,Y,,,,,,,,,,,,,,,,,,,,,,,,,
4,waist,344,Kaiser Tasset X,waist,10,guide,10,10,,,Y,,,,,,,,,,,,,,,,,,,,,,,,,
4,waist,345,Kaiser Coat X,waist,10,guide,10,10,10,,Y,,,,,,,,,,,,,,,,,,,,,,,,,
4,waist,346,GuardianSprtCoilShin,waist,10,guide,,10,10,,Y,,,,,,,,,,,,,,,,,,,,,,,,,
4,waist,347,Carnage Wrap Shin,waist,10,guide,,10,,,Y,,,,,,,,,,,,,,,,,,,,,,,,,
4,waist,348,Fatalis Spine Z,waist,10,guide,10,10,10,,Y,,,,,,,,,,,,,,,,,,,,,,,,,
4,waist,349,Fatalis Scale Z,waist,10,vallode,10,,,,Y,,,,,,,,,,,,,,,,,,,,,,,,,
4,waist,350,WhiteFatalisSpineZ,waist,10,guide,,10,,,Y,,,,,,,,,,,,,,,,,,,,,,,,,
4,waist,351,WhiteFatalisScaleZ,waist,10,guide,,10,,,Y,,,,,,,,,,,,,,,,,,,,,,,,,
4,waist,352,Black Belt Tasset X,waist,10,guide,10,10,10,,Y,,,,,,,,,,,,,,,,,,,,,,,,,
4,waist,353,Black Belt Coat X,waist,10,guide,10,10,,,Y,,,,,,,,,,,,,,,,,,,,,,,,,
4,waist,354,Melahoa Skirt Z,waist,10,guide,10,10,,,Y,,,,,,,,,,,,,,,,,,,,,,,,,
4,waist,355,Melahoa Trunk Z,waist,10,guide,10,10,,,Y,,,,,,,,,,,,,,,,,,,,,,,,,
4,waist,356,Makluva Coil Z,waist,10,guide,,10,,,Y,,,,,,,,,,,,,,,,,,,,,,,,,
4,waist,357,Makluva Fin Z,waist,10,guide,10,10,,,Y,,,,,,,,,,,,,,,,,,,,,,,,,
4,waist,358,Chakra Tasset,waist,10,guide,,10,10,,Y,,,,,,,,,,,,,,,,,,,,,,,,,
4,waist,359,Hypno Tasset S,waist,,,,,,,,,,,,,,,,,,,,,,,,,,,,,,,,
4,waist,360,Hypno Coat S,waist,,,,,,,,,,,,,,,,,,,,,,,,,,,,,,,,
4,waist,361,Garuga Tasset S,waist,6,vallode,6,,,,N,,,,,,,,,,,,,,,,,,,,,,,,,
4,waist,362,Garuga Coat S,waist,6,vallode,6,,,,N,,,,,,,,,,,,,,,,,,,,,,,,,
4,waist,363,Narga Tasset S,waist,,,,,,,,,,,,,,,,,,,,,,,,,,,,,,,,
4,waist,364,Narga Coat S,waist,6,daigo,,,6,,N,,,,,,,,,,,,,,,,,,,,,,,,,
4,waist,365,Monodevil Coil U,waist,8,guide,8,8,,,N,,,,,,,,,,,,,,,,,,,,,,,,,
4,waist,366,Monodevil Coat U,waist,8,guide,8,8,,,N,,,,,,,,,,,,,,,,,,,,,,,,,
4,waist,367,Kut-Ku Tasset X,waist,9,guide,9,9,,,Y,,,,,,,,,,,,,,,,,,,,,,,,,
4,waist,368,Kut-Ku Coat X,waist,9,guide,9,9,,,Y,,,,,,,,,,,,,,,,,,,,,,,,,
4,waist,369,Conga Tasset X,waist,9,guide,9,9,,,Y,,,,,,,,,,,,,,,,,,,,,,,,,
4,waist,370,Conga Coat X,waist,9,guide,9,9,,,Y,,,,,,,,,,,,,,,,,,,,,,,,,
4,waist,371,Gypceros Tasset X,waist,9,guide,9,9,,,Y,,,,,,,,,,,,,,,,,,,,,,,,,
4,waist,372,Gypceros Coat X,waist,9,guide,9,9,,,Y,,,,,,,,,,,,,,,,,,,,,,,,,
4,waist,373,Khezu Tasset X,waist,9,guide,9,9,,,Y,,,,,,,,,,,,,,,,,,,,,,,,,
4,waist,374,Khezu Coat X,waist,9,guide,9,9,,,Y,,,,,,,,,,,,,,,,,,,,,,,,,
4,waist,375,Hermitaur Tasset X,waist,9,guide,9,9,,,Y,,,,,,,,,,,,,,,,,,,,,,,,,
4,waist,376,Hermitaur Coat X,waist,9,guide,9,9,,,Y,,,,,,,,,,,,,,,,,,,,,,,,,
4,waist,377,Plesioth Tasset X,waist,9,guide,9,9,9,,Y,,,,,,,,,,,,,,,,,,,,,,,,,
4,waist,378,Plesioth Coat X,waist,9,guide,9,9,,,Y,,,,,,,,,,,,,,,,,,,,,,,,,
4,waist,379,Obituary Anca X,waist,10,guide,,10,,,Y,,,,,,,,,,,,,,,,,,,,,,,,,
4,waist,380,Obituary Cocusa X,waist,10,guide,10,10,,,Y,,,,,,,,,,,,,,,,,,,,,,,,,
4,waist,381,Butterfly Anca X,waist,10,guide,,10,,,Y,,,,,,,,,,,,,,,,,,,,,,,,,
4,waist,382,Butterfly Cocusa X,waist,10,guide,10,10,,,Y,,,,,,,,,,,,,,,,,,,,,,,,,
4,waist,383,Blango Tasset X,waist,9,guide,9,9,,,Y,,,,,,,,,,,,,,,,,,,,,,,,,
4,waist,384,Blango Coat X,waist,9,guide,9,9,9,,Y,,,,,,,,,,,,,,,,,,,,,,,,,
4,waist,385,Monoblos Coil X,waist,9,guide,9,9,,,Y,,,,,,,,,,,,,,,,,,,,,,,,,
4,waist,386,Monoblos Coat X,waist,9,guide,9,9,,,Y,,,,,,,,,,,,,,,,,,,,,,,,,
4,waist,387,Ceanataur Tasset X,waist,9,guide,9,9,,,Y,,,,,,,,,,,,,,,,,,,,,,,,,
4,waist,388,Ceanataur Coat X,waist,9,guide,9,9,,,Y,,,,,,,,,,,,,,,,,,,,,,,,,
4,waist,389,Rathian Tasset X,waist,9,guide,9,9,,,Y,,,,,,,,,,,,,,,,,,,,,,,,,
4,waist,390,Rathian Coat X,waist,9,guide,9,9,,,Y,,,,,,,,,,,,,,,,,,,,,,,,,
4,waist,391,Rathalos Tasset X,waist,9,vallode,9,,9,,Y,,,,,,,,,,,,,,,,,,,,,,,,,
4,waist,392,Rathalos Coat X,waist,9,vallode,9,,9,,Y,,,,,,,,,,,,,,,,,,,,,,,,,
4,waist,393,Narga Tasset X,waist,9,guide,,9,9,,Y,,,,,,,,,,,,,,,,,,,,,,,,,
4,waist,394,Narga Coat X,waist,9,guide,,9,,,Y,,,,,,,,,,,,,,,,,,,,,,,,,
4,waist,395,Diablo Coil X,waist,9,vallode,9,,,,Y,,,,,,,,,,,,,,,,,,,,,,,,,
4,waist,396,Diablo Coat X,waist,9,vallode,9,,,,Y,,,,,,,,,,,,,,,,,,,,,,,,,
4,waist,397,Gravios Tasset X,waist,9,vallode,9,,,,Y,,,,,,,,,,,,,,,,,,,,,,,,,
4,waist,398,Gravios Coat X,waist,9,vallode,9,,,,Y,,,,,,,,,,,,,,,,,,,,,,,,,
4,waist,399,Empress Coil X,waist,10,guide,,10,,,Y,,,,,,,,,,,,,,,,,,,,,,,,,
4,waist,400,Empress Coat X,waist,10,guide,10,10,,,Y,,,,,,,,,,,,,,,,,,,,,,,,,
4,waist,401,Dragon Spine X,waist,10,guide,10,10,,,Y,,,,,,,,,,,,,,,,,,,,,,,,,
4,waist,402,Dragon Scales X,waist,10,guide,,10,,,Y,,,,,,,,,,,,,,,,,,,,,,,,,
4,waist,403,DarkUkanlosCincture,waist,10,guide,,10,,,Y,,,,,,,,,,,,,,,,,,,,,,,,,
4,waist,404,Dark Ukanlos Sash,waist,10,guide,,10,,,Y,,,,,,,,,,,,,,,,,,,,,,,,,
4,waist,405,Hypno Tasset,waist,5,guide,,5,,,N,,,,,,,,,,,,,,,,,,,,,,,,,
4,waist,406,Hypno Coat,waist,5,guide,,5,,,N,,,,,,,,,,,,,,,,,,,,,,,,,
4,waist,407,Lava Tasset,waist,5,guide,,5,,,N,,,,,,,,,,,,,,,,,,,,,,,,,
4,waist,408,Lava Coat,waist,5,guide,,5,,,N,,,,,,,,,,,,,,,,,,,,,,,,,
0,legs,0,Nothing equipped.,legs,,,,,,,,,,,,,,,,,,,,,,,,,,,,,,,,
0,legs,1,Green Pants,leggings,1,vallode,1,,,,N,,,,,,,,,,,,,,,,,,,,,,,,,
0,legs,2,Blue Pants,leggings,1,vallode,1,,,,N,,,,,,,,,,,,,,,,,,,,,,,,,
0,legs,3,Hunter's Greaves,legs,,,,,,,,,,,,,,,,,,,,,,,,,,,,,,,,
0,legs,4,Hunter's Leggings,legs,4,daigo,,,4,,N,,,,,,,,,,,,,,,,,,,,,,,,,
0,legs,5,Bone Greaves,leggings,2,vallode,2,,,,N,,,,,,,,,,,,,,,,,,,,,,,,,
0,legs,6,Bone Leggings,leggings,2,vallode,2,,,,N,,,,,,,,,,,,,,,,,,,,,,,,,
0,legs,7,Velociprey Greaves,leggings,2,vallode,2,,,,N,,,,,,,,,,,,,,,,,,,,,,,,,
0,legs,8,Velociprey Leggings,leggings,2,vallode,2,,,,N,,,,,,,,,,,,,,,,,,,,,,,,,
0,legs,9,Battle Greaves,leggings,2,vallode,2,,,,N,,,,,,,,,,,,,,,,,,,,,,,,,
0,legs,10,Battle Leggings,leggings,2,vallode,2,,4,,N,,,,,,,,,,,,,,,,,,,,,,,,,
0,legs,11,Silver Metal Boots,leggings,2,vallode,2,,,,N,,,,,,,,,,,,,,,,,,,,,,,,,
0,legs,12,Vespoid Greaves,leggings,3,vallode,3,,,,N,,,,,,,,,,,,,,,,,,,,,,,,,
0,legs,13,Vespoid Leggings,leggings,3,vallode,3,,,,N,,,,,,,,,,,,,,,,,,,,,,,,,
0,legs,14,Hornet Greaves,leggings,3,vallode,3,,,,N,,,,,,,,,,,,,,,,,,,,,,,,,
0,legs,15,Hornet Leggings,leggings,3,vallode,3,,,,N,,,,,,,,,,,,,,,,,,,,,,,,,
0,legs,16,Hi-Metal Greaves,leggings,3,vallode,3,,,,N,,,,,,,,,,,,,,,,,,,,,,,,,
0,legs,17,Hi-Metal Leggings,leggings,3,vallode,3,,,,N,,,,,,,,,,,,,,,,,,,,,,,,,
0,legs,18,Dark Metal Boots,leggings,2,vallode,2,,,,N,,,,,,,,,,,,,,,,,,,,,,,,,
0,legs,19,Genprey Greaves,leggings,3,vallode,3,,4,,N,,,,,,,,,,,,,,,,,,,,,,,,,
0,legs,20,Genprey Leggings,leggings,3,vallode,3,,,,N,,,,,,,,,,,,,,,,,,,,,,,,,
0,legs,21,Pink Metal Boots,legs,,,,,,,,,,,,,,,,,,,,,,,,,,,,,,,,
0,legs,22,Chrome Metal Boots,leggings,3,vallode,3,,4,,N,,,,,,,,,,,,,,,,,,,,,,,,,
0,legs,23,Ioprey Greaves,leggings,3,vallode,3,,,,N,,,,,,,,,,,,,,,,,,,,,,,,,
0,legs,24,Ioprey Leggings,leggings,3,vallode,3,,,,N,,,,,,,,,,,,,,,,,,,,,,,,,
0,legs,25,Gypceros Greaves,leggings,3,vallode,3,,,,N,,,,,,,,,,,,,,,,,,,,,,,,,
0,legs,26,Gypceros Leggings,leggings,3,vallode,3,,,,N,,,,,,,,,,,,,,,,,,,,,,,,,
0,legs,27,Cephalos Greaves,leggings,3,vallode,3,,,,N,,,,,,,,,,,,,,,,,,,,,,,,,
0,legs,28,Cephalos Leggings,leggings,3,vallode,3,,,,N,,,,,,,,,,,,,,,,,,,,,,,,,
0,legs,29,Rathian Greaves,leggings,4,guide,4,4,,,N,,,,,,,,,,,,,,,,,,,,,,,,,
0,legs,30,Rathian Leggings,leggings,4,guide,4,4,,,N,,,,,,,,,,,,,,,,,,,,,,,,,
0,legs,31,Khezu Greaves,leggings,3,vallode,3,,,,N,,,,,,,,,,,,,,,,,,,,,,,,,
0,legs,32,Khezu Leggings,leggings,3,vallode,3,,,,N,,,,,,,,,,,,,,,,,,,,,,,,,
0,legs,33,Rathalos Greaves,leggings,4,guide,4,4,4,,N,,,,,,,,,,,,,,,,,,,,,,,,,
0,legs,34,Rathalos Leggings,leggings,4,guide,4,4,,,N,,,,,,,,,,,,,,,,,,,,,,,,,
0,legs,35,Plesioth Greaves,leggings,3,vallode,3,,,,N,,,,,,,,,,,,,,,,,,,,,,,,,
0,legs,36,Plesioth Leggings,leggings,3,vallode,3,,,,N,,,,,,,,,,,,,,,,,,,,,,,,,
0,legs,37,Basarios Greaves,leggings,4,guide,4,4,,,N,,,,,,,,,,,,,,,,,,,,,,,,,
0,legs,38,Basarios Leggings,leggings,4,guide,4,4,,,N,,,,,,,,,,,,,,,,,,,,,,,,,
0,legs,39,Diablo Greaves,leggings,4,guide,4,4,,,N,,,,,,,,,,,,,,,,,,,,,,,,,
0,legs,40,Diablo Leggings,leggings,4,guide,4,4,,,N,,,,,,,,,,,,,,,,,,,,,,,,,
0,legs,41,Monoblos Greaves,leggings,4,guide,4,4,,,N,,,,,,,,,,,,,,,,,,,,,,,,,
0,legs,42,Monoblos Leggings,leggings,4,guide,4,4,,,N,,,,,,,,,,,,,,,,,,,,,,,,,
0,legs,43,Gravios Greaves,leggings,4,guide,4,4,,,N,,,,,,,,,,,,,,,,,,,,,,,,,
0,legs,44,Gravios Leggings,leggings,4,guide,4,4,,,N,,,,,,,,,,,,,,,,,,,,,,,,,
0,legs,45,Black Belt Greaves,leggings,5,guide,5,5,5,,N,,,,,,,,,,,,,,,,,,,,,,,,,
0,legs,46,Mosswine Feet,leggings,5,guide,5,5,,,N,,,,,,,,,,,,,,,,,,,,,,,,,
0,legs,47,Velociprey Feet,leggings,5,guide,5,5,,,N,,,,,,,,,,,,,,,,,,,,,,,,,
0,legs,48,Genprey Feet,leggings,5,guide,5,5,,,N,,,,,,,,,,,,,,,,,,,,,,,,,
0,legs,49,Ioprey Feet,leggings,5,guide,5,5,,,N,,,,,,,,,,,,,,,,,,,,,,,,,
0,legs,50,Shinobi Boots (Sun),leggings,5,guide,5,5,,,N,,,,,,,,,,,,,,,,,,,,,,,,,
0,legs,51,Shinobi Boots (Moon),leggings,5,guide,5,5,,,N,,,,,,,,,,,,,,,,,,,,,,,,,
0,legs,52,Guardian Boots,leggings,5,guide,5,5,,,N,,,,,,,,,,,,,,,,,,,,,,,,,
0,legs,53,Guardian Pants,leggings,5,guide,5,5,,,N,,,,,,,,,,,,,,,,,,,,,,,,,
0,legs,54,Helper Socks,leggings,5,guide,5,5,,,N,,,,,,,,,,,,,,,,,,,,,,,,,
0,legs,55,Healer Socks,leggings,5,guide,5,5,,,N,,,,,,,,,,,,,,,,,,,,,,,,,
0,legs,56,Garuga Greaves,leggings,4,guide,4,4,,,N,,,,,,,,,,,,,,,,,,,,,,,,,
0,legs,57,Garuga Leggings,leggings,4,guide,4,4,,,N,,,,,,,,,,,,,,,,,,,,,,,,,
0,legs,58,Auroros Pants,leggings,5,vallode,5,,,,N,,,,,,,,,,,,,,,,,,,,,,,,,
0,legs,59,Genesis Pants,leggings,5,vallode,5,,,,N,,,,,,,,,,,,,,,,,,,,,,,,,
0,legs,60,Borealis Pants,leggings,5,vallode,5,,,,N,,,,,,,,,,,,,,,,,,,,,,,,,
0,legs,61,Glyph Pants,leggings,5,vallode,5,,,,N,,,,,,,,,,,,,,,,,,,,,,,,,
0,legs,62,Red Borealis Pants,leggings,5,vallode,5,,,,N,,,,,,,,,,,,,,,,,,,,,,,,,
0,legs,63,Red Glyph Pants,leggings,5,vallode,5,,,,N,,,,,,,,,,,,,,,,,,,,,,,,,
0,legs,64,Black Feet,leggings,5,guide,5,5,,,N,,,,,,,,,,,,,,,,,,,,,,,,,
0,legs,65,Black Legs,leggings,5,guide,5,5,,,N,,,,,,,,,,,,,,,,,,,,,,,,,
0,legs,66,Cream Pants,leggings,7,guide,7,7,7,,N,,,,,,,,,,,,,,,,,,,,,,,,,
0,legs,67,Coffee Pants,leggings,7,guide,7,7,7,,N,,,,,,,,,,,,,,,,,,,,,,,,,
0,legs,68,Hunter's Greaves U,legs,7,guide,,7,7,,N,,,,,,,,,,,,,,,,,,,,,,,,,
0,legs,69,Hunter's Leggings U,legs,7,guide,,7,,,N,,,,,,,,,,,,,,,,,,,,,,,,,
0,legs,70,Bone Greaves U,leggings,7,guide,7,7,,,N,,,,,,,,,,,,,,,,,,,,,,,,,
0,legs,71,Bone Leggings U,leggings,7,guide,7,7,,,N,,,,,,,,,,,,,,,,,,,,,,,,,
0,legs,72,Giaprey Greaves U,leggings,7,guide,7,7,,,N,,,,,,,,,,,,,,,,,,,,,,,,,
0,legs,73,Giaprey Leggings U,leggings,7,guide,7,7,,,N,,,,,,,,,,,,,,,,,,,,,,,,,
0,legs,74,Battle Greaves U,leggings,7,guide,7,7,,,N,,,,,,,,,,,,,,,,,,,,,,,,,
0,legs,75,Battle Leggings U,leggings,7,guide,7,7,7,,N,,,,,,,,,,,,,,,,,,,,,,,,,
0,legs,76,Vespoid Greaves U,leggings,7,guide,7,7,,,N,,,,,,,,,,,,,,,,,,,,,,,,,
0,legs,77,Vespoid Leggings U,leggings,7,guide,7,7,,,N,,,,,,,,,,,,,,,,,,,,,,,,,
0,legs,78,Hornet Greaves U,leggings,7,guide,7,7,,,N,,,,,,,,,,,,,,,,,,,,,,,,,
0,legs,79,Hornet Leggings U,leggings,7,guide,7,7,,,N,,,,,,,,,,,,,,,,,,,,,,,,,
0,legs,80,Hi-Metal Greaves U,leggings,7,guide,7,7,,,N,,,,,,,,,,,,,,,,,,,,,,,,,
0,legs,81,Hi-Metal Leggings U,leggings,7,guide,7,7,7,,N,,,,,,,,,,,,,,,,,,,,,,,,,
0,legs,82,Genprey Greaves U,leggings,7,guide,7,7,,,N,,,,,,,,,,,,,,,,,,,,,,,,,
0,legs,83,Genprey Leggings U,leggings,7,guide,7,7,,,N,,,,,,,,,,,,,,,,,,,,,,,,,
0,legs,84,Ioprey Greaves U,leggings,7,guide,7,7,,,N,,,,,,,,,,,,,,,,,,,,,,,,,
0,legs,85,Ioprey Leggings U,leggings,7,guide,7,7,,,N,,,,,,,,,,,,,,,,,,,,,,,,,
0,legs,86,Gypceros Greaves U,leggings,7,guide,7,7,,,N,,,,,,,,,,,,,,,,,,,,,,,,,
0,legs,87,Gypceros Leggings U,leggings,7,guide,7,7,,,N,,,,,,,,,,,,,,,,,,,,,,,,,
0,legs,88,Cephalos Greaves U,leggings,7,guide,7,7,,,N,,,,,,,,,,,,,,,,,,,,,,,,,
0,legs,89,Cephalos Leggings U,leggings,7,guide,7,7,,,N,,,,,,,,,,,,,,,,,,,,,,,,,
0,legs,90,Rathian HeartGreaves,leggings,5,vallode,5,,,,N,,,,,,,,,,,,,,,,,,,,,,,,,
0,legs,91,RathianHeartLeggings,leggings,5,vallode,5,,,,N,,,,,,,,,,,,,,,,,,,,,,,,,
0,legs,92,Khezu Greaves U,leggings,7,guide,7,7,,,N,,,,,,,,,,,,,,,,,,,,,,,,,
0,legs,93,Khezu Leggings U,leggings,7,guide,7,7,,,N,,,,,,,,,,,,,,,,,,,,,,,,,
0,legs,94,Rathalos SoulGreaves,leggings,5,vallode,5,,5,,N,,,,,,,,,,,,,,,,,,,,,,,,,
0,legs,95,RathalosSoulLeggings,leggings,5,vallode,5,,,,N,,,,,,,,,,,,,,,,,,,,,,,,,
0,legs,96,Plesioth Greaves U,leggings,7,vallode,7,,,,N,,,,,,,,,,,,,,,,,,,,,,,,,
0,legs,97,Plesioth Leggings U,leggings,7,vallode,7,,,,N,,,,,,,,,,,,,,,,,,,,,,,,,
0,legs,98,Basarios Greaves U,leggings,7,vallode,7,,,,N,,,,,,,,,,,,,,,,,,,,,,,,,
0,legs,99,Basarios Leggings U,leggings,7,vallode,7,,,,N,,,,,,,,,,,,,,,,,,,,,,,,,
0,legs,100,Diablo Greaves U,leggings,7,vallode,7,,,,N,,,,,,,,,,,,,,,,,,,,,,,,,
0,legs,101,Diablo Leggings U,leggings,7,vallode,7,,,,N,,,,,,,,,,,,,,,,,,,,,,,,,
0,legs,102,Monodevil Greaves,leggings,5,vallode,5,,,,N,,,,,,,,,,,,,,,,,,,,,,,,,
0,legs,103,Monodevil Leggings,leggings,5,vallode,5,,,,N,,,,,,,,,,,,,,,,,,,,,,,,,
0,legs,104,Gravios Greaves U,leggings,7,vallode,7,,,,N,,,,,,,,,,,,,,,,,,,,,,,,,
0,legs,105,Gravios Leggings U,leggings,7,vallode,7,,,,N,,,,,,,,,,,,,,,,,,,,,,,,,
0,legs,106,Shinobi Boots (Sky),leggings,8,guide,8,8,,,N,,,,,,,,,,,,,,,,,,,,,,,,,
0,legs,107,Shinobi Boots (Sea),leggings,8,guide,8,8,,,N,,,,,,,,,,,,,,,,,,,,,,,,,
0,legs,108,Guardian Boots U,leggings,8,guide,8,8,,,N,,,,,,,,,,,,,,,,,,,,,,,,,
0,legs,109,Guardian Pants U,leggings,8,guide,8,8,,,N,,,,,,,,,,,,,,,,,,,,,,,,,
0,legs,110,Helper Socks U,leggings,8,guide,8,8,,,N,,,,,,,,,,,,,,,,,,,,,,,,,
0,legs,111,Healer Socks U,leggings,8,guide,8,8,,,N,,,,,,,,,,,,,,,,,,,,,,,,,
0,legs,112,Auroros Pants Ten,leggings,8,guide,8,8,,,N,,,,,,,,,,,,,,,,,,,,,,,,,
0,legs,113,Genesis Pants Ten,leggings,8,guide,8,8,,,N,,,,,,,,,,,,,,,,,,,,,,,,,
0,legs,114,Borealis Pants Ten,leggings,8,guide,8,8,,,N,,,,,,,,,,,,,,,,,,,,,,,,,
0,legs,115,Glyph Pants Ten,leggings,8,guide,8,8,,,N,,,,,,,,,,,,,,,,,,,,,,,,,
0,legs,116,Fatalis Feet,leggings,8,guide,8,8,,,N,,,,,,,,,,,,,,,,,,,,,,,,,
0,legs,117,Fatalis Legs,leggings,8,guide,8,8,,,N,,,,,,,,,,,,,,,,,,,,,,,,,
0,legs,118,Golden Moon Greaves,leggings,8,guide,8,8,,,N,,,,,,,,,,,,,,,,,,,,,,,,,
0,legs,119,Golden Moon Leggings,leggings,8,guide,8,8,,,N,,,,,,,,,,,,,,,,,,,,,,,,,
0,legs,120,Silver Sol Greaves,leggings,8,guide,8,8,,,N,,,,,,,,,,,,,,,,,,,,,,,,,
0,legs,121,Silver Sol Leggings,leggings,8,guide,8,8,,,N,,,,,,,,,,,,,,,,,,,,,,,,,
0,legs,122,Green Pants S,leggings,6,guide,6,6,6,,N,,,,,,,,,,,,,,,,,,,,,,,,,
0,legs,123,Blue Pants S,leggings,6,guide,6,6,,,N,,,,,,,,,,,,,,,,,,,,,,,,,
0,legs,124,Hunter's Greaves S,legs,6,guide,,6,,,N,,,,,,,,,,,,,,,,,,,,,,,,,
0,legs,125,Hunter's Leggings S,legs,6,guide,,6,,,N,,,,,,,,,,,,,,,,,,,,,,,,,
0,legs,126,Bone Greaves S,leggings,6,guide,6,6,,,N,,,,,,,,,,,,,,,,,,,,,,,,,
0,legs,127,Bone Leggings S,leggings,6,guide,6,6,,,N,,,,,,,,,,,,,,,,,,,,,,,,,
0,legs,128,Velociprey Greaves S,leggings,6,guide,6,6,,,N,,,,,,,,,,,,,,,,,,,,,,,,,
0,legs,129,Velociprey LeggingsS,leggings,6,guide,6,6,,,N,,,,,,,,,,,,,,,,,,,,,,,,,
0,legs,130,Battle Greaves S,leggings,6,guide,6,6,,,N,,,,,,,,,,,,,,,,,,,,,,,,,
0,legs,131,Battle Leggings S,leggings,6,guide,6,6,,,N,,,,,,,,,,,,,,,,,,,,,,,,,
0,legs,132,Vespoid Greaves S,leggings,6,guide,6,6,,,N,,,,,,,,,,,,,,,,,,,,,,,,,
0,legs,133,Vespoid Leggings S,leggings,6,guide,6,6,,,N,,,,,,,,,,,,,,,,,,,,,,,,,
0,legs,134,Hornet Greaves S,leggings,6,guide,6,6,,,N,,,,,,,,,,,,,,,,,,,,,,,,,
0,legs,135,Hornet Leggings S,leggings,6,guide,6,6,,,N,,,,,,,,,,,,,,,,,,,,,,,,,
0,legs,136,Hi-Metal Greaves S,leggings,6,guide,6,6,,,N,,,,,,,,,,,,,,,,,,,,,,,,,
0,legs,137,Hi-Metal Leggings S,leggings,6,guide,6,6,,,N,,,,,,,,,,,,,,,,,,,,,,,,,
0,legs,138,Genprey Greaves S,leggings,6,guide,6,6,,,N,,,,,,,,,,,,,,,,,,,,,,,,,
0,legs,139,Genprey Leggings S,leggings,6,guide,6,6,,,N,,,,,,,,,,,,,,,,,,,,,,,,,
0,legs,140,Kut-Ku Greaves S,leggings,6,guide,6,6,,,N,,,,,,,,,,,,,,,,,,,,,,,,,
0,legs,141,Kut-Ku Leggings S,leggings,6,guide,6,6,,,N,,,,,,,,,,,,,,,,,,,,,,,,,
0,legs,142,Ioprey Greaves S,leggings,6,guide,6,6,6,,N,,,,,,,,,,,,,,,,,,,,,,,,,
0,legs,143,Ioprey Leggings S,leggings,6,guide,6,6,6,,N,,,,,,,,,,,,,,,,,,,,,,,,,
0,legs,144,Gypceros Greaves S,leggings,6,guide,6,6,,,N,,,,,,,,,,,,,,,,,,,,,,,,,
0,legs,145,Gypceros Leggings S,leggings,6,guide,6,6,,,N,,,,,,,,,,,,,,,,,,,,,,,,,
0,legs,146,Cephalos Greaves S,leggings,6,guide,6,6,,,N,,,,,,,,,,,,,,,,,,,,,,,,,
0,legs,147,Cephalos Leggings S,leggings,6,guide,6,6,,,N,,,,,,,,,,,,,,,,,,,,,,,,,
0,legs,148,Rathian Greaves S,leggings,6,vallode,6,,,,N,,,,,,,,,,,,,,,,,,,,,,,,,
0,legs,149,Rathian Leggings S,leggings,6,vallode,6,,,,N,,,,,,,,,,,,,,,,,,,,,,,,,
0,legs,150,Khezu Greaves S,leggings,6,guide,6,6,,,N,,,,,,,,,,,,,,,,,,,,,,,,,
0,legs,151,Khezu Leggings S,leggings,6,guide,6,6,,,N,,,,,,,,,,,,,,,,,,,,,,,,,
0,legs,152,Rathalos Greaves S,leggings,6,vallode,6,,,,N,,,,,,,,,,,,,,,,,,,,,,,,,
0,legs,153,Rathalos Leggings S,leggings,6,vallode,6,,,,N,,,,,,,,,,,,,,,,,,,,,,,,,
0,legs,154,Plesioth Greaves S,leggings,6,vallode,6,,,,N,,,,,,,,,,,,,,,,,,,,,,,,,
0,legs,155,Plesioth Leggings S,leggings,6,vallode,6,,,,N,,,,,,,,,,,,,,,,,,,,,,,,,
0,legs,156,Basarios Greaves S,leggings,6,vallode,6,,,,N,,,,,,,,,,,,,,,,,,,,,,,,,
0,legs,157,Basarios Leggings S,leggings,6,vallode,6,,,,N,,,,,,,,,,,,,,,,,,,,,,,,,
0,legs,158,Diablo Greaves S,leggings,6,vallode,6,,,,N,,,,,,,,,,,,,,,,,,,,,,,,,
0,legs,159,Diablo Leggings S,leggings,6,vallode,6,,,,N,,,,,,,,,,,,,,,,,,,,,,,,,
0,legs,160,Monoblos Greaves S,leggings,6,vallode,6,,,,N,,,,,,,,,,,,,,,,,,,,,,,,,
0,legs,161,Monoblos Leggings S,leggings,6,vallode,6,,,,N,,,,,,,,,,,,,,,,,,,,,,,,,
0,legs,162,Gravios Greaves S,leggings,6,vallode,6,,,,N,,,,,,,,,,,,,,,,,,,,,,,,,
0,legs,163,Gravios Leggings S,leggings,6,vallode,6,,,,N,,,,,,,,,,,,,,,,,,,,,,,,,
0,legs,164,ShinobiBoots(Heaven),leggings,8,guide,8,8,8,,N,,,,,,,,,,,,,,,,,,,,,,,,,
0,legs,165,Shinobi Boots(Earth),leggings,8,guide,8,8,,,N,,,,,,,,,,,,,,,,,,,,,,,,,
0,legs,166,Red GuildGuard Boots,leggings,8,guide,8,8,,,N,,,,,,,,,,,,,,,,,,,,,,,,,
0,legs,167,RedGuildGuard Tights,leggings,8,guide,8,8,,,N,,,,,,,,,,,,,,,,,,,,,,,,,
0,legs,168,Red GuildGuard Boots,leggings,8,guide,8,8,,,N,,,,,,,,,,,,,,,,,,,,,,,,,
0,legs,169,RedGuildGuard Tights,leggings,8,guide,8,8,,,N,,,,,,,,,,,,,,,,,,,,,,,,,
0,legs,170,Auroros Pants Haku,leggings,8,guide,8,8,,,N,,,,,,,,,,,,,,,,,,,,,,,,,
0,legs,171,Genesis Pants Haku,leggings,8,guide,8,8,,,N,,,,,,,,,,,,,,,,,,,,,,,,,
0,legs,172,Borealis Pants Haku,leggings,8,guide,8,8,,,N,,,,,,,,,,,,,,,,,,,,,,,,,
0,legs,173,Glyph Pants Haku,leggings,8,guide,8,8,,,N,,,,,,,,,,,,,,,,,,,,,,,,,
0,legs,174,Dragonfeet S,leggings,8,guide,8,8,,,N,,,,,,,,,,,,,,,,,,,,,,,,,
0,legs,175,Dragonlegs S,leggings,8,guide,8,8,,,N,,,,,,,,,,,,,,,,,,,,,,,,,
0,legs,176,Hermitaur Greaves,leggings,3,vallode,3,,,,N,,,,,,,,,,,,,,,,,,,,,,,,,
0,legs,177,Hermitaur Leggings,leggings,3,vallode,3,,,,N,,,,,,,,,,,,,,,,,,,,,,,,,
0,legs,178,Hermitaur Greaves U,leggings,7,guide,7,7,,,N,,,,,,,,,,,,,,,,,,,,,,,,,
0,legs,179,Hermitaur Leggings U,leggings,7,guide,7,7,,,N,,,,,,,,,,,,,,,,,,,,,,,,,
0,legs,180,Hermitaur Greaves S,leggings,6,vallode,6,,,,N,,,,,,,,,,,,,,,,,,,,,,,,,
0,legs,181,Hermitaur Leggings S,leggings,6,vallode,6,,,,N,,,,,,,,,,,,,,,,,,,,,,,,,
0,legs,182,Conga Greaves,leggings,3,vallode,3,,,,N,,,,,,,,,,,,,,,,,,,,,,,,,
0,legs,183,Conga Leggings,leggings,3,vallode,3,,,,N,,,,,,,,,,,,,,,,,,,,,,,,,
0,legs,184,Conga Greaves U,leggings,7,guide,7,7,,,N,,,,,,,,,,,,,,,,,,,,,,,,,
0,legs,185,Conga Leggings U,leggings,7,guide,7,7,,,N,,,,,,,,,,,,,,,,,,,,,,,,,
0,legs,186,Conga Greaves S,leggings,6,guide,6,6,,,N,,,,,,,,,,,,,,,,,,,,,,,,,
0,legs,187,Conga Leggings S,leggings,6,guide,6,6,,,N,,,,,,,,,,,,,,,,,,,,,,,,,
0,legs,188,Blango Greaves,leggings,4,guide,4,4,,,N,,,,,,,,,,,,,,,,,,,,,,,,,
0,legs,189,Blango Leggings,leggings,4,guide,4,4,,,N,,,,,,,,,,,,,,,,,,,,,,,,,
0,legs,190,Blango Greaves U,leggings,7,vallode,7,,,,N,,,,,,,,,,,,,,,,,,,,,,,,,
0,legs,191,Blango Leggings U,leggings,7,vallode,7,,,,N,,,,,,,,,,,,,,,,,,,,,,,,,
0,legs,192,Blango Greaves S,leggings,6,vallode,6,,,,N,,,,,,,,,,,,,,,,,,,,,,,,,
0,legs,193,Blango Leggings S,leggings,6,vallode,6,,,,N,,,,,,,,,,,,,,,,,,,,,,,,,
0,legs,194,Ceanataur Greaves,leggings,4,guide,4,4,4,,N,,,,,,,,,,,,,,,,,,,,,,,,,
0,legs,195,Ceanataur Leggings,leggings,4,guide,4,4,,,N,,,,,,,,,,,,,,,,,,,,,,,,,
0,legs,196,Ceanataur Greaves U,leggings,7,vallode,7,,,,N,,,,,,,,,,,,,,,,,,,,,,,,,
0,legs,197,Ceanataur Leggings U,leggings,7,vallode,7,,,,N,,,,,,,,,,,,,,,,,,,,,,,,,
0,legs,198,Ceanataur Greaves S,leggings,6,vallode,6,,6,,N,,,,,,,,,,,,,,,,,,,,,,,,,
0,legs,199,Ceanataur Leggings S,leggings,6,vallode,6,,,,N,,,,,,,,,,,,,,,,,,,,,,,,,
0,legs,200,Kirin Leg Guards,leggings,5,vallode,5,,,,N,,,,,,,,,,,,,,,,,,,,,,,,,
0,legs,201,Kirin Boots,leggings,5,vallode,5,,,,N,,,,,,,,,,,,,,,,,,,,,,,,,
0,legs,202,Kirin Leg Guards S,leggings,8,guide,8,8,,,N,,,,,,,,,,,,,,,,,,,,,,,,,
0,legs,203,Kirin Boots S,leggings,8,guide,8,8,,,N,,,,,,,,,,,,,,,,,,,,,,,,,
0,legs,204,Kushala Crus,leggings,5,vallode,5,,,,N,,,,,,,,,,,,,,,,,,,,,,,,,
0,legs,205,Kushala Shank,leggings,5,vallode,5,,,,N,,,,,,,,,,,,,,,,,,,,,,,,,
0,legs,206,Mizuha Leg Wrap,leggings,5,guide,5,5,,,N,,,,,,,,,,,,,,,,,,,,,,,,,
0,legs,207,Extravagant Trousers,leggings,5,guide,5,5,,,N,,,,,,,,,,,,,,,,,,,,,,,,,
0,legs,208,Empress Greaves,leggings,5,vallode,5,,,,N,,,,,,,,,,,,,,,,,,,,,,,,,
0,legs,209,Empress Leggings,leggings,5,vallode,5,,,,N,,,,,,,,,,,,,,,,,,,,,,,,,
0,legs,210,Indra Leggings,leggings,5,vallode,5,,,,N,,,,,,,,,,,,,,,,,,,,,,,,,
0,legs,211,Steadfast Boots,leggings,5,vallode,5,,,,N,,,,,,,,,,,,,,,,,,,,,,,,,
0,legs,212,Kaiser Greaves,leggings,5,vallode,5,,,,N,,,,,,,,,,,,,,,,,,,,,,,,,
0,legs,213,Kaiser Leggings,leggings,5,vallode,5,,,,N,,,,,,,,,,,,,,,,,,,,,,,,,
0,legs,214,GuardianSpirit Boots,leggings,5,vallode,5,,,,N,,,,,,,,,,,,,,,,,,,,,,,,,
0,legs,215,Carnage Boots,leggings,5,vallode,5,,,,N,,,,,,,,,,,,,,,,,,,,,,,,,
0,legs,216,Golden Hakama,leggings,8,guide,8,8,8,,N,,,,,,,,,,,,,,,,,,,,,,,,,
0,legs,217,Puppet Master Socks,leggings,8,guide,8,8,,,N,,,,,,,,,,,,,,,,,,,,,,,,,
0,legs,218,White Fatalis Feet,leggings,8,guide,8,8,,,N,,,,,,,,,,,,,,,,,,,,,,,,,
0,legs,219,White Fatalis Legs,leggings,8,guide,8,8,,,N,,,,,,,,,,,,,,,,,,,,,,,,,
0,legs,220,Black Belt Greaves S,leggings,8,guide,8,8,,,N,,,,,,,,,,,,,,,,,,,,,,,,,
0,legs,221,Giaprey Feet,leggings,5,guide,5,5,,,N,,,,,,,,,,,,,,,,,,,,,,,,,
0,legs,222,Remobra Feet,leggings,5,guide,5,5,5,,N,,,,,,,,,,,,,,,,,,,,,,,,,
0,legs,223,Guild Knight Boots,leggings,5,guide,5,5,5,,N,,,,,,,,,,,,,,,,,,,,,,,,,
0,legs,224,Guild Knight Tights,leggings,5,guide,5,5,,,N,,,,,,,,,,,,,,,,,,,,,,,,,
0,legs,225,Maiden's Stockings,leggings,5,guide,5,5,,,N,,,,,,,,,,,,,,,,,,,,,,,,,
0,legs,226,Personal Tights,leggings,5,guide,5,5,,,N,,,,,,,,,,,,,,,,,,,,,,,,,
0,legs,227,BlueGuildGuard Boots,leggings,8,guide,8,8,,,N,,,,,,,,,,,,,,,,,,,,,,,,,
0,legs,228,BlueGuildGuardTights,leggings,8,guide,8,8,,,N,,,,,,,,,,,,,,,,,,,,,,,,,
0,legs,229,BlueGuildGuard Boots,leggings,8,guide,8,8,,,N,,,,,,,,,,,,,,,,,,,,,,,,,
0,legs,230,BlueGuildGuardTights,leggings,8,guide,8,8,,,N,,,,,,,,,,,,,,,,,,,,,,,,,
0,legs,231,Lobster Greaves,leggings,3,vallode,3,,,,N,,,,,,,,,,,,,,,,,,,,,,,,,
0,legs,232,Lobster Leggings,leggings,3,vallode,3,,,,N,,,,,,,,,,,,,,,,,,,,,,,,,
0,legs,233,Red Lobster Greaves,legs,5,daigo,,,5,,N,,,,,,,,,,,,,,,,,,,,,,,,,dummy
0,legs,234,RedLobster Leggings,legs,5,inferred: BM/gunner pair id-1 (180/180 validated),,,,,N,,,,,,,,,,,,,,,,,,,,,,,,,dummy
0,legs,235,Mafumofu Boots,leggings,1,vallode,1,,4,,N,,,,,,,,,,,,,,,,,,,,,,,,,
0,legs,236,Mafumofu Boots S,leggings,6,guide,6,6,,,N,,,,,,,,,,,,,,,,,,,,,,,,,
0,legs,237,Giaprey Greaves,leggings,2,vallode,2,,,,N,,,,,,,,,,,,,,,,,,,,,,,,,
0,legs,238,Giaprey Leggings,leggings,2,vallode,2,,,,N,,,,,,,,,,,,,,,,,,,,,,,,,
0,legs,239,Melahoa Roots,leggings,5,guide,5,5,,,N,,,,,,,,,,,,,,,,,,,,,,,,,
0,legs,240,Melahoa Taproot,leggings,5,guide,5,5,,,N,,,,,,,,,,,,,,,,,,,,,,,,,
0,legs,241,Melahoa Roots U,leggings,8,guide,8,8,,,N,,,,,,,,,,,,,,,,,,,,,,,,,
0,legs,242,Melahoa Taproot U,leggings,8,guide,8,8,,,N,,,,,,,,,,,,,,,,,,,,,,,,,
0,legs,243,Makluva Pants,leggings,5,guide,5,5,,,N,,,,,,,,,,,,,,,,,,,,,,,,,
0,legs,244,Makluva Leggings,leggings,5,guide,5,5,,,N,,,,,,,,,,,,,,,,,,,,,,,,,
0,legs,245,Makluva Pants U,leggings,8,guide,8,8,,,N,,,,,,,,,,,,,,,,,,,,,,,,,
0,legs,246,Makluva Leggings U,leggings,8,guide,8,8,,,N,,,,,,,,,,,,,,,,,,,,,,,,,
0,legs,247,Kut-Ku Greaves,leggings,3,vallode,3,,,,N,,,,,,,,,,,,,,,,,,,,,,,,,
0,legs,248,Kut-Ku Leggings,leggings,3,vallode,3,,,,N,,,,,,,,,,,,,,,,,,,,,,,,,
0,legs,249,Kut-Ku Greaves D,leggings,3,vallode,3,,,,N,,,,,,,,,,,,,,,,,,,,,,,,,
0,legs,250,Kut-Ku Leggings D,leggings,3,vallode,3,,4,,N,,,,,,,,,,,,,,,,,,,,,,,,,
0,legs,251,Kut-Ku Greaves U,leggings,7,guide,7,7,,,N,,,,,,,,,,,,,,,,,,,,,,,,,
0,legs,252,Kut-Ku Leggings U,leggings,7,guide,7,7,7,,N,,,,,,,,,,,,,,,,,,,,,,,,,
0,legs,253,Gypceros Greaves D,leggings,3,vallode,3,,,,N,,,,,,,,,,,,,,,,,,,,,,,,,
0,legs,254,Gypceros Leggings D,leggings,3,vallode,3,,,,N,,,,,,,,,,,,,,,,,,,,,,,,,
0,legs,255,Plesioth Greaves D,leggings,3,vallode,3,,,,N,,,,,,,,,,,,,,,,,,,,,,,,,
0,legs,256,Plesioth Leggings D,leggings,3,vallode,3,,,,N,,,,,,,,,,,,,,,,,,,,,,,,,
0,legs,257,Khezu Greaves D,leggings,3,vallode,3,,,,N,,,,,,,,,,,,,,,,,,,,,,,,,
0,legs,258,Khezu Leggings D,leggings,3,vallode,3,,,,N,,,,,,,,,,,,,,,,,,,,,,,,,
0,legs,259,Obituary Gamba,leggings,5,guide,2,5,,,N,,,,,,,,,,,,,,,,,,,,,,,,,
0,legs,260,Obituary Femur,leggings,5,guide,2,5,,,N,,,,,,,,,,,,,,,,,,,,,,,,,
0,legs,261,Butterfly Gamba,leggings,5,guide,2,5,,,N,,,,,,,,,,,,,,,,,,,,,,,,,
0,legs,262,Butterfly Femur,leggings,5,guide,2,5,,,N,,,,,,,,,,,,,,,,,,,,,,,,,
0,legs,263,Obituary Gamba S,leggings,8,guide,8,8,,,N,,,,,,,,,,,,,,,,,,,,,,,,,
0,legs,264,Obituary Femur S,leggings,8,guide,8,8,,,N,,,,,,,,,,,,,,,,,,,,,,,,,
0,legs,265,Butterfly Gamba S,leggings,8,guide,8,8,,,N,,,,,,,,,,,,,,,,,,,,,,,,,
0,legs,266,Butterfly Femur S,leggings,8,guide,8,8,,,N,,,,,,,,,,,,,,,,,,,,,,,,,
0,legs,267,Kushala Crus S,leggings,8,guide,8,8,,,N,,,,,,,,,,,,,,,,,,,,,,,,,
0,legs,268,Kushala Shank S,leggings,8,guide,8,8,,,N,,,,,,,,,,,,,,,,,,,,,,,,,
0,legs,269,Tigrex Greaves,leggings,4,guide,4,4,,,N,,,,,,,,,,,,,,,,,,,,,,,,,
0,legs,270,Tigrex Leggings,leggings,4,guide,4,4,,,N,,,,,,,,,,,,,,,,,,,,,,,,,
0,legs,271,Tigrex Greaves S,leggings,6,vallode,6,,,,N,,,,,,,,,,,,,,,,,,,,,,,,,
0,legs,272,Tigrex Leggings S,leggings,6,vallode,6,,,,N,,,,,,,,,,,,,,,,,,,,,,,,,
0,legs,273,Death Stench Heel,leggings,5,guide,5,5,,,N,,,,,,,,,,,,,,,,,,,,,,,,,
0,legs,274,Death Stench March,leggings,5,guide,5,5,,,N,,,,,,,,,,,,,,,,,,,,,,,,,
0,legs,275,Death Stench Heel S,leggings,8,guide,8,8,,,N,,,,,,,,,,,,,,,,,,,,,,,,,
0,legs,276,Death Stench March S,leggings,8,guide,8,8,,,N,,,,,,,,,,,,,,,,,,,,,,,,,
0,legs,277,Diablo Greaves D,leggings,4,guide,4,4,,,N,,,,,,,,,,,,,,,,,,,,,,,,,
0,legs,278,Diablo Leggings D,leggings,4,guide,4,4,,,N,,,,,,,,,,,,,,,,,,,,,,,,,
0,legs,279,Gravios Greaves D,leggings,4,guide,4,4,,,N,,,,,,,,,,,,,,,,,,,,,,,,,
0,legs,280,Gravios Leggings D,leggings,4,guide,4,4,,,N,,,,,,,,,,,,,,,,,,,,,,,,,
0,legs,281,SupremeMizuhaLegWrap,leggings,8,guide,8,8,,,N,,,,,,,,,,,,,,,,,,,,,,,,,
0,legs,282,SprmExtrvgntTrousers,leggings,8,guide,8,8,,,N,,,,,,,,,,,,,,,,,,,,,,,,,
0,legs,283,Kaiser Greaves S,leggings,8,guide,8,8,,,N,,,,,,,,,,,,,,,,,,,,,,,,,
0,legs,284,Kaiser Leggings S,leggings,8,guide,8,8,,,N,,,,,,,,,,,,,,,,,,,,,,,,,
0,legs,285,RathianHeartGreavesU,leggings,8,guide,8,8,,,N,,,,,,,,,,,,,,,,,,,,,,,,,
0,legs,286,RthianHeartLeggingsU,leggings,8,guide,8,8,,,N,,,,,,,,,,,,,,,,,,,,,,,,,
0,legs,287,RathalosSoulGreavesU,leggings,8,guide,8,8,,,N,,,,,,,,,,,,,,,,,,,,,,,,,
0,legs,288,RthalosSoulLeggingsU,leggings,8,guide,8,8,,,N,,,,,,,,,,,,,,,,,,,,,,,,,
0,legs,289,UltimateIndraLggings,leggings,8,guide,8,8,,,N,,,,,,,,,,,,,,,,,,,,,,,,,
0,legs,290,SupremSteadfastBoots,leggings,8,guide,8,8,,,N,,,,,,,,,,,,,,,,,,,,,,,,,
0,legs,291,Dark Akantor Hessian,leggings,8,guide,8,8,8,,N,,,,,,,,,,,,,,,,,,,,,,,,,
0,legs,292,Dark Akantor Boots,leggings,8,guide,8,8,,,N,,,,,,,,,,,,,,,,,,,,,,,,,
0,legs,293,Devil Blos Greaves,legs,8,daigo,,,8,,N,,,,,,,,,,,,,,,,,,,,,,,,,dummy
0,legs,294,Devil Blos Leggings,legs,8,inferred: BM/gunner pair id-1 (180/180 validated),,,,,N,,,,,,,,,,,,,,,,,,,,,,,,,dummy
0,legs,295,Jolly Roger Pants,legs,8,daigo,,,8,,N,,,,,,,,,,,,,,,,,,,,,,,,,dummy
0,legs,296,Jolly Roger Skirt,legs,8,inferred: BM/gunner pair id-1 (180/180 validated),,,,,N,,,,,,,,,,,,,,,,,,,,,,,,,dummy
0,legs,297,Famitsu Cloth Wrap,legs,5,daigo,,,5,,N,,,,,,,,,,,,,,,,,,,,,,,,,dummy
0,legs,298,Famitsu Cloth Wrap S,legs,8,in-game (user-confirmed),,,,,N,,,,,,,,,,,,,,,,,,,,,,,,,dummy
0,legs,299,Famitsu Pants,legs,5,"inferred: BM/gunner pair, Famitsu +2 (Cloth Wrap 297)",,,,,N,,,,,,,,,,,,,,,,,,,,,,,,,dummy
0,legs,300,Famitsu Pants S,legs,8,"inferred: BM/gunner pair, Famitsu +2 (Cloth Wrap S 298)",,,,,N,,,,,,,,,,,,,,,,,,,,,,,,,dummy
0,legs,301,Hypno Greaves X,legs,9,guide,,9,,,Y,,,,,,,,,,,,,,,,,,,,,,,,,
0,legs,302,Hypno Leggings X,legs,9,guide,,9,,,Y,,,,,,,,,,,,,,,,,,,,,,,,,
0,legs,303,Lava Greaves X,legs,9,guide,,9,,,Y,,,,,,,,,,,,,,,,,,,,,,,,,
0,legs,304,Lava Leggings X,legs,9,guide,,9,,,Y,,,,,,,,,,,,,,,,,,,,,,,,,
0,legs,305,Garuga Greaves X,leggings,9,guide,9,9,,,Y,,,,,,,,,,,,,,,,,,,,,,,,,
0,legs,306,Garuga Leggings X,leggings,9,guide,9,9,,,Y,,,,,,,,,,,,,,,,,,,,,,,,,
0,legs,307,Kut-Ku Greaves Z,leggings,9,guide,9,9,,,Y,,,,,,,,,,,,,,,,,,,,,,,,,
0,legs,308,Kut-Ku Leggings Z,leggings,9,guide,9,9,,,Y,,,,,,,,,,,,,,,,,,,,,,,,,
0,legs,309,Gypceros Greaves Z,leggings,9,guide,9,9,,,Y,,,,,,,,,,,,,,,,,,,,,,,,,
0,legs,310,Gypceros Leggings Z,leggings,9,guide,9,9,,,Y,,,,,,,,,,,,,,,,,,,,,,,,,
0,legs,311,Khezu Greaves Z,leggings,9,guide,9,9,,,Y,,,,,,,,,,,,,,,,,,,,,,,,,
0,legs,312,Khezu Leggings Z,leggings,9,guide,9,9,,,Y,,,,,,,,,,,,,,,,,,,,,,,,,
0,legs,313,Basarios Greaves X,leggings,9,guide,9,9,,,Y,,,,,,,,,,,,,,,,,,,,,,,,,
0,legs,314,Basarios Leggings X,leggings,9,guide,9,9,,,Y,,,,,,,,,,,,,,,,,,,,,,,,,
0,legs,315,Plesioth Greaves Z,leggings,9,guide,9,9,,,Y,,,,,,,,,,,,,,,,,,,,,,,,,
0,legs,316,Plesioth Leggings Z,leggings,9,guide,9,9,,,Y,,,,,,,,,,,,,,,,,,,,,,,,,
0,legs,317,Hermitaur Greaves Z,leggings,9,guide,9,9,,,Y,,,,,,,,,,,,,,,,,,,,,,,,,
0,legs,318,Hermitaur Leggings Z,leggings,9,guide,9,9,,,Y,,,,,,,,,,,,,,,,,,,,,,,,,
0,legs,319,Conga Greaves Z,leggings,9,guide,9,9,,,Y,,,,,,,,,,,,,,,,,,,,,,,,,
0,legs,320,Conga Leggings Z,leggings,9,guide,9,9,,,Y,,,,,,,,,,,,,,,,,,,,,,,,,
0,legs,321,RathianHeartGreavesZ,leggings,10,guide,10,10,,,Y,,,,,,,,,,,,,,,,,,,,,,,,,
0,legs,322,RathHeartLeggingsZ,legs,10,guide,,10,,,Y,,,,,,,,,,,,,,,,,,,,,,,,,
0,legs,323,RathalosSoulGreavesZ,leggings,10,guide,10,10,10,,Y,,,,,,,,,,,,,,,,,,,,,,,,,
0,legs,324,RathSoulLeggingsZ,legs,10,guide,,10,10,,Y,,,,,,,,,,,,,,,,,,,,,,,,,
0,legs,325,Ceanataur Greaves Z,leggings,9,guide,9,9,9,,Y,,,,,,,,,,,,,,,,,,,,,,,,,
0,legs,326,Ceanataur Leggings Z,leggings,9,guide,9,9,,,Y,,,,,,,,,,,,,,,,,,,,,,,,,
0,legs,327,Blango Greaves Z,leggings,9,guide,9,9,,,Y,,,,,,,,,,,,,,,,,,,,,,,,,
0,legs,328,Blango Leggings Z,leggings,9,guide,9,9,,,Y,,,,,,,,,,,,,,,,,,,,,,,,,
0,legs,329,Auroros Pants Goku,legs,10,guide,,10,,,Y,,,,,,,,,,,,,,,,,,,,,,,,,
0,legs,330,Genesis Pants Goku,legs,10,guide,,10,,,Y,,,,,,,,,,,,,,,,,,,,,,,,,
0,legs,331,Borealis Pants Goku,legs,10,guide,,10,,,Y,,,,,,,,,,,,,,,,,,,,,,,,,
0,legs,332,Glyph Pants Goku,legs,10,guide,,10,,,Y,,,,,,,,,,,,,,,,,,,,,,,,,
0,legs,333,GoldenMoonGreavesZ,leggings,10,guide,10,10,,,Y,,,,,,,,,,,,,,,,,,,,,,,,,
0,legs,334,GoldenMoonLeggingsZ,legs,10,guide,,10,,,Y,,,,,,,,,,,,,,,,,,,,,,,,,
0,legs,335,Silver Sol Greaves Z,leggings,10,guide,10,10,10,,Y,,,,,,,,,,,,,,,,,,,,,,,,,
0,legs,336,SilverSolLeggingsZ,leggings,10,guide,10,10,10,,Y,,,,,,,,,,,,,,,,,,,,,,,,,
0,legs,337,Diablo Greaves Z,leggings,9,guide,9,9,9,,Y,,,,,,,,,,,,,,,,,,,,,,,,,
0,legs,338,Diablo Leggings Z,leggings,9,guide,9,9,,,Y,,,,,,,,,,,,,,,,,,,,,,,,,
0,legs,339,Gravios Greaves Z,leggings,9,guide,9,9,,,Y,,,,,,,,,,,,,,,,,,,,,,,,,
0,legs,340,Gravios Leggings Z,leggings,9,guide,9,9,,,Y,,,,,,,,,,,,,,,,,,,,,,,,,
0,legs,341,Tigrex Greaves X,leggings,9,guide,9,9,,,Y,,,,,,,,,,,,,,,,,,,,,,,,,
0,legs,342,Tigrex Leggings X,leggings,9,guide,9,9,,,Y,,,,,,,,,,,,,,,,,,,,,,,,,
0,legs,343,Indra Leggings Shin,legs,10,guide,,10,10,,Y,,,,,,,,,,,,,,,,,,,,,,,,,
0,legs,344,Steadfast Boots Shin,legs,10,guide,,10,10,,Y,,,,,,,,,,,,,,,,,,,,,,,,,
0,legs,345,Golden Hakama Shin,legs,10,guide,,10,10,,Y,,,,,,,,,,,,,,,,,,,,,,,,,
0,legs,346,PuppetMastrSocksShin,legs,10,guide,,10,,,Y,,,,,,,,,,,,,,,,,,,,,,,,,
0,legs,347,Kirin Leg Guards X,leggings,10,guide,10,10,,,Y,,,,,,,,,,,,,,,,,,,,,,,,,
0,legs,348,Kirin Boots X,leggings,10,guide,10,10,,,Y,,,,,,,,,,,,,,,,,,,,,,,,,
0,legs,349,Kushala Crus X,leggings,10,guide,10,10,,,Y,,,,,,,,,,,,,,,,,,,,,,,,,
0,legs,350,Kushala Shank X,leggings,10,guide,10,10,4,,Y,,,,,,,,,,,,,,,,,,,,,,,,,
0,legs,351,Mizuha Leg Wrap Shin,legs,10,guide,,10,10,,Y,,,,,,,,,,,,,,,,,,,,,,,,,
0,legs,352,ExtravgntTrousrsShin,legs,10,guide,,10,,,Y,,,,,,,,,,,,,,,,,,,,,,,,,
0,legs,353,Kaiser Greaves X,leggings,10,guide,10,10,,,Y,,,,,,,,,,,,,,,,,,,,,,,,,
0,legs,354,Kaiser Leggings X,leggings,10,guide,10,10,10,,Y,,,,,,,,,,,,,,,,,,,,,,,,,
0,legs,355,GuardianSprtBtsShin,legs,10,guide,,10,10,,Y,,,,,,,,,,,,,,,,,,,,,,,,,
0,legs,356,Carnage Boots Shin,legs,10,guide,,10,,,Y,,,,,,,,,,,,,,,,,,,,,,,,,
0,legs,357,Fatalis Feet Z,leggings,10,guide,10,10,10,,Y,,,,,,,,,,,,,,,,,,,,,,,,,
0,legs,358,Fatalis Legs Z,leggings,10,guide,10,10,,,Y,,,,,,,,,,,,,,,,,,,,,,,,,
0,legs,359,White Fatalis Feet Z,legs,10,guide,,10,10,,Y,,,,,,,,,,,,,,,,,,,,,,,,,
0,legs,360,White Fatalis Legs Z,legs,10,guide,,10,,,Y,,,,,,,,,,,,,,,,,,,,,,,,,
0,legs,361,Black Belt Greaves X,leggings,10,guide,10,10,,,Y,,,,,,,,,,,,,,,,,,,,,,,,,
0,legs,362,BlackBeltLeggingsX,leggings,10,guide,10,10,,,Y,,,,,,,,,,,,,,,,,,,,,,,,,
0,legs,363,Melahoa Roots Z,leggings,10,guide,10,10,,,Y,,,,,,,,,,,,,,,,,,,,,,,,,
0,legs,364,Melahoa Taproot Z,leggings,10,guide,10,10,,,Y,,,,,,,,,,,,,,,,,,,,,,,,,
0,legs,365,Makluva Pants Z,leggings,10,guide,10,10,10,,Y,,,,,,,,,,,,,,,,,,,,,,,,,
0,legs,366,Makluva Leggings Z,leggings,10,guide,10,10,10,,Y,,,,,,,,,,,,,,,,,,,,,,,,,
0,legs,367,Chakra Anklet,leggings,10,vallode,10,,10,,Y,,,,,,,,,,,,,,,,,,,,,,,,,
0,legs,368,Hypno Greaves S,legs,,,,,,,,,,,,,,,,,,,,,,,,,,,,,,,,
0,legs,369,Hypno Leggings S,legs,,,,,,,,,,,,,,,,,,,,,,,,,,,,,,,,
0,legs,370,Garuga Greaves S,leggings,6,vallode,6,,,,N,,,,,,,,,,,,,,,,,,,,,,,,,
0,legs,371,Garuga Leggings S,leggings,6,vallode,6,,,,N,,,,,,,,,,,,,,,,,,,,,,,,,
0,legs,372,Narga Greaves S,legs,,,,,,,,,,,,,,,,,,,,,,,,,,,,,,,,
0,legs,373,Narga Leggings S,legs,6,daigo,,,6,,N,,,,,,,,,,,,,,,,,,,,,,,,,
0,legs,374,Monodevil Greaves U,leggings,8,guide,8,8,,,N,,,,,,,,,,,,,,,,,,,,,,,,,
0,legs,375,Monodevil Leggings U,leggings,8,guide,8,8,,,N,,,,,,,,,,,,,,,,,,,,,,,,,
0,legs,376,Kut-Ku Greaves X,leggings,9,guide,9,9,,,Y,,,,,,,,,,,,,,,,,,,,,,,,,
0,legs,377,Kut-Ku Leggings X,leggings,9,guide,9,9,,,Y,,,,,,,,,,,,,,,,,,,,,,,,,
0,legs,378,Conga Greaves X,leggings,9,guide,9,9,,,Y,,,,,,,,,,,,,,,,,,,,,,,,,
0,legs,379,Conga Leggings X,leggings,9,guide,9,9,,,Y,,,,,,,,,,,,,,,,,,,,,,,,,
0,legs,380,Gypceros Greaves X,leggings,9,guide,9,9,9,,Y,,,,,,,,,,,,,,,,,,,,,,,,,
0,legs,381,Gypceros Leggings X,leggings,9,guide,9,9,,,Y,,,,,,,,,,,,,,,,,,,,,,,,,
0,legs,382,Khezu Greaves X,leggings,9,guide,9,9,,,Y,,,,,,,,,,,,,,,,,,,,,,,,,
0,legs,383,Khezu Leggings X,leggings,9,guide,9,9,,,Y,,,,,,,,,,,,,,,,,,,,,,,,,
0,legs,384,Hermitaur Greaves X,leggings,9,guide,9,9,,,Y,,,,,,,,,,,,,,,,,,,,,,,,,
0,legs,385,Hermitaur Leggings X,leggings,9,guide,9,9,,,Y,,,,,,,,,,,,,,,,,,,,,,,,,
0,legs,386,Plesioth Greaves X,leggings,9,guide,9,9,,,Y,,,,,,,,,,,,,,,,,,,,,,,,,
0,legs,387,Plesioth Leggings X,leggings,9,guide,9,9,,,Y,,,,,,,,,,,,,,,,,,,,,,,,,
0,legs,388,Obituary Gamba X,leggings,10,guide,10,10,,,Y,,,,,,,,,,,,,,,,,,,,,,,,,
0,legs,389,Obituary Femur X,leggings,10,guide,10,10,,,Y,,,,,,,,,,,,,,,,,,,,,,,,,
0,legs,390,Butterfly Gamba X,leggings,10,guide,10,10,,,Y,,,,,,,,,,,,,,,,,,,,,,,,,
0,legs,391,Butterfly Femur X,leggings,10,guide,10,10,,,Y,,,,,,,,,,,,,,,,,,,,,,,,,
0,legs,392,Blango Greaves X,leggings,9,guide,9,9,,,Y,,,,,,,,,,,,,,,,,,,,,,,,,
0,legs,393,Blango Leggings X,leggings,9,guide,9,9,,,Y,,,,,,,,,,,,,,,,,,,,,,,,,
0,legs,394,Monoblos Greaves X,leggings,9,guide,9,9,9,,Y,,,,,,,,,,,,,,,,,,,,,,,,,
0,legs,395,Monoblos Leggings X,leggings,9,guide,9,9,,,Y,,,,,,,,,,,,,,,,,,,,,,,,,
0,legs,396,Ceanataur Greaves X,leggings,9,guide,9,9,9,,Y,,,,,,,,,,,,,,,,,,,,,,,,,
0,legs,397,Ceanataur Leggings X,leggings,9,guide,9,9,,,Y,,,,,,,,,,,,,,,,,,,,,,,,,
0,legs,398,Rathian Greaves X,leggings,9,guide,9,9,,,Y,,,,,,,,,,,,,,,,,,,,,,,,,
0,legs,399,Rathian Leggings X,leggings,9,guide,9,9,,,Y,,,,,,,,,,,,,,,,,,,,,,,,,
0,legs,400,Rathalos Greaves X,leggings,9,vallode,9,,9,,Y,,,,,,,,,,,,,,,,,,,,,,,,,
0,legs,401,Rathalos Leggings X,leggings,9,vallode,9,,9,,Y,,,,,,,,,,,,,,,,,,,,,,,,,
0,legs,402,Narga Greaves X,legs,9,guide,,9,9,,Y,,,,,,,,,,,,,,,,,,,,,,,,,
0,legs,403,Narga Leggings X,legs,9,guide,,9,,,Y,,,,,,,,,,,,,,,,,,,,,,,,,
0,legs,404,Diablo Greaves X,leggings,9,vallode,9,,9,,Y,,,,,,,,,,,,,,,,,,,,,,,,,
0,legs,405,Diablo Leggings X,leggings,9,vallode,9,,9,,Y,,,,,,,,,,,,,,,,,,,,,,,,,
0,legs,406,Gravios Greaves X,leggings,9,vallode,9,,,,Y,,,,,,,,,,,,,,,,,,,,,,,,,
0,legs,407,Gravios Leggings X,leggings,9,vallode,9,,,,Y,,,,,,,,,,,,,,,,,,,,,,,,,
0,legs,408,Empress Greaves X,leggings,10,guide,10,10,,,Y,,,,,,,,,,,,,,,,,,,,,,,,,
0,legs,409,Empress Leggings X,leggings,10,guide,10,10,,,Y,,,,,,,,,,,,,,,,,,,,,,,,,
0,legs,410,Dragonfeet X,leggings,10,guide,10,10,,,Y,,,,,,,,,,,,,,,,,,,,,,,,,
0,legs,411,Dragonlegs X,leggings,10,guide,10,10,,,Y,,,,,,,,,,,,,,,,,,,,,,,,,
0,legs,412,Dark Ukanlos Hessian,legs,10,guide,,10,,,Y,,,,,,,,,,,,,,,,,,,,,,,,,
0,legs,413,Dark Ukanlos Boots,legs,10,guide,,10,,,Y,,,,,,,,,,,,,,,,,,,,,,,,,
0,legs,414,Famitsu Cloth Wrap X,legs,10,daigo,,,10,,Y,,,,,,,,,,,,,,,,,,,,,,,,,dummy
0,legs,415,Famitsu Pants X,legs,10,inferred: BM/gunner pair id-1 (180/180 validated),,,,,Y,,,,,,,,,,,,,,,,,,,,,,,,,dummy
0,legs,416,Hypno Greaves,legs,5,guide,,5,,,N,,,,,,,,,,,,,,,,,,,,,,,,,
0,legs,417,Hypno Leggings,legs,5,guide,,5,,,N,,,,,,,,,,,,,,,,,,,,,,,,,
0,legs,418,Lava Greaves,legs,5,guide,,5,,,N,,,,,,,,,,,,,,,,,,,,,,,,,
0,legs,419,Lava Leggings,legs,5,guide,,5,,,N,,,,,,,,,,,,,,,,,,,,,,,,,
